observation_id,date,action,datetime,interval_start,interval_end,survey_id,reason,evidence
H-2014-2016-r3446,2014-10-18,point,2014-10-18T14:29:00Z,,,H20141018-1600-1700,Explicit source observation clock retained and linked to the matching existing hourly survey; received hourly link conflicts with the source clock.,entry_errors-before.csv outside_survey; original count comment
H-2014-2016-r4612,2014-11-03,interval,,2014-11-03T10:15:00Z,2014-11-03T10:45:00Z,H20141103-1100-1200,Explicit source interval de 11h15 à 11h45 retained and linked to the matching existing survey.,Original comment: de 11h15 à 11h45
H-2014-2016-r4940,2014-11-13,point,2014-11-13T10:31:00Z,,,H20141113-1100-1200,Explicit source observation clock retained and linked to the matching existing hourly survey; received hourly link conflicts with the source clock.,entry_errors-before.csv outside_survey; original count comment
H-2014-2016-r5686,2015-08-31,point,2015-08-31T14:10:00Z,,,H20150831-1600-1700,Explicit source observation clock retained and linked to the matching existing hourly survey; received hourly link conflicts with the source clock.,entry_errors-before.csv outside_survey; original count comment
H-2014-2016-r10481,2016-08-22,point,2016-08-22T12:45:00Z,,,H20160822-1400-1500,Explicit source observation clock retained and linked to the matching existing hourly survey; received hourly link conflicts with the source clock.,entry_errors-before.csv outside_survey; original count comment
H-2017-2021-r19036,2017-10-29,interval,,2017-10-29T06:00:00Z,2017-10-29T16:15:00Z,,"Unsupported predawn clock on DST-change day; original export repeats it, so no exact shift is justified. Retain broad daily observation bounds from all-data.",raw/historical/sources/all_data_défilé_tri_v2023.xlsx; entry_errors-before.csv dark
H-2017-2021-r19037,2017-10-29,interval,,2017-10-29T06:00:00Z,2017-10-29T16:15:00Z,,"Unsupported predawn clock on DST-change day; original export repeats it, so no exact shift is justified. Retain broad daily observation bounds from all-data.",raw/historical/sources/all_data_défilé_tri_v2023.xlsx; entry_errors-before.csv dark
H-2017-2021-r19038,2017-10-29,interval,,2017-10-29T06:00:00Z,2017-10-29T16:15:00Z,,"Unsupported predawn clock on DST-change day; original export repeats it, so no exact shift is justified. Retain broad daily observation bounds from all-data.",raw/historical/sources/all_data_défilé_tri_v2023.xlsx; entry_errors-before.csv dark
H-2017-2021-r19039,2017-10-29,interval,,2017-10-29T06:00:00Z,2017-10-29T16:15:00Z,,"Unsupported predawn clock on DST-change day; original export repeats it, so no exact shift is justified. Retain broad daily observation bounds from all-data.",raw/historical/sources/all_data_défilé_tri_v2023.xlsx; entry_errors-before.csv dark
H-2017-2021-r19040,2017-10-29,interval,,2017-10-29T06:00:00Z,2017-10-29T16:15:00Z,,"Unsupported predawn clock on DST-change day; original export repeats it, so no exact shift is justified. Retain broad daily observation bounds from all-data.",raw/historical/sources/all_data_défilé_tri_v2023.xlsx; entry_errors-before.csv dark
H-2017-2021-r19041,2017-10-29,interval,,2017-10-29T06:00:00Z,2017-10-29T16:15:00Z,,"Unsupported predawn clock on DST-change day; original export repeats it, so no exact shift is justified. Retain broad daily observation bounds from all-data.",raw/historical/sources/all_data_défilé_tri_v2023.xlsx; entry_errors-before.csv dark
H-2017-2021-r19042,2017-10-29,interval,,2017-10-29T06:00:00Z,2017-10-29T16:15:00Z,,"Unsupported predawn clock on DST-change day; original export repeats it, so no exact shift is justified. Retain broad daily observation bounds from all-data.",raw/historical/sources/all_data_défilé_tri_v2023.xlsx; entry_errors-before.csv dark
H-2017-2021-r19043,2017-10-29,interval,,2017-10-29T06:00:00Z,2017-10-29T16:15:00Z,,"Unsupported predawn clock on DST-change day; original export repeats it, so no exact shift is justified. Retain broad daily observation bounds from all-data.",raw/historical/sources/all_data_défilé_tri_v2023.xlsx; entry_errors-before.csv dark
H-2017-2021-r19044,2017-10-29,interval,,2017-10-29T06:00:00Z,2017-10-29T16:15:00Z,,"Unsupported predawn clock on DST-change day; original export repeats it, so no exact shift is justified. Retain broad daily observation bounds from all-data.",raw/historical/sources/all_data_défilé_tri_v2023.xlsx; entry_errors-before.csv dark
H-2017-2021-r19045,2017-10-29,interval,,2017-10-29T06:00:00Z,2017-10-29T16:15:00Z,,"Unsupported predawn clock on DST-change day; original export repeats it, so no exact shift is justified. Retain broad daily observation bounds from all-data.",raw/historical/sources/all_data_défilé_tri_v2023.xlsx; entry_errors-before.csv dark
H-2017-2021-r19046,2017-10-29,interval,,2017-10-29T06:00:00Z,2017-10-29T16:15:00Z,,"Unsupported predawn clock on DST-change day; original export repeats it, so no exact shift is justified. Retain broad daily observation bounds from all-data.",raw/historical/sources/all_data_défilé_tri_v2023.xlsx; entry_errors-before.csv dark
H-2017-2021-r19047,2017-10-29,interval,,2017-10-29T06:00:00Z,2017-10-29T16:15:00Z,,"Unsupported predawn clock on DST-change day; original export repeats it, so no exact shift is justified. Retain broad daily observation bounds from all-data.",raw/historical/sources/all_data_défilé_tri_v2023.xlsx; entry_errors-before.csv dark
H-2017-2021-r19048,2017-10-29,interval,,2017-10-29T06:00:00Z,2017-10-29T16:15:00Z,,"Unsupported predawn clock on DST-change day; original export repeats it, so no exact shift is justified. Retain broad daily observation bounds from all-data.",raw/historical/sources/all_data_défilé_tri_v2023.xlsx; entry_errors-before.csv dark
H-2017-2021-r19049,2017-10-29,interval,,2017-10-29T06:00:00Z,2017-10-29T16:15:00Z,,"Unsupported predawn clock on DST-change day; original export repeats it, so no exact shift is justified. Retain broad daily observation bounds from all-data.",raw/historical/sources/all_data_défilé_tri_v2023.xlsx; entry_errors-before.csv dark
H-2017-2021-r19050,2017-10-29,interval,,2017-10-29T06:00:00Z,2017-10-29T16:15:00Z,,"Unsupported predawn clock on DST-change day; original export repeats it, so no exact shift is justified. Retain broad daily observation bounds from all-data.",raw/historical/sources/all_data_défilé_tri_v2023.xlsx; entry_errors-before.csv dark
H-2017-2021-r19051,2017-10-29,interval,,2017-10-29T06:00:00Z,2017-10-29T16:15:00Z,,"Unsupported predawn clock on DST-change day; original export repeats it, so no exact shift is justified. Retain broad daily observation bounds from all-data.",raw/historical/sources/all_data_défilé_tri_v2023.xlsx; entry_errors-before.csv dark
H-2017-2021-r19052,2017-10-29,interval,,2017-10-29T06:00:00Z,2017-10-29T16:15:00Z,,"Unsupported predawn clock on DST-change day; original export repeats it, so no exact shift is justified. Retain broad daily observation bounds from all-data.",raw/historical/sources/all_data_défilé_tri_v2023.xlsx; entry_errors-before.csv dark
H-2017-2021-r19053,2017-10-29,interval,,2017-10-29T06:00:00Z,2017-10-29T16:15:00Z,,"Unsupported predawn clock on DST-change day; original export repeats it, so no exact shift is justified. Retain broad daily observation bounds from all-data.",raw/historical/sources/all_data_défilé_tri_v2023.xlsx; entry_errors-before.csv dark
H-2017-2021-r19054,2017-10-29,interval,,2017-10-29T06:00:00Z,2017-10-29T16:15:00Z,,"Unsupported predawn clock on DST-change day; original export repeats it, so no exact shift is justified. Retain broad daily observation bounds from all-data.",raw/historical/sources/all_data_défilé_tri_v2023.xlsx; entry_errors-before.csv dark
H-2017-2021-r19055,2017-10-29,interval,,2017-10-29T06:00:00Z,2017-10-29T16:15:00Z,,"Unsupported predawn clock on DST-change day; original export repeats it, so no exact shift is justified. Retain broad daily observation bounds from all-data.",raw/historical/sources/all_data_défilé_tri_v2023.xlsx; entry_errors-before.csv dark
H-2017-2021-r23862,2018-09-21,interval,,2018-09-21T06:30:00Z,2018-09-21T16:30:00Z,,Delayed entry clock removed; daily source window bounds observation support without assigning an exact flock time.,raw/historical/sources/all_data_défilé_tri_v2023.xlsx
H-2017-2021-r23863,2018-09-21,interval,,2018-09-21T06:30:00Z,2018-09-21T16:30:00Z,,Delayed entry clock removed; daily source window bounds observation support without assigning an exact flock time.,raw/historical/sources/all_data_défilé_tri_v2023.xlsx
H-2017-2021-r23864,2018-09-21,interval,,2018-09-21T06:30:00Z,2018-09-21T16:30:00Z,,Delayed entry clock removed; daily source window bounds observation support without assigning an exact flock time.,raw/historical/sources/all_data_défilé_tri_v2023.xlsx
H-2017-2021-r23865,2018-09-21,interval,,2018-09-21T06:30:00Z,2018-09-21T16:30:00Z,,Delayed entry clock removed; daily source window bounds observation support without assigning an exact flock time.,raw/historical/sources/all_data_défilé_tri_v2023.xlsx
H-2017-2021-r23866,2018-09-21,interval,,2018-09-21T06:30:00Z,2018-09-21T16:30:00Z,,Delayed entry clock removed; daily source window bounds observation support without assigning an exact flock time.,raw/historical/sources/all_data_défilé_tri_v2023.xlsx
H-2017-2021-r23867,2018-09-21,interval,,2018-09-21T06:30:00Z,2018-09-21T16:30:00Z,,Delayed entry clock removed; daily source window bounds observation support without assigning an exact flock time.,raw/historical/sources/all_data_défilé_tri_v2023.xlsx
H-2017-2021-r23868,2018-09-21,interval,,2018-09-21T06:30:00Z,2018-09-21T16:30:00Z,,Delayed entry clock removed; daily source window bounds observation support without assigning an exact flock time.,raw/historical/sources/all_data_défilé_tri_v2023.xlsx
H-2017-2021-r23869,2018-09-21,interval,,2018-09-21T06:30:00Z,2018-09-21T16:30:00Z,,Delayed entry clock removed; daily source window bounds observation support without assigning an exact flock time.,raw/historical/sources/all_data_défilé_tri_v2023.xlsx
H-2017-2021-r23870,2018-09-21,interval,,2018-09-21T06:30:00Z,2018-09-21T16:30:00Z,,Delayed entry clock removed; daily source window bounds observation support without assigning an exact flock time.,raw/historical/sources/all_data_défilé_tri_v2023.xlsx
H-2017-2021-r23871,2018-09-21,interval,,2018-09-21T06:30:00Z,2018-09-21T16:30:00Z,,Delayed entry clock removed; daily source window bounds observation support without assigning an exact flock time.,raw/historical/sources/all_data_défilé_tri_v2023.xlsx
H-2017-2021-r23872,2018-09-21,interval,,2018-09-21T06:30:00Z,2018-09-21T16:30:00Z,,Delayed entry clock removed; daily source window bounds observation support without assigning an exact flock time.,raw/historical/sources/all_data_défilé_tri_v2023.xlsx
H-2017-2021-r23873,2018-09-21,interval,,2018-09-21T06:30:00Z,2018-09-21T16:30:00Z,,Delayed entry clock removed; daily source window bounds observation support without assigning an exact flock time.,raw/historical/sources/all_data_défilé_tri_v2023.xlsx
H-2017-2021-r23874,2018-09-21,interval,,2018-09-21T06:30:00Z,2018-09-21T16:30:00Z,,Delayed entry clock removed; daily source window bounds observation support without assigning an exact flock time.,raw/historical/sources/all_data_défilé_tri_v2023.xlsx
H-2017-2021-r23875,2018-09-21,interval,,2018-09-21T06:30:00Z,2018-09-21T16:30:00Z,,Delayed entry clock removed; daily source window bounds observation support without assigning an exact flock time.,raw/historical/sources/all_data_défilé_tri_v2023.xlsx
H-2017-2021-r23876,2018-09-21,interval,,2018-09-21T06:30:00Z,2018-09-21T16:30:00Z,,Delayed entry clock removed; daily source window bounds observation support without assigning an exact flock time.,raw/historical/sources/all_data_défilé_tri_v2023.xlsx
H-2017-2021-r23877,2018-09-21,interval,,2018-09-21T06:30:00Z,2018-09-21T16:30:00Z,,Delayed entry clock removed; daily source window bounds observation support without assigning an exact flock time.,raw/historical/sources/all_data_défilé_tri_v2023.xlsx
H-2017-2021-r23878,2018-09-21,interval,,2018-09-21T06:30:00Z,2018-09-21T16:30:00Z,,Delayed entry clock removed; daily source window bounds observation support without assigning an exact flock time.,raw/historical/sources/all_data_défilé_tri_v2023.xlsx
H-2017-2021-r23879,2018-09-21,interval,,2018-09-21T06:30:00Z,2018-09-21T16:30:00Z,,Delayed entry clock removed; daily source window bounds observation support without assigning an exact flock time.,raw/historical/sources/all_data_défilé_tri_v2023.xlsx
H-2017-2021-r23880,2018-09-21,interval,,2018-09-21T06:30:00Z,2018-09-21T16:30:00Z,,Delayed entry clock removed; daily source window bounds observation support without assigning an exact flock time.,raw/historical/sources/all_data_défilé_tri_v2023.xlsx
H-2017-2021-r23881,2018-09-21,interval,,2018-09-21T06:30:00Z,2018-09-21T16:30:00Z,,Delayed entry clock removed; daily source window bounds observation support without assigning an exact flock time.,raw/historical/sources/all_data_défilé_tri_v2023.xlsx
H-2017-2021-r23882,2018-09-21,interval,,2018-09-21T06:30:00Z,2018-09-21T16:30:00Z,,Delayed entry clock removed; daily source window bounds observation support without assigning an exact flock time.,raw/historical/sources/all_data_défilé_tri_v2023.xlsx
H-2017-2021-r23883,2018-09-21,interval,,2018-09-21T06:30:00Z,2018-09-21T16:30:00Z,,Delayed entry clock removed; daily source window bounds observation support without assigning an exact flock time.,raw/historical/sources/all_data_défilé_tri_v2023.xlsx
H-2017-2021-r23884,2018-09-21,interval,,2018-09-21T06:30:00Z,2018-09-21T16:30:00Z,,Delayed entry clock removed; daily source window bounds observation support without assigning an exact flock time.,raw/historical/sources/all_data_défilé_tri_v2023.xlsx
H-2017-2021-r26816,2018-10-08,clear,,,,,Delayed transcription batch; observation clock unsupported. Entered alongside a record explicitly describing paper counts from 07:30-10:30,end-of-day-times-2026-10-09/candidate-records.csv
H-2017-2021-r26817,2018-10-08,clear,,,,,Delayed transcription batch; observation clock unsupported. Entered alongside a record explicitly describing paper counts from 07:30-10:30,end-of-day-times-2026-10-09/candidate-records.csv
H-2017-2021-r26818,2018-10-08,clear,,,,,Delayed transcription batch; observation clock unsupported. Entered alongside a record explicitly describing paper counts from 07:30-10:30,end-of-day-times-2026-10-09/candidate-records.csv
H-2017-2021-r26819,2018-10-08,clear,,,,,Delayed transcription batch; observation clock unsupported. Entered alongside a record explicitly describing paper counts from 07:30-10:30,end-of-day-times-2026-10-09/candidate-records.csv
H-2017-2021-r26820,2018-10-08,clear,,,,,Delayed transcription batch; observation clock unsupported. Entered alongside a record explicitly describing paper counts from 07:30-10:30,end-of-day-times-2026-10-09/candidate-records.csv
H-2017-2021-r26821,2018-10-08,interval,,2018-10-08T05:30:00Z,2018-10-08T08:30:00Z,,Observer explicitly describes 07:30-10:30 passage recorded on paper; 11:19 is the transcription time.,Original remark: fort passage de passereaux entre 7h30 et 10h30 pas de détail sur tablette saisie papier
H-2017-2021-r26822,2018-10-08,clear,,,,,Delayed transcription batch; observation clock unsupported. Entered alongside a record explicitly describing paper counts from 07:30-10:30,end-of-day-times-2026-10-09/candidate-records.csv
H-2017-2021-r26823,2018-10-08,clear,,,,,Delayed transcription batch; observation clock unsupported. Entered alongside a record explicitly describing paper counts from 07:30-10:30,end-of-day-times-2026-10-09/candidate-records.csv
H-2017-2021-r26824,2018-10-08,clear,,,,,Delayed transcription batch; observation clock unsupported. Entered alongside a record explicitly describing paper counts from 07:30-10:30,end-of-day-times-2026-10-09/candidate-records.csv
H-2017-2021-r26825,2018-10-08,clear,,,,,Delayed transcription batch; observation clock unsupported. Entered alongside a record explicitly describing paper counts from 07:30-10:30,end-of-day-times-2026-10-09/candidate-records.csv
H-2017-2021-r26826,2018-10-08,clear,,,,,Delayed transcription batch; observation clock unsupported. Entered alongside a record explicitly describing paper counts from 07:30-10:30,end-of-day-times-2026-10-09/candidate-records.csv
H-2017-2021-r26827,2018-10-08,clear,,,,,Delayed transcription batch; observation clock unsupported. Entered alongside a record explicitly describing paper counts from 07:30-10:30,end-of-day-times-2026-10-09/candidate-records.csv
H-2017-2021-r26828,2018-10-08,clear,,,,,Delayed transcription batch; observation clock unsupported. Entered alongside a record explicitly describing paper counts from 07:30-10:30,end-of-day-times-2026-10-09/candidate-records.csv
H-2017-2021-r26829,2018-10-08,clear,,,,,Delayed transcription batch; observation clock unsupported. Entered alongside a record explicitly describing paper counts from 07:30-10:30,end-of-day-times-2026-10-09/candidate-records.csv
H-2017-2021-r43624,2019-10-12,clear,,,,,Unsupported after-civil-dusk passerine clock; cleared under the approved conservative timing policy.,end-of-day-times-2026-10-09/candidate-records.csv
H-2017-2021-r48051,2019-10-26,clear,,,,,Unsupported after-civil-dusk passerine clock; cleared under the approved conservative timing policy.,end-of-day-times-2026-10-09/candidate-records.csv
H-2017-2021-r48052,2019-10-27,interval,,2019-10-27T05:45:00Z,2019-10-27T17:10:00Z,,"Unsupported predawn clock on DST-change day; original export repeats it, so no exact shift is justified. Retain broad daily observation bounds from all-data.",raw/historical/sources/all_data_défilé_tri_v2023.xlsx; entry_errors-before.csv dark
H-2017-2021-r48053,2019-10-27,interval,,2019-10-27T05:45:00Z,2019-10-27T17:10:00Z,,"Unsupported predawn clock on DST-change day; original export repeats it, so no exact shift is justified. Retain broad daily observation bounds from all-data.",raw/historical/sources/all_data_défilé_tri_v2023.xlsx; entry_errors-before.csv dark
H-2017-2021-r48054,2019-10-27,interval,,2019-10-27T05:45:00Z,2019-10-27T17:10:00Z,,"Unsupported predawn clock on DST-change day; original export repeats it, so no exact shift is justified. Retain broad daily observation bounds from all-data.",raw/historical/sources/all_data_défilé_tri_v2023.xlsx; entry_errors-before.csv dark
H-2017-2021-r48055,2019-10-27,interval,,2019-10-27T05:45:00Z,2019-10-27T17:10:00Z,,"Unsupported predawn clock on DST-change day; original export repeats it, so no exact shift is justified. Retain broad daily observation bounds from all-data.",raw/historical/sources/all_data_défilé_tri_v2023.xlsx; entry_errors-before.csv dark
H-2017-2021-r48056,2019-10-27,interval,,2019-10-27T05:45:00Z,2019-10-27T17:10:00Z,,"Unsupported predawn clock on DST-change day; original export repeats it, so no exact shift is justified. Retain broad daily observation bounds from all-data.",raw/historical/sources/all_data_défilé_tri_v2023.xlsx; entry_errors-before.csv dark
H-2017-2021-r48057,2019-10-27,interval,,2019-10-27T05:45:00Z,2019-10-27T17:10:00Z,,"Unsupported predawn clock on DST-change day; original export repeats it, so no exact shift is justified. Retain broad daily observation bounds from all-data.",raw/historical/sources/all_data_défilé_tri_v2023.xlsx; entry_errors-before.csv dark
H-2017-2021-r48058,2019-10-27,interval,,2019-10-27T05:45:00Z,2019-10-27T17:10:00Z,,"Unsupported predawn clock on DST-change day; original export repeats it, so no exact shift is justified. Retain broad daily observation bounds from all-data.",raw/historical/sources/all_data_défilé_tri_v2023.xlsx; entry_errors-before.csv dark
H-2017-2021-r48059,2019-10-27,interval,,2019-10-27T05:45:00Z,2019-10-27T17:10:00Z,,"Unsupported predawn clock on DST-change day; original export repeats it, so no exact shift is justified. Retain broad daily observation bounds from all-data.",raw/historical/sources/all_data_défilé_tri_v2023.xlsx; entry_errors-before.csv dark
H-2017-2021-r48060,2019-10-27,interval,,2019-10-27T05:45:00Z,2019-10-27T17:10:00Z,,"Unsupported predawn clock on DST-change day; original export repeats it, so no exact shift is justified. Retain broad daily observation bounds from all-data.",raw/historical/sources/all_data_défilé_tri_v2023.xlsx; entry_errors-before.csv dark
H-2017-2021-r48061,2019-10-27,interval,,2019-10-27T05:45:00Z,2019-10-27T17:10:00Z,,"Unsupported predawn clock on DST-change day; original export repeats it, so no exact shift is justified. Retain broad daily observation bounds from all-data.",raw/historical/sources/all_data_défilé_tri_v2023.xlsx; entry_errors-before.csv dark
H-2017-2021-r48062,2019-10-27,interval,,2019-10-27T05:45:00Z,2019-10-27T17:10:00Z,,"Unsupported predawn clock on DST-change day; original export repeats it, so no exact shift is justified. Retain broad daily observation bounds from all-data.",raw/historical/sources/all_data_défilé_tri_v2023.xlsx; entry_errors-before.csv dark
H-2017-2021-r48063,2019-10-27,interval,,2019-10-27T05:45:00Z,2019-10-27T17:10:00Z,,"Unsupported predawn clock on DST-change day; original export repeats it, so no exact shift is justified. Retain broad daily observation bounds from all-data.",raw/historical/sources/all_data_défilé_tri_v2023.xlsx; entry_errors-before.csv dark
H-2017-2021-r48064,2019-10-27,interval,,2019-10-27T05:45:00Z,2019-10-27T17:10:00Z,,"Unsupported predawn clock on DST-change day; original export repeats it, so no exact shift is justified. Retain broad daily observation bounds from all-data.",raw/historical/sources/all_data_défilé_tri_v2023.xlsx; entry_errors-before.csv dark
H-2017-2021-r48065,2019-10-27,interval,,2019-10-27T05:45:00Z,2019-10-27T17:10:00Z,,"Unsupported predawn clock on DST-change day; original export repeats it, so no exact shift is justified. Retain broad daily observation bounds from all-data.",raw/historical/sources/all_data_défilé_tri_v2023.xlsx; entry_errors-before.csv dark
H-2017-2021-r48066,2019-10-27,interval,,2019-10-27T05:45:00Z,2019-10-27T17:10:00Z,,"Unsupported predawn clock on DST-change day; original export repeats it, so no exact shift is justified. Retain broad daily observation bounds from all-data.",raw/historical/sources/all_data_défilé_tri_v2023.xlsx; entry_errors-before.csv dark
H-2017-2021-r48067,2019-10-27,interval,,2019-10-27T05:45:00Z,2019-10-27T17:10:00Z,,"Unsupported predawn clock on DST-change day; original export repeats it, so no exact shift is justified. Retain broad daily observation bounds from all-data.",raw/historical/sources/all_data_défilé_tri_v2023.xlsx; entry_errors-before.csv dark
H-2017-2021-r48068,2019-10-27,interval,,2019-10-27T05:45:00Z,2019-10-27T17:10:00Z,,"Unsupported predawn clock on DST-change day; original export repeats it, so no exact shift is justified. Retain broad daily observation bounds from all-data.",raw/historical/sources/all_data_défilé_tri_v2023.xlsx; entry_errors-before.csv dark
H-2017-2021-r48069,2019-10-27,interval,,2019-10-27T05:45:00Z,2019-10-27T17:10:00Z,,"Unsupported predawn clock on DST-change day; original export repeats it, so no exact shift is justified. Retain broad daily observation bounds from all-data.",raw/historical/sources/all_data_défilé_tri_v2023.xlsx; entry_errors-before.csv dark
H-2017-2021-r48070,2019-10-27,interval,,2019-10-27T05:45:00Z,2019-10-27T17:10:00Z,,"Unsupported predawn clock on DST-change day; original export repeats it, so no exact shift is justified. Retain broad daily observation bounds from all-data.",raw/historical/sources/all_data_défilé_tri_v2023.xlsx; entry_errors-before.csv dark
H-2017-2021-r48071,2019-10-27,interval,,2019-10-27T05:45:00Z,2019-10-27T17:10:00Z,,"Unsupported predawn clock on DST-change day; original export repeats it, so no exact shift is justified. Retain broad daily observation bounds from all-data.",raw/historical/sources/all_data_défilé_tri_v2023.xlsx; entry_errors-before.csv dark
H-2017-2021-r48072,2019-10-27,interval,,2019-10-27T05:45:00Z,2019-10-27T17:10:00Z,,"Unsupported predawn clock on DST-change day; original export repeats it, so no exact shift is justified. Retain broad daily observation bounds from all-data.",raw/historical/sources/all_data_défilé_tri_v2023.xlsx; entry_errors-before.csv dark
H-2017-2021-r48073,2019-10-27,interval,,2019-10-27T05:45:00Z,2019-10-27T17:10:00Z,,"Unsupported predawn clock on DST-change day; original export repeats it, so no exact shift is justified. Retain broad daily observation bounds from all-data.",raw/historical/sources/all_data_défilé_tri_v2023.xlsx; entry_errors-before.csv dark
H-2017-2021-r48074,2019-10-27,interval,,2019-10-27T05:45:00Z,2019-10-27T17:10:00Z,,"Unsupported predawn clock on DST-change day; original export repeats it, so no exact shift is justified. Retain broad daily observation bounds from all-data.",raw/historical/sources/all_data_défilé_tri_v2023.xlsx; entry_errors-before.csv dark
H-2017-2021-r60748,2020-10-25,interval,,2020-10-25T06:20:00Z,2020-10-25T17:00:00Z,,"Unsupported predawn clock on DST-change day; original export repeats it, so no exact shift is justified. Retain broad daily observation bounds from all-data.",raw/historical/sources/all_data_défilé_tri_v2023.xlsx; entry_errors-before.csv dark
H-2017-2021-r60749,2020-10-25,interval,,2020-10-25T06:20:00Z,2020-10-25T17:00:00Z,,"Unsupported predawn clock on DST-change day; original export repeats it, so no exact shift is justified. Retain broad daily observation bounds from all-data.",raw/historical/sources/all_data_défilé_tri_v2023.xlsx; entry_errors-before.csv dark
H-2017-2021-r60750,2020-10-25,interval,,2020-10-25T06:20:00Z,2020-10-25T17:00:00Z,,"Unsupported predawn clock on DST-change day; original export repeats it, so no exact shift is justified. Retain broad daily observation bounds from all-data.",raw/historical/sources/all_data_défilé_tri_v2023.xlsx; entry_errors-before.csv dark
H-2017-2021-r62047,2020-10-30,clear,,,,,Unsupported after-civil-dusk passerine clock; cleared under the approved conservative timing policy.,end-of-day-times-2026-10-09/candidate-records.csv
H-2017-2021-r62048,2020-10-30,clear,,,,,Unsupported after-civil-dusk passerine clock; cleared under the approved conservative timing policy.,end-of-day-times-2026-10-09/candidate-records.csv
H-2017-2021-r74840,2021-10-11,interval,,2021-10-11T09:00:00Z,2021-10-11T10:00:00Z,H20211011-1100-1200,Original remark says vers 11-12h; the 19:36 entry clock does not describe observation time. Preserve the approximate interval.,Original remark: vers 11-12h
H-2017-2021-r80362,2021-11-06,interval,,2021-11-06T06:00:00Z,2021-11-06T16:30:00Z,,Delayed entry clock removed; daily source window bounds observation support without assigning an exact flock time.,raw/historical/sources/all_data_défilé_tri_v2023.xlsx
H-2017-2021-r80363,2021-11-06,interval,,2021-11-06T06:00:00Z,2021-11-06T16:30:00Z,,Delayed entry clock removed; daily source window bounds observation support without assigning an exact flock time.,raw/historical/sources/all_data_défilé_tri_v2023.xlsx
H-2017-2021-r80364,2021-11-06,interval,,2021-11-06T06:00:00Z,2021-11-06T16:30:00Z,,Delayed entry clock removed; daily source window bounds observation support without assigning an exact flock time.,raw/historical/sources/all_data_défilé_tri_v2023.xlsx
H-2017-2021-r80365,2021-11-06,interval,,2021-11-06T06:00:00Z,2021-11-06T16:30:00Z,,Delayed entry clock removed; daily source window bounds observation support without assigning an exact flock time.,raw/historical/sources/all_data_défilé_tri_v2023.xlsx
H-2017-2021-r80366,2021-11-06,interval,,2021-11-06T06:00:00Z,2021-11-06T16:30:00Z,,Delayed entry clock removed; daily source window bounds observation support without assigning an exact flock time.,raw/historical/sources/all_data_défilé_tri_v2023.xlsx
H-2017-2021-r80367,2021-11-06,interval,,2021-11-06T06:00:00Z,2021-11-06T16:30:00Z,,Delayed entry clock removed; daily source window bounds observation support without assigning an exact flock time.,raw/historical/sources/all_data_défilé_tri_v2023.xlsx
H-2017-2021-r80368,2021-11-06,interval,,2021-11-06T06:00:00Z,2021-11-06T16:30:00Z,,Delayed entry clock removed; daily source window bounds observation support without assigning an exact flock time.,raw/historical/sources/all_data_défilé_tri_v2023.xlsx
H-2017-2021-r80369,2021-11-06,interval,,2021-11-06T06:00:00Z,2021-11-06T16:30:00Z,,Delayed entry clock removed; daily source window bounds observation support without assigning an exact flock time.,raw/historical/sources/all_data_défilé_tri_v2023.xlsx
H-2017-2021-r80370,2021-11-06,interval,,2021-11-06T06:00:00Z,2021-11-06T16:30:00Z,,Delayed entry clock removed; daily source window bounds observation support without assigning an exact flock time.,raw/historical/sources/all_data_défilé_tri_v2023.xlsx
H-2017-2021-r80371,2021-11-06,interval,,2021-11-06T06:00:00Z,2021-11-06T16:30:00Z,,Delayed entry clock removed; daily source window bounds observation support without assigning an exact flock time.,raw/historical/sources/all_data_défilé_tri_v2023.xlsx
H-2017-2021-r80372,2021-11-06,interval,,2021-11-06T06:00:00Z,2021-11-06T16:30:00Z,,Delayed entry clock removed; daily source window bounds observation support without assigning an exact flock time.,raw/historical/sources/all_data_défilé_tri_v2023.xlsx
H-2017-2021-r80373,2021-11-06,interval,,2021-11-06T06:00:00Z,2021-11-06T16:30:00Z,,Delayed entry clock removed; daily source window bounds observation support without assigning an exact flock time.,raw/historical/sources/all_data_défilé_tri_v2023.xlsx
H-2017-2021-r80374,2021-11-06,interval,,2021-11-06T06:00:00Z,2021-11-06T16:30:00Z,,Delayed entry clock removed; daily source window bounds observation support without assigning an exact flock time.,raw/historical/sources/all_data_défilé_tri_v2023.xlsx
H-2017-2021-r80375,2021-11-06,interval,,2021-11-06T06:00:00Z,2021-11-06T16:30:00Z,,Delayed entry clock removed; daily source window bounds observation support without assigning an exact flock time.,raw/historical/sources/all_data_défilé_tri_v2023.xlsx
H-2017-2021-r80376,2021-11-06,interval,,2021-11-06T06:00:00Z,2021-11-06T16:30:00Z,,Delayed entry clock removed; daily source window bounds observation support without assigning an exact flock time.,raw/historical/sources/all_data_défilé_tri_v2023.xlsx
H-2017-2021-r80377,2021-11-06,interval,,2021-11-06T06:00:00Z,2021-11-06T16:30:00Z,,Delayed entry clock removed; daily source window bounds observation support without assigning an exact flock time.,raw/historical/sources/all_data_défilé_tri_v2023.xlsx
H-2017-2021-r80378,2021-11-06,interval,,2021-11-06T06:00:00Z,2021-11-06T16:30:00Z,,Delayed entry clock removed; daily source window bounds observation support without assigning an exact flock time.,raw/historical/sources/all_data_défilé_tri_v2023.xlsx
H-2017-2021-r80379,2021-11-06,interval,,2021-11-06T06:00:00Z,2021-11-06T16:30:00Z,,Delayed entry clock removed; daily source window bounds observation support without assigning an exact flock time.,raw/historical/sources/all_data_défilé_tri_v2023.xlsx
H-2017-2021-r80380,2021-11-06,interval,,2021-11-06T06:00:00Z,2021-11-06T16:30:00Z,,Delayed entry clock removed; daily source window bounds observation support without assigning an exact flock time.,raw/historical/sources/all_data_défilé_tri_v2023.xlsx
H-2017-2021-r80381,2021-11-06,interval,,2021-11-06T06:00:00Z,2021-11-06T16:30:00Z,,Delayed entry clock removed; daily source window bounds observation support without assigning an exact flock time.,raw/historical/sources/all_data_défilé_tri_v2023.xlsx
H-2017-2021-r80382,2021-11-06,interval,,2021-11-06T06:00:00Z,2021-11-06T16:30:00Z,,Delayed entry clock removed; daily source window bounds observation support without assigning an exact flock time.,raw/historical/sources/all_data_défilé_tri_v2023.xlsx
H-2017-2021-r80383,2021-11-06,interval,,2021-11-06T06:00:00Z,2021-11-06T16:30:00Z,,Delayed entry clock removed; daily source window bounds observation support without assigning an exact flock time.,raw/historical/sources/all_data_défilé_tri_v2023.xlsx
H-2017-2021-r80384,2021-11-06,interval,,2021-11-06T06:00:00Z,2021-11-06T16:30:00Z,,Delayed entry clock removed; daily source window bounds observation support without assigning an exact flock time.,raw/historical/sources/all_data_défilé_tri_v2023.xlsx
H-2017-2021-r80385,2021-11-06,interval,,2021-11-06T06:00:00Z,2021-11-06T16:30:00Z,,Delayed entry clock removed; daily source window bounds observation support without assigning an exact flock time.,raw/historical/sources/all_data_défilé_tri_v2023.xlsx
H-2017-2021-r80386,2021-11-06,interval,,2021-11-06T06:00:00Z,2021-11-06T16:30:00Z,,Delayed entry clock removed; daily source window bounds observation support without assigning an exact flock time.,raw/historical/sources/all_data_défilé_tri_v2023.xlsx
H-2017-2021-r80387,2021-11-06,interval,,2021-11-06T06:00:00Z,2021-11-06T16:30:00Z,,Delayed entry clock removed; daily source window bounds observation support without assigning an exact flock time.,raw/historical/sources/all_data_défilé_tri_v2023.xlsx
H-2017-2021-r80388,2021-11-06,interval,,2021-11-06T06:00:00Z,2021-11-06T16:30:00Z,,Delayed entry clock removed; daily source window bounds observation support without assigning an exact flock time.,raw/historical/sources/all_data_défilé_tri_v2023.xlsx
H-2017-2021-r80389,2021-11-06,interval,,2021-11-06T06:00:00Z,2021-11-06T16:30:00Z,,Delayed entry clock removed; daily source window bounds observation support without assigning an exact flock time.,raw/historical/sources/all_data_défilé_tri_v2023.xlsx
H-2017-2021-r80390,2021-11-06,interval,,2021-11-06T06:00:00Z,2021-11-06T16:30:00Z,,Delayed entry clock removed; daily source window bounds observation support without assigning an exact flock time.,raw/historical/sources/all_data_défilé_tri_v2023.xlsx
H-2017-2021-r80391,2021-11-06,interval,,2021-11-06T06:00:00Z,2021-11-06T16:30:00Z,,Delayed entry clock removed; daily source window bounds observation support without assigning an exact flock time.,raw/historical/sources/all_data_défilé_tri_v2023.xlsx
H-2017-2021-r80392,2021-11-06,interval,,2021-11-06T06:00:00Z,2021-11-06T16:30:00Z,,Delayed entry clock removed; daily source window bounds observation support without assigning an exact flock time.,raw/historical/sources/all_data_défilé_tri_v2023.xlsx
H-2017-2021-r80762,2021-11-09,interval,,2021-11-09T06:00:00Z,2021-11-09T16:00:00Z,,Delayed entry clock removed; daily source window bounds observation support without assigning an exact flock time.,raw/historical/sources/all_data_défilé_tri_v2023.xlsx
H-2017-2021-r80763,2021-11-09,interval,,2021-11-09T06:00:00Z,2021-11-09T16:00:00Z,,Delayed entry clock removed; daily source window bounds observation support without assigning an exact flock time.,raw/historical/sources/all_data_défilé_tri_v2023.xlsx
H-2017-2021-r80764,2021-11-09,interval,,2021-11-09T06:00:00Z,2021-11-09T16:00:00Z,,Delayed entry clock removed; daily source window bounds observation support without assigning an exact flock time.,raw/historical/sources/all_data_défilé_tri_v2023.xlsx
H-2017-2021-r80765,2021-11-09,interval,,2021-11-09T06:00:00Z,2021-11-09T16:00:00Z,,Delayed entry clock removed; daily source window bounds observation support without assigning an exact flock time.,raw/historical/sources/all_data_défilé_tri_v2023.xlsx
H-2017-2021-r80766,2021-11-09,interval,,2021-11-09T06:00:00Z,2021-11-09T16:00:00Z,,Delayed entry clock removed; daily source window bounds observation support without assigning an exact flock time.,raw/historical/sources/all_data_défilé_tri_v2023.xlsx
H-2017-2021-r80767,2021-11-09,interval,,2021-11-09T06:00:00Z,2021-11-09T16:00:00Z,,Delayed entry clock removed; daily source window bounds observation support without assigning an exact flock time.,raw/historical/sources/all_data_défilé_tri_v2023.xlsx
H-2017-2021-r80768,2021-11-09,interval,,2021-11-09T06:00:00Z,2021-11-09T16:00:00Z,,Delayed entry clock removed; daily source window bounds observation support without assigning an exact flock time.,raw/historical/sources/all_data_défilé_tri_v2023.xlsx
H-2017-2021-r80769,2021-11-09,interval,,2021-11-09T06:00:00Z,2021-11-09T16:00:00Z,,Delayed entry clock removed; daily source window bounds observation support without assigning an exact flock time.,raw/historical/sources/all_data_défilé_tri_v2023.xlsx
H-2017-2021-r80770,2021-11-09,interval,,2021-11-09T06:00:00Z,2021-11-09T16:00:00Z,,Delayed entry clock removed; daily source window bounds observation support without assigning an exact flock time.,raw/historical/sources/all_data_défilé_tri_v2023.xlsx
H-2017-2021-r80771,2021-11-09,interval,,2021-11-09T06:00:00Z,2021-11-09T16:00:00Z,,Delayed entry clock removed; daily source window bounds observation support without assigning an exact flock time.,raw/historical/sources/all_data_défilé_tri_v2023.xlsx
H-2017-2021-r80772,2021-11-09,interval,,2021-11-09T06:00:00Z,2021-11-09T16:00:00Z,,Delayed entry clock removed; daily source window bounds observation support without assigning an exact flock time.,raw/historical/sources/all_data_défilé_tri_v2023.xlsx
H-2017-2021-r80773,2021-11-09,interval,,2021-11-09T06:00:00Z,2021-11-09T16:00:00Z,,Delayed entry clock removed; daily source window bounds observation support without assigning an exact flock time.,raw/historical/sources/all_data_défilé_tri_v2023.xlsx
H-2017-2021-r80774,2021-11-09,interval,,2021-11-09T06:00:00Z,2021-11-09T16:00:00Z,,Delayed entry clock removed; daily source window bounds observation support without assigning an exact flock time.,raw/historical/sources/all_data_défilé_tri_v2023.xlsx
H-2017-2021-r80775,2021-11-09,interval,,2021-11-09T06:00:00Z,2021-11-09T16:00:00Z,,Delayed entry clock removed; daily source window bounds observation support without assigning an exact flock time.,raw/historical/sources/all_data_défilé_tri_v2023.xlsx
H-2017-2021-r80776,2021-11-09,interval,,2021-11-09T06:00:00Z,2021-11-09T16:00:00Z,,Delayed entry clock removed; daily source window bounds observation support without assigning an exact flock time.,raw/historical/sources/all_data_défilé_tri_v2023.xlsx
H-2017-2021-r80777,2021-11-09,interval,,2021-11-09T06:00:00Z,2021-11-09T16:00:00Z,,Delayed entry clock removed; daily source window bounds observation support without assigning an exact flock time.,raw/historical/sources/all_data_défilé_tri_v2023.xlsx
H-2017-2021-r80778,2021-11-09,interval,,2021-11-09T06:00:00Z,2021-11-09T16:00:00Z,,Delayed entry clock removed; daily source window bounds observation support without assigning an exact flock time.,raw/historical/sources/all_data_défilé_tri_v2023.xlsx
H-2017-2021-r80779,2021-11-09,interval,,2021-11-09T06:00:00Z,2021-11-09T16:00:00Z,,Delayed entry clock removed; daily source window bounds observation support without assigning an exact flock time.,raw/historical/sources/all_data_défilé_tri_v2023.xlsx
H-2017-2021-r80780,2021-11-09,interval,,2021-11-09T06:00:00Z,2021-11-09T16:00:00Z,,Delayed entry clock removed; daily source window bounds observation support without assigning an exact flock time.,raw/historical/sources/all_data_défilé_tri_v2023.xlsx
H-2017-2021-r80781,2021-11-09,interval,,2021-11-09T06:00:00Z,2021-11-09T16:00:00Z,,Delayed entry clock removed; daily source window bounds observation support without assigning an exact flock time.,raw/historical/sources/all_data_défilé_tri_v2023.xlsx
H-2017-2021-r80782,2021-11-09,interval,,2021-11-09T06:00:00Z,2021-11-09T16:00:00Z,,Delayed entry clock removed; daily source window bounds observation support without assigning an exact flock time.,raw/historical/sources/all_data_défilé_tri_v2023.xlsx
T36264794,2022-07-20,clear,,,,,Closing tally after a long recording gap or multi-species transcription batch; the observation time is unsupported.,entry_errors-before.csv block_edge; full native-day chronology
T36264795,2022-07-20,clear,,,,,Closing tally after a long recording gap or multi-species transcription batch; the observation time is unsupported.,entry_errors-before.csv block_edge; full native-day chronology
T36264796,2022-07-20,clear,,,,,Closing tally after a long recording gap or multi-species transcription batch; the observation time is unsupported.,entry_errors-before.csv block_edge; full native-day chronology
T37033058,2022-09-26,clear,,,,,Closing tally after a long recording gap or multi-species transcription batch; the observation time is unsupported.,entry_errors-before.csv block_edge; full native-day chronology
T37033059,2022-09-26,clear,,,,,Closing tally after a long recording gap or multi-species transcription batch; the observation time is unsupported.,entry_errors-before.csv block_edge; full native-day chronology
T37033060,2022-09-26,clear,,,,,Closing tally after a long recording gap or multi-species transcription batch; the observation time is unsupported.,entry_errors-before.csv block_edge; full native-day chronology
T37707779,2022-10-14,clear,,,,,Delayed transcription batch; observation clock unsupported. Three migration totals entered in 21 seconds after a 3.5-hour gap,end-of-day-times-2026-10-09/candidate-records.csv
T37707780,2022-10-14,clear,,,,,Delayed transcription batch; observation clock unsupported. Three migration totals entered in 21 seconds after a 3.5-hour gap,end-of-day-times-2026-10-09/candidate-records.csv
T37707781,2022-10-14,clear,,,,,Delayed transcription batch; observation clock unsupported. Three migration totals entered in 21 seconds after a 3.5-hour gap,end-of-day-times-2026-10-09/candidate-records.csv
T40582519,2023-07-25,clear,,,,,"Compact diverse closing batch is a daily local tally or a mixed tally entered at closing; point clock is entry time, not established observation time.",end-of-day-times-2026-10-09/closing-batches.csv
T40582520,2023-07-25,clear,,,,,"Compact diverse closing batch is a daily local tally or a mixed tally entered at closing; point clock is entry time, not established observation time.",end-of-day-times-2026-10-09/closing-batches.csv
T40582521,2023-07-25,clear,,,,,"Compact diverse closing batch is a daily local tally or a mixed tally entered at closing; point clock is entry time, not established observation time.",end-of-day-times-2026-10-09/closing-batches.csv
T40582522,2023-07-25,clear,,,,,"Compact diverse closing batch is a daily local tally or a mixed tally entered at closing; point clock is entry time, not established observation time.",end-of-day-times-2026-10-09/closing-batches.csv
T40582523,2023-07-25,clear,,,,,"Compact diverse closing batch is a daily local tally or a mixed tally entered at closing; point clock is entry time, not established observation time.",end-of-day-times-2026-10-09/closing-batches.csv
T40582524,2023-07-25,clear,,,,,"Compact diverse closing batch is a daily local tally or a mixed tally entered at closing; point clock is entry time, not established observation time.",end-of-day-times-2026-10-09/closing-batches.csv
T40582525,2023-07-25,clear,,,,,"Compact diverse closing batch is a daily local tally or a mixed tally entered at closing; point clock is entry time, not established observation time.",end-of-day-times-2026-10-09/closing-batches.csv
T40582526,2023-07-25,clear,,,,,"Compact diverse closing batch is a daily local tally or a mixed tally entered at closing; point clock is entry time, not established observation time.",end-of-day-times-2026-10-09/closing-batches.csv
T40582527,2023-07-25,clear,,,,,"Compact diverse closing batch is a daily local tally or a mixed tally entered at closing; point clock is entry time, not established observation time.",end-of-day-times-2026-10-09/closing-batches.csv
T40582528,2023-07-25,clear,,,,,"Compact diverse closing batch is a daily local tally or a mixed tally entered at closing; point clock is entry time, not established observation time.",end-of-day-times-2026-10-09/closing-batches.csv
T40582529,2023-07-25,clear,,,,,"Compact diverse closing batch is a daily local tally or a mixed tally entered at closing; point clock is entry time, not established observation time.",end-of-day-times-2026-10-09/closing-batches.csv
T40582530,2023-07-25,clear,,,,,"Compact diverse closing batch is a daily local tally or a mixed tally entered at closing; point clock is entry time, not established observation time.",end-of-day-times-2026-10-09/closing-batches.csv
T40582531,2023-07-25,clear,,,,,"Compact diverse closing batch is a daily local tally or a mixed tally entered at closing; point clock is entry time, not established observation time.",end-of-day-times-2026-10-09/closing-batches.csv
T40582532,2023-07-25,clear,,,,,"Compact diverse closing batch is a daily local tally or a mixed tally entered at closing; point clock is entry time, not established observation time.",end-of-day-times-2026-10-09/closing-batches.csv
T40582533,2023-07-25,clear,,,,,"Compact diverse closing batch is a daily local tally or a mixed tally entered at closing; point clock is entry time, not established observation time.",end-of-day-times-2026-10-09/closing-batches.csv
T40582534,2023-07-25,clear,,,,,"Compact diverse closing batch is a daily local tally or a mixed tally entered at closing; point clock is entry time, not established observation time.",end-of-day-times-2026-10-09/closing-batches.csv
T40586139,2023-07-26,clear,,,,,"Compact diverse closing batch is a daily local tally or a mixed tally entered at closing; point clock is entry time, not established observation time.",end-of-day-times-2026-10-09/closing-batches.csv
T40586140,2023-07-26,clear,,,,,"Compact diverse closing batch is a daily local tally or a mixed tally entered at closing; point clock is entry time, not established observation time.",end-of-day-times-2026-10-09/closing-batches.csv
T40586141,2023-07-26,clear,,,,,"Compact diverse closing batch is a daily local tally or a mixed tally entered at closing; point clock is entry time, not established observation time.",end-of-day-times-2026-10-09/closing-batches.csv
T40586142,2023-07-26,clear,,,,,"Compact diverse closing batch is a daily local tally or a mixed tally entered at closing; point clock is entry time, not established observation time.",end-of-day-times-2026-10-09/closing-batches.csv
T40586143,2023-07-26,clear,,,,,"Compact diverse closing batch is a daily local tally or a mixed tally entered at closing; point clock is entry time, not established observation time.",end-of-day-times-2026-10-09/closing-batches.csv
T40586144,2023-07-26,clear,,,,,"Compact diverse closing batch is a daily local tally or a mixed tally entered at closing; point clock is entry time, not established observation time.",end-of-day-times-2026-10-09/closing-batches.csv
T40586145,2023-07-26,clear,,,,,"Compact diverse closing batch is a daily local tally or a mixed tally entered at closing; point clock is entry time, not established observation time.",end-of-day-times-2026-10-09/closing-batches.csv
T40586146,2023-07-26,clear,,,,,"Compact diverse closing batch is a daily local tally or a mixed tally entered at closing; point clock is entry time, not established observation time.",end-of-day-times-2026-10-09/closing-batches.csv
T40586147,2023-07-26,clear,,,,,"Compact diverse closing batch is a daily local tally or a mixed tally entered at closing; point clock is entry time, not established observation time.",end-of-day-times-2026-10-09/closing-batches.csv
T40586148,2023-07-26,clear,,,,,"Compact diverse closing batch is a daily local tally or a mixed tally entered at closing; point clock is entry time, not established observation time.",end-of-day-times-2026-10-09/closing-batches.csv
T40586149,2023-07-26,clear,,,,,"Compact diverse closing batch is a daily local tally or a mixed tally entered at closing; point clock is entry time, not established observation time.",end-of-day-times-2026-10-09/closing-batches.csv
T40586150,2023-07-26,clear,,,,,"Compact diverse closing batch is a daily local tally or a mixed tally entered at closing; point clock is entry time, not established observation time.",end-of-day-times-2026-10-09/closing-batches.csv
T40586151,2023-07-26,clear,,,,,"Compact diverse closing batch is a daily local tally or a mixed tally entered at closing; point clock is entry time, not established observation time.",end-of-day-times-2026-10-09/closing-batches.csv
T40586152,2023-07-26,clear,,,,,"Compact diverse closing batch is a daily local tally or a mixed tally entered at closing; point clock is entry time, not established observation time.",end-of-day-times-2026-10-09/closing-batches.csv
T40586153,2023-07-26,clear,,,,,"Compact diverse closing batch is a daily local tally or a mixed tally entered at closing; point clock is entry time, not established observation time.",end-of-day-times-2026-10-09/closing-batches.csv
T40586154,2023-07-26,clear,,,,,"Compact diverse closing batch is a daily local tally or a mixed tally entered at closing; point clock is entry time, not established observation time.",end-of-day-times-2026-10-09/closing-batches.csv
T40586155,2023-07-26,clear,,,,,"Compact diverse closing batch is a daily local tally or a mixed tally entered at closing; point clock is entry time, not established observation time.",end-of-day-times-2026-10-09/closing-batches.csv
T40586156,2023-07-26,clear,,,,,"Compact diverse closing batch is a daily local tally or a mixed tally entered at closing; point clock is entry time, not established observation time.",end-of-day-times-2026-10-09/closing-batches.csv
T40586157,2023-07-26,clear,,,,,"Compact diverse closing batch is a daily local tally or a mixed tally entered at closing; point clock is entry time, not established observation time.",end-of-day-times-2026-10-09/closing-batches.csv
T40586158,2023-07-26,clear,,,,,"Compact diverse closing batch is a daily local tally or a mixed tally entered at closing; point clock is entry time, not established observation time.",end-of-day-times-2026-10-09/closing-batches.csv
T40586159,2023-07-26,clear,,,,,"Compact diverse closing batch is a daily local tally or a mixed tally entered at closing; point clock is entry time, not established observation time.",end-of-day-times-2026-10-09/closing-batches.csv
T40586160,2023-07-26,clear,,,,,"Compact diverse closing batch is a daily local tally or a mixed tally entered at closing; point clock is entry time, not established observation time.",end-of-day-times-2026-10-09/closing-batches.csv
T40586161,2023-07-26,clear,,,,,"Compact diverse closing batch is a daily local tally or a mixed tally entered at closing; point clock is entry time, not established observation time.",end-of-day-times-2026-10-09/closing-batches.csv
T40586162,2023-07-26,clear,,,,,"Compact diverse closing batch is a daily local tally or a mixed tally entered at closing; point clock is entry time, not established observation time.",end-of-day-times-2026-10-09/closing-batches.csv
T40586163,2023-07-26,clear,,,,,"Compact diverse closing batch is a daily local tally or a mixed tally entered at closing; point clock is entry time, not established observation time.",end-of-day-times-2026-10-09/closing-batches.csv
T40588544,2023-07-27,clear,,,,,"Compact diverse closing batch is a daily local tally or a mixed tally entered at closing; point clock is entry time, not established observation time.",end-of-day-times-2026-10-09/closing-batches.csv
T40588545,2023-07-27,clear,,,,,"Compact diverse closing batch is a daily local tally or a mixed tally entered at closing; point clock is entry time, not established observation time.",end-of-day-times-2026-10-09/closing-batches.csv
T40588546,2023-07-27,clear,,,,,"Compact diverse closing batch is a daily local tally or a mixed tally entered at closing; point clock is entry time, not established observation time.",end-of-day-times-2026-10-09/closing-batches.csv
T40588547,2023-07-27,clear,,,,,"Compact diverse closing batch is a daily local tally or a mixed tally entered at closing; point clock is entry time, not established observation time.",end-of-day-times-2026-10-09/closing-batches.csv
T40588548,2023-07-27,clear,,,,,"Compact diverse closing batch is a daily local tally or a mixed tally entered at closing; point clock is entry time, not established observation time.",end-of-day-times-2026-10-09/closing-batches.csv
T40588549,2023-07-27,clear,,,,,"Compact diverse closing batch is a daily local tally or a mixed tally entered at closing; point clock is entry time, not established observation time.",end-of-day-times-2026-10-09/closing-batches.csv
T40588550,2023-07-27,clear,,,,,"Compact diverse closing batch is a daily local tally or a mixed tally entered at closing; point clock is entry time, not established observation time.",end-of-day-times-2026-10-09/closing-batches.csv
T40588551,2023-07-27,clear,,,,,"Compact diverse closing batch is a daily local tally or a mixed tally entered at closing; point clock is entry time, not established observation time.",end-of-day-times-2026-10-09/closing-batches.csv
T40588552,2023-07-27,clear,,,,,"Compact diverse closing batch is a daily local tally or a mixed tally entered at closing; point clock is entry time, not established observation time.",end-of-day-times-2026-10-09/closing-batches.csv
T40588553,2023-07-27,clear,,,,,"Compact diverse closing batch is a daily local tally or a mixed tally entered at closing; point clock is entry time, not established observation time.",end-of-day-times-2026-10-09/closing-batches.csv
T40588554,2023-07-27,clear,,,,,"Compact diverse closing batch is a daily local tally or a mixed tally entered at closing; point clock is entry time, not established observation time.",end-of-day-times-2026-10-09/closing-batches.csv
T40588555,2023-07-27,clear,,,,,"Compact diverse closing batch is a daily local tally or a mixed tally entered at closing; point clock is entry time, not established observation time.",end-of-day-times-2026-10-09/closing-batches.csv
T40588556,2023-07-27,clear,,,,,"Compact diverse closing batch is a daily local tally or a mixed tally entered at closing; point clock is entry time, not established observation time.",end-of-day-times-2026-10-09/closing-batches.csv
T40588557,2023-07-27,clear,,,,,"Compact diverse closing batch is a daily local tally or a mixed tally entered at closing; point clock is entry time, not established observation time.",end-of-day-times-2026-10-09/closing-batches.csv
T40588558,2023-07-27,clear,,,,,"Compact diverse closing batch is a daily local tally or a mixed tally entered at closing; point clock is entry time, not established observation time.",end-of-day-times-2026-10-09/closing-batches.csv
T40588559,2023-07-27,clear,,,,,"Compact diverse closing batch is a daily local tally or a mixed tally entered at closing; point clock is entry time, not established observation time.",end-of-day-times-2026-10-09/closing-batches.csv
T40588560,2023-07-27,clear,,,,,"Compact diverse closing batch is a daily local tally or a mixed tally entered at closing; point clock is entry time, not established observation time.",end-of-day-times-2026-10-09/closing-batches.csv
T40588561,2023-07-27,clear,,,,,"Compact diverse closing batch is a daily local tally or a mixed tally entered at closing; point clock is entry time, not established observation time.",end-of-day-times-2026-10-09/closing-batches.csv
T40588562,2023-07-27,clear,,,,,"Compact diverse closing batch is a daily local tally or a mixed tally entered at closing; point clock is entry time, not established observation time.",end-of-day-times-2026-10-09/closing-batches.csv
T40588563,2023-07-27,clear,,,,,"Compact diverse closing batch is a daily local tally or a mixed tally entered at closing; point clock is entry time, not established observation time.",end-of-day-times-2026-10-09/closing-batches.csv
T40588564,2023-07-27,clear,,,,,"Compact diverse closing batch is a daily local tally or a mixed tally entered at closing; point clock is entry time, not established observation time.",end-of-day-times-2026-10-09/closing-batches.csv
T40588565,2023-07-27,clear,,,,,"Compact diverse closing batch is a daily local tally or a mixed tally entered at closing; point clock is entry time, not established observation time.",end-of-day-times-2026-10-09/closing-batches.csv
T40588566,2023-07-27,clear,,,,,"Compact diverse closing batch is a daily local tally or a mixed tally entered at closing; point clock is entry time, not established observation time.",end-of-day-times-2026-10-09/closing-batches.csv
T40588567,2023-07-27,clear,,,,,"Compact diverse closing batch is a daily local tally or a mixed tally entered at closing; point clock is entry time, not established observation time.",end-of-day-times-2026-10-09/closing-batches.csv
T40592730,2023-07-28,clear,,,,,"Compact diverse closing batch is a daily local tally or a mixed tally entered at closing; point clock is entry time, not established observation time.",end-of-day-times-2026-10-09/closing-batches.csv
T40592731,2023-07-28,clear,,,,,"Compact diverse closing batch is a daily local tally or a mixed tally entered at closing; point clock is entry time, not established observation time.",end-of-day-times-2026-10-09/closing-batches.csv
T40592732,2023-07-28,clear,,,,,"Compact diverse closing batch is a daily local tally or a mixed tally entered at closing; point clock is entry time, not established observation time.",end-of-day-times-2026-10-09/closing-batches.csv
T40592733,2023-07-28,clear,,,,,"Compact diverse closing batch is a daily local tally or a mixed tally entered at closing; point clock is entry time, not established observation time.",end-of-day-times-2026-10-09/closing-batches.csv
T40592734,2023-07-28,clear,,,,,"Compact diverse closing batch is a daily local tally or a mixed tally entered at closing; point clock is entry time, not established observation time.",end-of-day-times-2026-10-09/closing-batches.csv
T40592735,2023-07-28,clear,,,,,"Compact diverse closing batch is a daily local tally or a mixed tally entered at closing; point clock is entry time, not established observation time.",end-of-day-times-2026-10-09/closing-batches.csv
T40592736,2023-07-28,clear,,,,,"Compact diverse closing batch is a daily local tally or a mixed tally entered at closing; point clock is entry time, not established observation time.",end-of-day-times-2026-10-09/closing-batches.csv
T40592737,2023-07-28,clear,,,,,"Compact diverse closing batch is a daily local tally or a mixed tally entered at closing; point clock is entry time, not established observation time.",end-of-day-times-2026-10-09/closing-batches.csv
T40592738,2023-07-28,clear,,,,,"Compact diverse closing batch is a daily local tally or a mixed tally entered at closing; point clock is entry time, not established observation time.",end-of-day-times-2026-10-09/closing-batches.csv
T40592739,2023-07-28,clear,,,,,"Compact diverse closing batch is a daily local tally or a mixed tally entered at closing; point clock is entry time, not established observation time.",end-of-day-times-2026-10-09/closing-batches.csv
T40592740,2023-07-28,clear,,,,,"Compact diverse closing batch is a daily local tally or a mixed tally entered at closing; point clock is entry time, not established observation time.",end-of-day-times-2026-10-09/closing-batches.csv
T40592741,2023-07-28,clear,,,,,"Compact diverse closing batch is a daily local tally or a mixed tally entered at closing; point clock is entry time, not established observation time.",end-of-day-times-2026-10-09/closing-batches.csv
T40592742,2023-07-28,clear,,,,,"Compact diverse closing batch is a daily local tally or a mixed tally entered at closing; point clock is entry time, not established observation time.",end-of-day-times-2026-10-09/closing-batches.csv
T40592743,2023-07-28,clear,,,,,"Compact diverse closing batch is a daily local tally or a mixed tally entered at closing; point clock is entry time, not established observation time.",end-of-day-times-2026-10-09/closing-batches.csv
T40592744,2023-07-28,clear,,,,,"Compact diverse closing batch is a daily local tally or a mixed tally entered at closing; point clock is entry time, not established observation time.",end-of-day-times-2026-10-09/closing-batches.csv
T40592745,2023-07-28,clear,,,,,"Compact diverse closing batch is a daily local tally or a mixed tally entered at closing; point clock is entry time, not established observation time.",end-of-day-times-2026-10-09/closing-batches.csv
T40598867,2023-07-29,clear,,,,,"Compact diverse closing batch is a daily local tally or a mixed tally entered at closing; point clock is entry time, not established observation time.",end-of-day-times-2026-10-09/closing-batches.csv
T40598868,2023-07-29,clear,,,,,"Compact diverse closing batch is a daily local tally or a mixed tally entered at closing; point clock is entry time, not established observation time.",end-of-day-times-2026-10-09/closing-batches.csv
T40598869,2023-07-29,clear,,,,,"Compact diverse closing batch is a daily local tally or a mixed tally entered at closing; point clock is entry time, not established observation time.",end-of-day-times-2026-10-09/closing-batches.csv
T40598870,2023-07-29,clear,,,,,"Compact diverse closing batch is a daily local tally or a mixed tally entered at closing; point clock is entry time, not established observation time.",end-of-day-times-2026-10-09/closing-batches.csv
T40598871,2023-07-29,clear,,,,,"Compact diverse closing batch is a daily local tally or a mixed tally entered at closing; point clock is entry time, not established observation time.",end-of-day-times-2026-10-09/closing-batches.csv
T40598872,2023-07-29,clear,,,,,"Compact diverse closing batch is a daily local tally or a mixed tally entered at closing; point clock is entry time, not established observation time.",end-of-day-times-2026-10-09/closing-batches.csv
T40598873,2023-07-29,clear,,,,,"Compact diverse closing batch is a daily local tally or a mixed tally entered at closing; point clock is entry time, not established observation time.",end-of-day-times-2026-10-09/closing-batches.csv
T40598874,2023-07-29,clear,,,,,"Compact diverse closing batch is a daily local tally or a mixed tally entered at closing; point clock is entry time, not established observation time.",end-of-day-times-2026-10-09/closing-batches.csv
T40598875,2023-07-29,clear,,,,,"Compact diverse closing batch is a daily local tally or a mixed tally entered at closing; point clock is entry time, not established observation time.",end-of-day-times-2026-10-09/closing-batches.csv
T40598876,2023-07-29,clear,,,,,"Compact diverse closing batch is a daily local tally or a mixed tally entered at closing; point clock is entry time, not established observation time.",end-of-day-times-2026-10-09/closing-batches.csv
T40598877,2023-07-29,clear,,,,,"Compact diverse closing batch is a daily local tally or a mixed tally entered at closing; point clock is entry time, not established observation time.",end-of-day-times-2026-10-09/closing-batches.csv
T40598878,2023-07-29,clear,,,,,"Compact diverse closing batch is a daily local tally or a mixed tally entered at closing; point clock is entry time, not established observation time.",end-of-day-times-2026-10-09/closing-batches.csv
T40598879,2023-07-29,clear,,,,,"Compact diverse closing batch is a daily local tally or a mixed tally entered at closing; point clock is entry time, not established observation time.",end-of-day-times-2026-10-09/closing-batches.csv
T40598880,2023-07-29,clear,,,,,"Compact diverse closing batch is a daily local tally or a mixed tally entered at closing; point clock is entry time, not established observation time.",end-of-day-times-2026-10-09/closing-batches.csv
T40598881,2023-07-29,clear,,,,,"Compact diverse closing batch is a daily local tally or a mixed tally entered at closing; point clock is entry time, not established observation time.",end-of-day-times-2026-10-09/closing-batches.csv
T40598882,2023-07-29,clear,,,,,"Compact diverse closing batch is a daily local tally or a mixed tally entered at closing; point clock is entry time, not established observation time.",end-of-day-times-2026-10-09/closing-batches.csv
T40598883,2023-07-29,clear,,,,,"Compact diverse closing batch is a daily local tally or a mixed tally entered at closing; point clock is entry time, not established observation time.",end-of-day-times-2026-10-09/closing-batches.csv
T40598884,2023-07-29,clear,,,,,"Compact diverse closing batch is a daily local tally or a mixed tally entered at closing; point clock is entry time, not established observation time.",end-of-day-times-2026-10-09/closing-batches.csv
T40598885,2023-07-29,clear,,,,,"Compact diverse closing batch is a daily local tally or a mixed tally entered at closing; point clock is entry time, not established observation time.",end-of-day-times-2026-10-09/closing-batches.csv
T40598886,2023-07-29,clear,,,,,"Compact diverse closing batch is a daily local tally or a mixed tally entered at closing; point clock is entry time, not established observation time.",end-of-day-times-2026-10-09/closing-batches.csv
T40598887,2023-07-29,clear,,,,,"Compact diverse closing batch is a daily local tally or a mixed tally entered at closing; point clock is entry time, not established observation time.",end-of-day-times-2026-10-09/closing-batches.csv
T40598888,2023-07-29,clear,,,,,"Compact diverse closing batch is a daily local tally or a mixed tally entered at closing; point clock is entry time, not established observation time.",end-of-day-times-2026-10-09/closing-batches.csv
T40598889,2023-07-29,clear,,,,,"Compact diverse closing batch is a daily local tally or a mixed tally entered at closing; point clock is entry time, not established observation time.",end-of-day-times-2026-10-09/closing-batches.csv
T40598890,2023-07-29,clear,,,,,"Compact diverse closing batch is a daily local tally or a mixed tally entered at closing; point clock is entry time, not established observation time.",end-of-day-times-2026-10-09/closing-batches.csv
T40598891,2023-07-29,clear,,,,,"Compact diverse closing batch is a daily local tally or a mixed tally entered at closing; point clock is entry time, not established observation time.",end-of-day-times-2026-10-09/closing-batches.csv
T40598892,2023-07-29,clear,,,,,"Compact diverse closing batch is a daily local tally or a mixed tally entered at closing; point clock is entry time, not established observation time.",end-of-day-times-2026-10-09/closing-batches.csv
T40598893,2023-07-29,clear,,,,,"Compact diverse closing batch is a daily local tally or a mixed tally entered at closing; point clock is entry time, not established observation time.",end-of-day-times-2026-10-09/closing-batches.csv
T40598894,2023-07-29,clear,,,,,"Compact diverse closing batch is a daily local tally or a mixed tally entered at closing; point clock is entry time, not established observation time.",end-of-day-times-2026-10-09/closing-batches.csv
T40598895,2023-07-29,clear,,,,,"Compact diverse closing batch is a daily local tally or a mixed tally entered at closing; point clock is entry time, not established observation time.",end-of-day-times-2026-10-09/closing-batches.csv
T40598896,2023-07-29,clear,,,,,"Compact diverse closing batch is a daily local tally or a mixed tally entered at closing; point clock is entry time, not established observation time.",end-of-day-times-2026-10-09/closing-batches.csv
T40598897,2023-07-29,clear,,,,,"Compact diverse closing batch is a daily local tally or a mixed tally entered at closing; point clock is entry time, not established observation time.",end-of-day-times-2026-10-09/closing-batches.csv
T40608752,2023-07-31,clear,,,,,"Compact diverse closing batch is a daily local tally or a mixed tally entered at closing; point clock is entry time, not established observation time.",end-of-day-times-2026-10-09/closing-batches.csv
T40608753,2023-07-31,clear,,,,,"Compact diverse closing batch is a daily local tally or a mixed tally entered at closing; point clock is entry time, not established observation time.",end-of-day-times-2026-10-09/closing-batches.csv
T40608754,2023-07-31,clear,,,,,"Compact diverse closing batch is a daily local tally or a mixed tally entered at closing; point clock is entry time, not established observation time.",end-of-day-times-2026-10-09/closing-batches.csv
T40608755,2023-07-31,clear,,,,,"Compact diverse closing batch is a daily local tally or a mixed tally entered at closing; point clock is entry time, not established observation time.",end-of-day-times-2026-10-09/closing-batches.csv
T40608756,2023-07-31,clear,,,,,"Compact diverse closing batch is a daily local tally or a mixed tally entered at closing; point clock is entry time, not established observation time.",end-of-day-times-2026-10-09/closing-batches.csv
T40608757,2023-07-31,clear,,,,,"Compact diverse closing batch is a daily local tally or a mixed tally entered at closing; point clock is entry time, not established observation time.",end-of-day-times-2026-10-09/closing-batches.csv
T40608758,2023-07-31,clear,,,,,"Compact diverse closing batch is a daily local tally or a mixed tally entered at closing; point clock is entry time, not established observation time.",end-of-day-times-2026-10-09/closing-batches.csv
T40608759,2023-07-31,clear,,,,,"Compact diverse closing batch is a daily local tally or a mixed tally entered at closing; point clock is entry time, not established observation time.",end-of-day-times-2026-10-09/closing-batches.csv
T40608760,2023-07-31,clear,,,,,"Compact diverse closing batch is a daily local tally or a mixed tally entered at closing; point clock is entry time, not established observation time.",end-of-day-times-2026-10-09/closing-batches.csv
T40608761,2023-07-31,clear,,,,,"Compact diverse closing batch is a daily local tally or a mixed tally entered at closing; point clock is entry time, not established observation time.",end-of-day-times-2026-10-09/closing-batches.csv
T40608762,2023-07-31,clear,,,,,"Compact diverse closing batch is a daily local tally or a mixed tally entered at closing; point clock is entry time, not established observation time.",end-of-day-times-2026-10-09/closing-batches.csv
T40608763,2023-07-31,clear,,,,,"Compact diverse closing batch is a daily local tally or a mixed tally entered at closing; point clock is entry time, not established observation time.",end-of-day-times-2026-10-09/closing-batches.csv
T40608764,2023-07-31,clear,,,,,"Compact diverse closing batch is a daily local tally or a mixed tally entered at closing; point clock is entry time, not established observation time.",end-of-day-times-2026-10-09/closing-batches.csv
T40608765,2023-07-31,clear,,,,,"Compact diverse closing batch is a daily local tally or a mixed tally entered at closing; point clock is entry time, not established observation time.",end-of-day-times-2026-10-09/closing-batches.csv
T40608766,2023-07-31,clear,,,,,"Compact diverse closing batch is a daily local tally or a mixed tally entered at closing; point clock is entry time, not established observation time.",end-of-day-times-2026-10-09/closing-batches.csv
T40608767,2023-07-31,clear,,,,,"Compact diverse closing batch is a daily local tally or a mixed tally entered at closing; point clock is entry time, not established observation time.",end-of-day-times-2026-10-09/closing-batches.csv
T40608768,2023-07-31,clear,,,,,"Compact diverse closing batch is a daily local tally or a mixed tally entered at closing; point clock is entry time, not established observation time.",end-of-day-times-2026-10-09/closing-batches.csv
T40608769,2023-07-31,clear,,,,,"Compact diverse closing batch is a daily local tally or a mixed tally entered at closing; point clock is entry time, not established observation time.",end-of-day-times-2026-10-09/closing-batches.csv
T40608770,2023-07-31,clear,,,,,"Compact diverse closing batch is a daily local tally or a mixed tally entered at closing; point clock is entry time, not established observation time.",end-of-day-times-2026-10-09/closing-batches.csv
T40608771,2023-07-31,clear,,,,,"Compact diverse closing batch is a daily local tally or a mixed tally entered at closing; point clock is entry time, not established observation time.",end-of-day-times-2026-10-09/closing-batches.csv
T40608772,2023-07-31,clear,,,,,"Compact diverse closing batch is a daily local tally or a mixed tally entered at closing; point clock is entry time, not established observation time.",end-of-day-times-2026-10-09/closing-batches.csv
T40608773,2023-07-31,clear,,,,,"Compact diverse closing batch is a daily local tally or a mixed tally entered at closing; point clock is entry time, not established observation time.",end-of-day-times-2026-10-09/closing-batches.csv
T40608774,2023-07-31,clear,,,,,"Compact diverse closing batch is a daily local tally or a mixed tally entered at closing; point clock is entry time, not established observation time.",end-of-day-times-2026-10-09/closing-batches.csv
T40608775,2023-07-31,clear,,,,,"Compact diverse closing batch is a daily local tally or a mixed tally entered at closing; point clock is entry time, not established observation time.",end-of-day-times-2026-10-09/closing-batches.csv
T40608776,2023-07-31,clear,,,,,"Compact diverse closing batch is a daily local tally or a mixed tally entered at closing; point clock is entry time, not established observation time.",end-of-day-times-2026-10-09/closing-batches.csv
T40608777,2023-07-31,clear,,,,,"Compact diverse closing batch is a daily local tally or a mixed tally entered at closing; point clock is entry time, not established observation time.",end-of-day-times-2026-10-09/closing-batches.csv
T40614951,2023-08-01,clear,,,,,"Compact diverse closing batch is a daily local tally or a mixed tally entered at closing; point clock is entry time, not established observation time.",end-of-day-times-2026-10-09/closing-batches.csv
T40614952,2023-08-01,clear,,,,,"Compact diverse closing batch is a daily local tally or a mixed tally entered at closing; point clock is entry time, not established observation time.",end-of-day-times-2026-10-09/closing-batches.csv
T40614953,2023-08-01,clear,,,,,"Compact diverse closing batch is a daily local tally or a mixed tally entered at closing; point clock is entry time, not established observation time.",end-of-day-times-2026-10-09/closing-batches.csv
T40614954,2023-08-01,clear,,,,,"Compact diverse closing batch is a daily local tally or a mixed tally entered at closing; point clock is entry time, not established observation time.",end-of-day-times-2026-10-09/closing-batches.csv
T40614955,2023-08-01,clear,,,,,"Compact diverse closing batch is a daily local tally or a mixed tally entered at closing; point clock is entry time, not established observation time.",end-of-day-times-2026-10-09/closing-batches.csv
T40614956,2023-08-01,clear,,,,,"Compact diverse closing batch is a daily local tally or a mixed tally entered at closing; point clock is entry time, not established observation time.",end-of-day-times-2026-10-09/closing-batches.csv
T40614957,2023-08-01,clear,,,,,"Compact diverse closing batch is a daily local tally or a mixed tally entered at closing; point clock is entry time, not established observation time.",end-of-day-times-2026-10-09/closing-batches.csv
T40614958,2023-08-01,clear,,,,,"Compact diverse closing batch is a daily local tally or a mixed tally entered at closing; point clock is entry time, not established observation time.",end-of-day-times-2026-10-09/closing-batches.csv
T40614959,2023-08-01,clear,,,,,"Compact diverse closing batch is a daily local tally or a mixed tally entered at closing; point clock is entry time, not established observation time.",end-of-day-times-2026-10-09/closing-batches.csv
T40614960,2023-08-01,clear,,,,,"Compact diverse closing batch is a daily local tally or a mixed tally entered at closing; point clock is entry time, not established observation time.",end-of-day-times-2026-10-09/closing-batches.csv
T40614961,2023-08-01,clear,,,,,"Compact diverse closing batch is a daily local tally or a mixed tally entered at closing; point clock is entry time, not established observation time.",end-of-day-times-2026-10-09/closing-batches.csv
T40614962,2023-08-01,clear,,,,,"Compact diverse closing batch is a daily local tally or a mixed tally entered at closing; point clock is entry time, not established observation time.",end-of-day-times-2026-10-09/closing-batches.csv
T40614963,2023-08-01,clear,,,,,"Compact diverse closing batch is a daily local tally or a mixed tally entered at closing; point clock is entry time, not established observation time.",end-of-day-times-2026-10-09/closing-batches.csv
T40614964,2023-08-01,clear,,,,,"Compact diverse closing batch is a daily local tally or a mixed tally entered at closing; point clock is entry time, not established observation time.",end-of-day-times-2026-10-09/closing-batches.csv
T40614965,2023-08-01,clear,,,,,"Compact diverse closing batch is a daily local tally or a mixed tally entered at closing; point clock is entry time, not established observation time.",end-of-day-times-2026-10-09/closing-batches.csv
T40614966,2023-08-01,clear,,,,,"Compact diverse closing batch is a daily local tally or a mixed tally entered at closing; point clock is entry time, not established observation time.",end-of-day-times-2026-10-09/closing-batches.csv
T40614967,2023-08-01,clear,,,,,"Compact diverse closing batch is a daily local tally or a mixed tally entered at closing; point clock is entry time, not established observation time.",end-of-day-times-2026-10-09/closing-batches.csv
T40614968,2023-08-01,clear,,,,,"Compact diverse closing batch is a daily local tally or a mixed tally entered at closing; point clock is entry time, not established observation time.",end-of-day-times-2026-10-09/closing-batches.csv
T40614969,2023-08-01,clear,,,,,"Compact diverse closing batch is a daily local tally or a mixed tally entered at closing; point clock is entry time, not established observation time.",end-of-day-times-2026-10-09/closing-batches.csv
T40614970,2023-08-01,clear,,,,,"Compact diverse closing batch is a daily local tally or a mixed tally entered at closing; point clock is entry time, not established observation time.",end-of-day-times-2026-10-09/closing-batches.csv
T40614971,2023-08-01,clear,,,,,"Compact diverse closing batch is a daily local tally or a mixed tally entered at closing; point clock is entry time, not established observation time.",end-of-day-times-2026-10-09/closing-batches.csv
T40614972,2023-08-01,clear,,,,,"Compact diverse closing batch is a daily local tally or a mixed tally entered at closing; point clock is entry time, not established observation time.",end-of-day-times-2026-10-09/closing-batches.csv
T40614973,2023-08-01,clear,,,,,"Compact diverse closing batch is a daily local tally or a mixed tally entered at closing; point clock is entry time, not established observation time.",end-of-day-times-2026-10-09/closing-batches.csv
T40614974,2023-08-01,clear,,,,,"Compact diverse closing batch is a daily local tally or a mixed tally entered at closing; point clock is entry time, not established observation time.",end-of-day-times-2026-10-09/closing-batches.csv
T40614975,2023-08-01,clear,,,,,"Compact diverse closing batch is a daily local tally or a mixed tally entered at closing; point clock is entry time, not established observation time.",end-of-day-times-2026-10-09/closing-batches.csv
T40614976,2023-08-01,clear,,,,,"Compact diverse closing batch is a daily local tally or a mixed tally entered at closing; point clock is entry time, not established observation time.",end-of-day-times-2026-10-09/closing-batches.csv
T40614977,2023-08-01,clear,,,,,"Compact diverse closing batch is a daily local tally or a mixed tally entered at closing; point clock is entry time, not established observation time.",end-of-day-times-2026-10-09/closing-batches.csv
T40614978,2023-08-01,clear,,,,,"Compact diverse closing batch is a daily local tally or a mixed tally entered at closing; point clock is entry time, not established observation time.",end-of-day-times-2026-10-09/closing-batches.csv
T40614979,2023-08-01,clear,,,,,"Compact diverse closing batch is a daily local tally or a mixed tally entered at closing; point clock is entry time, not established observation time.",end-of-day-times-2026-10-09/closing-batches.csv
T40614980,2023-08-01,clear,,,,,"Compact diverse closing batch is a daily local tally or a mixed tally entered at closing; point clock is entry time, not established observation time.",end-of-day-times-2026-10-09/closing-batches.csv
T40614981,2023-08-01,clear,,,,,"Compact diverse closing batch is a daily local tally or a mixed tally entered at closing; point clock is entry time, not established observation time.",end-of-day-times-2026-10-09/closing-batches.csv
T40614982,2023-08-01,clear,,,,,"Compact diverse closing batch is a daily local tally or a mixed tally entered at closing; point clock is entry time, not established observation time.",end-of-day-times-2026-10-09/closing-batches.csv
T40614983,2023-08-01,clear,,,,,"Compact diverse closing batch is a daily local tally or a mixed tally entered at closing; point clock is entry time, not established observation time.",end-of-day-times-2026-10-09/closing-batches.csv
T40614984,2023-08-01,clear,,,,,"Compact diverse closing batch is a daily local tally or a mixed tally entered at closing; point clock is entry time, not established observation time.",end-of-day-times-2026-10-09/closing-batches.csv
T40614985,2023-08-01,clear,,,,,"Compact diverse closing batch is a daily local tally or a mixed tally entered at closing; point clock is entry time, not established observation time.",end-of-day-times-2026-10-09/closing-batches.csv
T40614986,2023-08-01,clear,,,,,"Compact diverse closing batch is a daily local tally or a mixed tally entered at closing; point clock is entry time, not established observation time.",end-of-day-times-2026-10-09/closing-batches.csv
T40622142,2023-08-02,clear,,,,,"Compact diverse closing batch is a daily local tally or a mixed tally entered at closing; point clock is entry time, not established observation time.",end-of-day-times-2026-10-09/closing-batches.csv
T40622143,2023-08-02,clear,,,,,"Compact diverse closing batch is a daily local tally or a mixed tally entered at closing; point clock is entry time, not established observation time.",end-of-day-times-2026-10-09/closing-batches.csv
T40622144,2023-08-02,clear,,,,,"Compact diverse closing batch is a daily local tally or a mixed tally entered at closing; point clock is entry time, not established observation time.",end-of-day-times-2026-10-09/closing-batches.csv
T40622145,2023-08-02,clear,,,,,"Compact diverse closing batch is a daily local tally or a mixed tally entered at closing; point clock is entry time, not established observation time.",end-of-day-times-2026-10-09/closing-batches.csv
T40622146,2023-08-02,clear,,,,,"Compact diverse closing batch is a daily local tally or a mixed tally entered at closing; point clock is entry time, not established observation time.",end-of-day-times-2026-10-09/closing-batches.csv
T40622147,2023-08-02,clear,,,,,"Compact diverse closing batch is a daily local tally or a mixed tally entered at closing; point clock is entry time, not established observation time.",end-of-day-times-2026-10-09/closing-batches.csv
T40622148,2023-08-02,clear,,,,,"Compact diverse closing batch is a daily local tally or a mixed tally entered at closing; point clock is entry time, not established observation time.",end-of-day-times-2026-10-09/closing-batches.csv
T40622149,2023-08-02,clear,,,,,"Compact diverse closing batch is a daily local tally or a mixed tally entered at closing; point clock is entry time, not established observation time.",end-of-day-times-2026-10-09/closing-batches.csv
T40622150,2023-08-02,clear,,,,,"Compact diverse closing batch is a daily local tally or a mixed tally entered at closing; point clock is entry time, not established observation time.",end-of-day-times-2026-10-09/closing-batches.csv
T40622151,2023-08-02,clear,,,,,"Compact diverse closing batch is a daily local tally or a mixed tally entered at closing; point clock is entry time, not established observation time.",end-of-day-times-2026-10-09/closing-batches.csv
T40622152,2023-08-02,clear,,,,,"Compact diverse closing batch is a daily local tally or a mixed tally entered at closing; point clock is entry time, not established observation time.",end-of-day-times-2026-10-09/closing-batches.csv
T40622153,2023-08-02,clear,,,,,"Compact diverse closing batch is a daily local tally or a mixed tally entered at closing; point clock is entry time, not established observation time.",end-of-day-times-2026-10-09/closing-batches.csv
T40622154,2023-08-02,clear,,,,,"Compact diverse closing batch is a daily local tally or a mixed tally entered at closing; point clock is entry time, not established observation time.",end-of-day-times-2026-10-09/closing-batches.csv
T40622155,2023-08-02,clear,,,,,"Compact diverse closing batch is a daily local tally or a mixed tally entered at closing; point clock is entry time, not established observation time.",end-of-day-times-2026-10-09/closing-batches.csv
T40622156,2023-08-02,clear,,,,,"Compact diverse closing batch is a daily local tally or a mixed tally entered at closing; point clock is entry time, not established observation time.",end-of-day-times-2026-10-09/closing-batches.csv
T40622157,2023-08-02,clear,,,,,"Compact diverse closing batch is a daily local tally or a mixed tally entered at closing; point clock is entry time, not established observation time.",end-of-day-times-2026-10-09/closing-batches.csv
T40622158,2023-08-02,clear,,,,,"Compact diverse closing batch is a daily local tally or a mixed tally entered at closing; point clock is entry time, not established observation time.",end-of-day-times-2026-10-09/closing-batches.csv
T40622159,2023-08-02,clear,,,,,"Compact diverse closing batch is a daily local tally or a mixed tally entered at closing; point clock is entry time, not established observation time.",end-of-day-times-2026-10-09/closing-batches.csv
T40622160,2023-08-02,clear,,,,,"Compact diverse closing batch is a daily local tally or a mixed tally entered at closing; point clock is entry time, not established observation time.",end-of-day-times-2026-10-09/closing-batches.csv
T40622161,2023-08-02,clear,,,,,"Compact diverse closing batch is a daily local tally or a mixed tally entered at closing; point clock is entry time, not established observation time.",end-of-day-times-2026-10-09/closing-batches.csv
T40629407,2023-08-03,clear,,,,,"Compact diverse closing batch is a daily local tally or a mixed tally entered at closing; point clock is entry time, not established observation time.",end-of-day-times-2026-10-09/closing-batches.csv
T40629408,2023-08-03,clear,,,,,"Compact diverse closing batch is a daily local tally or a mixed tally entered at closing; point clock is entry time, not established observation time.",end-of-day-times-2026-10-09/closing-batches.csv
T40629409,2023-08-03,clear,,,,,"Compact diverse closing batch is a daily local tally or a mixed tally entered at closing; point clock is entry time, not established observation time.",end-of-day-times-2026-10-09/closing-batches.csv
T40629410,2023-08-03,clear,,,,,"Compact diverse closing batch is a daily local tally or a mixed tally entered at closing; point clock is entry time, not established observation time.",end-of-day-times-2026-10-09/closing-batches.csv
T40629411,2023-08-03,clear,,,,,"Compact diverse closing batch is a daily local tally or a mixed tally entered at closing; point clock is entry time, not established observation time.",end-of-day-times-2026-10-09/closing-batches.csv
T40629412,2023-08-03,clear,,,,,"Compact diverse closing batch is a daily local tally or a mixed tally entered at closing; point clock is entry time, not established observation time.",end-of-day-times-2026-10-09/closing-batches.csv
T40629413,2023-08-03,clear,,,,,"Compact diverse closing batch is a daily local tally or a mixed tally entered at closing; point clock is entry time, not established observation time.",end-of-day-times-2026-10-09/closing-batches.csv
T40629414,2023-08-03,clear,,,,,"Compact diverse closing batch is a daily local tally or a mixed tally entered at closing; point clock is entry time, not established observation time.",end-of-day-times-2026-10-09/closing-batches.csv
T40629415,2023-08-03,clear,,,,,"Compact diverse closing batch is a daily local tally or a mixed tally entered at closing; point clock is entry time, not established observation time.",end-of-day-times-2026-10-09/closing-batches.csv
T40629416,2023-08-03,clear,,,,,"Compact diverse closing batch is a daily local tally or a mixed tally entered at closing; point clock is entry time, not established observation time.",end-of-day-times-2026-10-09/closing-batches.csv
T40629417,2023-08-03,clear,,,,,"Compact diverse closing batch is a daily local tally or a mixed tally entered at closing; point clock is entry time, not established observation time.",end-of-day-times-2026-10-09/closing-batches.csv
T40629418,2023-08-03,clear,,,,,"Compact diverse closing batch is a daily local tally or a mixed tally entered at closing; point clock is entry time, not established observation time.",end-of-day-times-2026-10-09/closing-batches.csv
T40629419,2023-08-03,clear,,,,,"Compact diverse closing batch is a daily local tally or a mixed tally entered at closing; point clock is entry time, not established observation time.",end-of-day-times-2026-10-09/closing-batches.csv
T40629420,2023-08-03,clear,,,,,"Compact diverse closing batch is a daily local tally or a mixed tally entered at closing; point clock is entry time, not established observation time.",end-of-day-times-2026-10-09/closing-batches.csv
T40629421,2023-08-03,clear,,,,,"Compact diverse closing batch is a daily local tally or a mixed tally entered at closing; point clock is entry time, not established observation time.",end-of-day-times-2026-10-09/closing-batches.csv
T40629422,2023-08-03,clear,,,,,"Compact diverse closing batch is a daily local tally or a mixed tally entered at closing; point clock is entry time, not established observation time.",end-of-day-times-2026-10-09/closing-batches.csv
T40629423,2023-08-03,clear,,,,,"Compact diverse closing batch is a daily local tally or a mixed tally entered at closing; point clock is entry time, not established observation time.",end-of-day-times-2026-10-09/closing-batches.csv
T40629424,2023-08-03,clear,,,,,"Compact diverse closing batch is a daily local tally or a mixed tally entered at closing; point clock is entry time, not established observation time.",end-of-day-times-2026-10-09/closing-batches.csv
T40629425,2023-08-03,clear,,,,,"Compact diverse closing batch is a daily local tally or a mixed tally entered at closing; point clock is entry time, not established observation time.",end-of-day-times-2026-10-09/closing-batches.csv
T40629426,2023-08-03,clear,,,,,"Compact diverse closing batch is a daily local tally or a mixed tally entered at closing; point clock is entry time, not established observation time.",end-of-day-times-2026-10-09/closing-batches.csv
T40629427,2023-08-03,clear,,,,,"Compact diverse closing batch is a daily local tally or a mixed tally entered at closing; point clock is entry time, not established observation time.",end-of-day-times-2026-10-09/closing-batches.csv
T40629428,2023-08-03,clear,,,,,"Compact diverse closing batch is a daily local tally or a mixed tally entered at closing; point clock is entry time, not established observation time.",end-of-day-times-2026-10-09/closing-batches.csv
T40629429,2023-08-03,clear,,,,,"Compact diverse closing batch is a daily local tally or a mixed tally entered at closing; point clock is entry time, not established observation time.",end-of-day-times-2026-10-09/closing-batches.csv
T40629430,2023-08-03,clear,,,,,"Compact diverse closing batch is a daily local tally or a mixed tally entered at closing; point clock is entry time, not established observation time.",end-of-day-times-2026-10-09/closing-batches.csv
T40629431,2023-08-03,clear,,,,,"Compact diverse closing batch is a daily local tally or a mixed tally entered at closing; point clock is entry time, not established observation time.",end-of-day-times-2026-10-09/closing-batches.csv
T40647081,2023-08-05,clear,,,,,"Compact diverse closing batch is a daily local tally or a mixed tally entered at closing; point clock is entry time, not established observation time.",end-of-day-times-2026-10-09/closing-batches.csv
T40647082,2023-08-05,clear,,,,,"Compact diverse closing batch is a daily local tally or a mixed tally entered at closing; point clock is entry time, not established observation time.",end-of-day-times-2026-10-09/closing-batches.csv
T40647083,2023-08-05,clear,,,,,"Compact diverse closing batch is a daily local tally or a mixed tally entered at closing; point clock is entry time, not established observation time.",end-of-day-times-2026-10-09/closing-batches.csv
T40647084,2023-08-05,clear,,,,,"Compact diverse closing batch is a daily local tally or a mixed tally entered at closing; point clock is entry time, not established observation time.",end-of-day-times-2026-10-09/closing-batches.csv
T40647085,2023-08-05,clear,,,,,"Compact diverse closing batch is a daily local tally or a mixed tally entered at closing; point clock is entry time, not established observation time.",end-of-day-times-2026-10-09/closing-batches.csv
T40647086,2023-08-05,clear,,,,,"Compact diverse closing batch is a daily local tally or a mixed tally entered at closing; point clock is entry time, not established observation time.",end-of-day-times-2026-10-09/closing-batches.csv
T40647087,2023-08-05,clear,,,,,"Compact diverse closing batch is a daily local tally or a mixed tally entered at closing; point clock is entry time, not established observation time.",end-of-day-times-2026-10-09/closing-batches.csv
T40647088,2023-08-05,clear,,,,,"Compact diverse closing batch is a daily local tally or a mixed tally entered at closing; point clock is entry time, not established observation time.",end-of-day-times-2026-10-09/closing-batches.csv
T40647089,2023-08-05,clear,,,,,"Compact diverse closing batch is a daily local tally or a mixed tally entered at closing; point clock is entry time, not established observation time.",end-of-day-times-2026-10-09/closing-batches.csv
T40647090,2023-08-05,clear,,,,,"Compact diverse closing batch is a daily local tally or a mixed tally entered at closing; point clock is entry time, not established observation time.",end-of-day-times-2026-10-09/closing-batches.csv
T40647091,2023-08-05,clear,,,,,"Compact diverse closing batch is a daily local tally or a mixed tally entered at closing; point clock is entry time, not established observation time.",end-of-day-times-2026-10-09/closing-batches.csv
T40647092,2023-08-05,clear,,,,,"Compact diverse closing batch is a daily local tally or a mixed tally entered at closing; point clock is entry time, not established observation time.",end-of-day-times-2026-10-09/closing-batches.csv
T40647093,2023-08-05,clear,,,,,"Compact diverse closing batch is a daily local tally or a mixed tally entered at closing; point clock is entry time, not established observation time.",end-of-day-times-2026-10-09/closing-batches.csv
T40647094,2023-08-05,clear,,,,,"Compact diverse closing batch is a daily local tally or a mixed tally entered at closing; point clock is entry time, not established observation time.",end-of-day-times-2026-10-09/closing-batches.csv
T40647095,2023-08-05,clear,,,,,"Compact diverse closing batch is a daily local tally or a mixed tally entered at closing; point clock is entry time, not established observation time.",end-of-day-times-2026-10-09/closing-batches.csv
T40647096,2023-08-05,clear,,,,,"Compact diverse closing batch is a daily local tally or a mixed tally entered at closing; point clock is entry time, not established observation time.",end-of-day-times-2026-10-09/closing-batches.csv
T40647097,2023-08-05,clear,,,,,"Compact diverse closing batch is a daily local tally or a mixed tally entered at closing; point clock is entry time, not established observation time.",end-of-day-times-2026-10-09/closing-batches.csv
T40647098,2023-08-05,clear,,,,,"Compact diverse closing batch is a daily local tally or a mixed tally entered at closing; point clock is entry time, not established observation time.",end-of-day-times-2026-10-09/closing-batches.csv
T40647099,2023-08-05,clear,,,,,"Compact diverse closing batch is a daily local tally or a mixed tally entered at closing; point clock is entry time, not established observation time.",end-of-day-times-2026-10-09/closing-batches.csv
T40690813,2023-08-09,clear,,,,,"Compact diverse closing batch is a daily local tally or a mixed tally entered at closing; point clock is entry time, not established observation time.",end-of-day-times-2026-10-09/closing-batches.csv
T40690814,2023-08-09,clear,,,,,"Compact diverse closing batch is a daily local tally or a mixed tally entered at closing; point clock is entry time, not established observation time.",end-of-day-times-2026-10-09/closing-batches.csv
T40690815,2023-08-09,clear,,,,,"Compact diverse closing batch is a daily local tally or a mixed tally entered at closing; point clock is entry time, not established observation time.",end-of-day-times-2026-10-09/closing-batches.csv
T40690816,2023-08-09,clear,,,,,"Compact diverse closing batch is a daily local tally or a mixed tally entered at closing; point clock is entry time, not established observation time.",end-of-day-times-2026-10-09/closing-batches.csv
T40690817,2023-08-09,clear,,,,,"Compact diverse closing batch is a daily local tally or a mixed tally entered at closing; point clock is entry time, not established observation time.",end-of-day-times-2026-10-09/closing-batches.csv
T40690818,2023-08-09,clear,,,,,"Compact diverse closing batch is a daily local tally or a mixed tally entered at closing; point clock is entry time, not established observation time.",end-of-day-times-2026-10-09/closing-batches.csv
T40690819,2023-08-09,clear,,,,,"Compact diverse closing batch is a daily local tally or a mixed tally entered at closing; point clock is entry time, not established observation time.",end-of-day-times-2026-10-09/closing-batches.csv
T40690820,2023-08-09,clear,,,,,"Compact diverse closing batch is a daily local tally or a mixed tally entered at closing; point clock is entry time, not established observation time.",end-of-day-times-2026-10-09/closing-batches.csv
T40690821,2023-08-09,clear,,,,,"Compact diverse closing batch is a daily local tally or a mixed tally entered at closing; point clock is entry time, not established observation time.",end-of-day-times-2026-10-09/closing-batches.csv
T40690822,2023-08-09,clear,,,,,"Compact diverse closing batch is a daily local tally or a mixed tally entered at closing; point clock is entry time, not established observation time.",end-of-day-times-2026-10-09/closing-batches.csv
T40690823,2023-08-09,clear,,,,,"Compact diverse closing batch is a daily local tally or a mixed tally entered at closing; point clock is entry time, not established observation time.",end-of-day-times-2026-10-09/closing-batches.csv
T40690824,2023-08-09,clear,,,,,"Compact diverse closing batch is a daily local tally or a mixed tally entered at closing; point clock is entry time, not established observation time.",end-of-day-times-2026-10-09/closing-batches.csv
T40690825,2023-08-09,clear,,,,,"Compact diverse closing batch is a daily local tally or a mixed tally entered at closing; point clock is entry time, not established observation time.",end-of-day-times-2026-10-09/closing-batches.csv
T40690826,2023-08-09,clear,,,,,"Compact diverse closing batch is a daily local tally or a mixed tally entered at closing; point clock is entry time, not established observation time.",end-of-day-times-2026-10-09/closing-batches.csv
T40690827,2023-08-09,clear,,,,,"Compact diverse closing batch is a daily local tally or a mixed tally entered at closing; point clock is entry time, not established observation time.",end-of-day-times-2026-10-09/closing-batches.csv
T40690828,2023-08-09,clear,,,,,"Compact diverse closing batch is a daily local tally or a mixed tally entered at closing; point clock is entry time, not established observation time.",end-of-day-times-2026-10-09/closing-batches.csv
T40698563,2023-08-10,clear,,,,,"Compact diverse closing batch is a daily local tally or a mixed tally entered at closing; point clock is entry time, not established observation time.",end-of-day-times-2026-10-09/closing-batches.csv
T40698564,2023-08-10,clear,,,,,"Compact diverse closing batch is a daily local tally or a mixed tally entered at closing; point clock is entry time, not established observation time.",end-of-day-times-2026-10-09/closing-batches.csv
T40698565,2023-08-10,clear,,,,,"Compact diverse closing batch is a daily local tally or a mixed tally entered at closing; point clock is entry time, not established observation time.",end-of-day-times-2026-10-09/closing-batches.csv
T40698566,2023-08-10,clear,,,,,"Compact diverse closing batch is a daily local tally or a mixed tally entered at closing; point clock is entry time, not established observation time.",end-of-day-times-2026-10-09/closing-batches.csv
T40698567,2023-08-10,clear,,,,,"Compact diverse closing batch is a daily local tally or a mixed tally entered at closing; point clock is entry time, not established observation time.",end-of-day-times-2026-10-09/closing-batches.csv
T40698568,2023-08-10,clear,,,,,"Compact diverse closing batch is a daily local tally or a mixed tally entered at closing; point clock is entry time, not established observation time.",end-of-day-times-2026-10-09/closing-batches.csv
T40698569,2023-08-10,clear,,,,,"Compact diverse closing batch is a daily local tally or a mixed tally entered at closing; point clock is entry time, not established observation time.",end-of-day-times-2026-10-09/closing-batches.csv
T40698570,2023-08-10,clear,,,,,"Compact diverse closing batch is a daily local tally or a mixed tally entered at closing; point clock is entry time, not established observation time.",end-of-day-times-2026-10-09/closing-batches.csv
T40698571,2023-08-10,clear,,,,,"Compact diverse closing batch is a daily local tally or a mixed tally entered at closing; point clock is entry time, not established observation time.",end-of-day-times-2026-10-09/closing-batches.csv
T40698572,2023-08-10,clear,,,,,"Compact diverse closing batch is a daily local tally or a mixed tally entered at closing; point clock is entry time, not established observation time.",end-of-day-times-2026-10-09/closing-batches.csv
T40698573,2023-08-10,clear,,,,,"Compact diverse closing batch is a daily local tally or a mixed tally entered at closing; point clock is entry time, not established observation time.",end-of-day-times-2026-10-09/closing-batches.csv
T40698574,2023-08-10,clear,,,,,"Compact diverse closing batch is a daily local tally or a mixed tally entered at closing; point clock is entry time, not established observation time.",end-of-day-times-2026-10-09/closing-batches.csv
T40698575,2023-08-10,clear,,,,,"Compact diverse closing batch is a daily local tally or a mixed tally entered at closing; point clock is entry time, not established observation time.",end-of-day-times-2026-10-09/closing-batches.csv
T40698576,2023-08-10,clear,,,,,"Compact diverse closing batch is a daily local tally or a mixed tally entered at closing; point clock is entry time, not established observation time.",end-of-day-times-2026-10-09/closing-batches.csv
T40698577,2023-08-10,clear,,,,,"Compact diverse closing batch is a daily local tally or a mixed tally entered at closing; point clock is entry time, not established observation time.",end-of-day-times-2026-10-09/closing-batches.csv
T40698578,2023-08-10,clear,,,,,"Compact diverse closing batch is a daily local tally or a mixed tally entered at closing; point clock is entry time, not established observation time.",end-of-day-times-2026-10-09/closing-batches.csv
T40698579,2023-08-10,clear,,,,,"Compact diverse closing batch is a daily local tally or a mixed tally entered at closing; point clock is entry time, not established observation time.",end-of-day-times-2026-10-09/closing-batches.csv
T40698580,2023-08-10,clear,,,,,"Compact diverse closing batch is a daily local tally or a mixed tally entered at closing; point clock is entry time, not established observation time.",end-of-day-times-2026-10-09/closing-batches.csv
T40698581,2023-08-10,clear,,,,,"Compact diverse closing batch is a daily local tally or a mixed tally entered at closing; point clock is entry time, not established observation time.",end-of-day-times-2026-10-09/closing-batches.csv
T40698582,2023-08-10,clear,,,,,"Compact diverse closing batch is a daily local tally or a mixed tally entered at closing; point clock is entry time, not established observation time.",end-of-day-times-2026-10-09/closing-batches.csv
T40698583,2023-08-10,clear,,,,,"Compact diverse closing batch is a daily local tally or a mixed tally entered at closing; point clock is entry time, not established observation time.",end-of-day-times-2026-10-09/closing-batches.csv
T40698584,2023-08-10,clear,,,,,"Compact diverse closing batch is a daily local tally or a mixed tally entered at closing; point clock is entry time, not established observation time.",end-of-day-times-2026-10-09/closing-batches.csv
T40698585,2023-08-10,clear,,,,,"Compact diverse closing batch is a daily local tally or a mixed tally entered at closing; point clock is entry time, not established observation time.",end-of-day-times-2026-10-09/closing-batches.csv
T40698586,2023-08-10,clear,,,,,"Compact diverse closing batch is a daily local tally or a mixed tally entered at closing; point clock is entry time, not established observation time.",end-of-day-times-2026-10-09/closing-batches.csv
T40765437,2023-08-16,clear,,,,,"Compact diverse closing batch is a daily local tally or a mixed tally entered at closing; point clock is entry time, not established observation time.",end-of-day-times-2026-10-09/closing-batches.csv
T40765438,2023-08-16,clear,,,,,"Compact diverse closing batch is a daily local tally or a mixed tally entered at closing; point clock is entry time, not established observation time.",end-of-day-times-2026-10-09/closing-batches.csv
T40765439,2023-08-16,clear,,,,,"Compact diverse closing batch is a daily local tally or a mixed tally entered at closing; point clock is entry time, not established observation time.",end-of-day-times-2026-10-09/closing-batches.csv
T40765440,2023-08-16,clear,,,,,"Compact diverse closing batch is a daily local tally or a mixed tally entered at closing; point clock is entry time, not established observation time.",end-of-day-times-2026-10-09/closing-batches.csv
T40765441,2023-08-16,clear,,,,,"Compact diverse closing batch is a daily local tally or a mixed tally entered at closing; point clock is entry time, not established observation time.",end-of-day-times-2026-10-09/closing-batches.csv
T40765442,2023-08-16,clear,,,,,"Compact diverse closing batch is a daily local tally or a mixed tally entered at closing; point clock is entry time, not established observation time.",end-of-day-times-2026-10-09/closing-batches.csv
T40765443,2023-08-16,clear,,,,,"Compact diverse closing batch is a daily local tally or a mixed tally entered at closing; point clock is entry time, not established observation time.",end-of-day-times-2026-10-09/closing-batches.csv
T40765444,2023-08-16,clear,,,,,"Compact diverse closing batch is a daily local tally or a mixed tally entered at closing; point clock is entry time, not established observation time.",end-of-day-times-2026-10-09/closing-batches.csv
T40765445,2023-08-16,clear,,,,,"Compact diverse closing batch is a daily local tally or a mixed tally entered at closing; point clock is entry time, not established observation time.",end-of-day-times-2026-10-09/closing-batches.csv
T40765446,2023-08-16,clear,,,,,"Compact diverse closing batch is a daily local tally or a mixed tally entered at closing; point clock is entry time, not established observation time.",end-of-day-times-2026-10-09/closing-batches.csv
T40765447,2023-08-16,clear,,,,,"Compact diverse closing batch is a daily local tally or a mixed tally entered at closing; point clock is entry time, not established observation time.",end-of-day-times-2026-10-09/closing-batches.csv
T40765448,2023-08-16,clear,,,,,"Compact diverse closing batch is a daily local tally or a mixed tally entered at closing; point clock is entry time, not established observation time.",end-of-day-times-2026-10-09/closing-batches.csv
T40765449,2023-08-16,clear,,,,,"Compact diverse closing batch is a daily local tally or a mixed tally entered at closing; point clock is entry time, not established observation time.",end-of-day-times-2026-10-09/closing-batches.csv
T40765450,2023-08-16,clear,,,,,"Compact diverse closing batch is a daily local tally or a mixed tally entered at closing; point clock is entry time, not established observation time.",end-of-day-times-2026-10-09/closing-batches.csv
T40765451,2023-08-16,clear,,,,,"Compact diverse closing batch is a daily local tally or a mixed tally entered at closing; point clock is entry time, not established observation time.",end-of-day-times-2026-10-09/closing-batches.csv
T40765452,2023-08-16,clear,,,,,"Compact diverse closing batch is a daily local tally or a mixed tally entered at closing; point clock is entry time, not established observation time.",end-of-day-times-2026-10-09/closing-batches.csv
T40765453,2023-08-16,clear,,,,,"Compact diverse closing batch is a daily local tally or a mixed tally entered at closing; point clock is entry time, not established observation time.",end-of-day-times-2026-10-09/closing-batches.csv
T40765454,2023-08-16,clear,,,,,"Compact diverse closing batch is a daily local tally or a mixed tally entered at closing; point clock is entry time, not established observation time.",end-of-day-times-2026-10-09/closing-batches.csv
T40765455,2023-08-16,clear,,,,,"Compact diverse closing batch is a daily local tally or a mixed tally entered at closing; point clock is entry time, not established observation time.",end-of-day-times-2026-10-09/closing-batches.csv
T40765456,2023-08-16,clear,,,,,"Compact diverse closing batch is a daily local tally or a mixed tally entered at closing; point clock is entry time, not established observation time.",end-of-day-times-2026-10-09/closing-batches.csv
T40765457,2023-08-16,clear,,,,,"Compact diverse closing batch is a daily local tally or a mixed tally entered at closing; point clock is entry time, not established observation time.",end-of-day-times-2026-10-09/closing-batches.csv
T40765458,2023-08-16,clear,,,,,"Compact diverse closing batch is a daily local tally or a mixed tally entered at closing; point clock is entry time, not established observation time.",end-of-day-times-2026-10-09/closing-batches.csv
T40765459,2023-08-16,clear,,,,,"Compact diverse closing batch is a daily local tally or a mixed tally entered at closing; point clock is entry time, not established observation time.",end-of-day-times-2026-10-09/closing-batches.csv
T40765460,2023-08-16,clear,,,,,"Compact diverse closing batch is a daily local tally or a mixed tally entered at closing; point clock is entry time, not established observation time.",end-of-day-times-2026-10-09/closing-batches.csv
T40783229,2023-08-17,clear,,,,,"Compact diverse closing batch is a daily local tally or a mixed tally entered at closing; point clock is entry time, not established observation time.",end-of-day-times-2026-10-09/closing-batches.csv
T40783230,2023-08-17,clear,,,,,"Compact diverse closing batch is a daily local tally or a mixed tally entered at closing; point clock is entry time, not established observation time.",end-of-day-times-2026-10-09/closing-batches.csv
T40783231,2023-08-17,clear,,,,,"Compact diverse closing batch is a daily local tally or a mixed tally entered at closing; point clock is entry time, not established observation time.",end-of-day-times-2026-10-09/closing-batches.csv
T40783232,2023-08-17,clear,,,,,"Compact diverse closing batch is a daily local tally or a mixed tally entered at closing; point clock is entry time, not established observation time.",end-of-day-times-2026-10-09/closing-batches.csv
T40783233,2023-08-17,clear,,,,,"Compact diverse closing batch is a daily local tally or a mixed tally entered at closing; point clock is entry time, not established observation time.",end-of-day-times-2026-10-09/closing-batches.csv
T40783234,2023-08-17,clear,,,,,"Compact diverse closing batch is a daily local tally or a mixed tally entered at closing; point clock is entry time, not established observation time.",end-of-day-times-2026-10-09/closing-batches.csv
T40783235,2023-08-17,clear,,,,,"Compact diverse closing batch is a daily local tally or a mixed tally entered at closing; point clock is entry time, not established observation time.",end-of-day-times-2026-10-09/closing-batches.csv
T40783236,2023-08-17,clear,,,,,"Compact diverse closing batch is a daily local tally or a mixed tally entered at closing; point clock is entry time, not established observation time.",end-of-day-times-2026-10-09/closing-batches.csv
T40783237,2023-08-17,clear,,,,,"Compact diverse closing batch is a daily local tally or a mixed tally entered at closing; point clock is entry time, not established observation time.",end-of-day-times-2026-10-09/closing-batches.csv
T40783238,2023-08-17,clear,,,,,"Compact diverse closing batch is a daily local tally or a mixed tally entered at closing; point clock is entry time, not established observation time.",end-of-day-times-2026-10-09/closing-batches.csv
T40783239,2023-08-17,clear,,,,,"Compact diverse closing batch is a daily local tally or a mixed tally entered at closing; point clock is entry time, not established observation time.",end-of-day-times-2026-10-09/closing-batches.csv
T40783240,2023-08-17,clear,,,,,"Compact diverse closing batch is a daily local tally or a mixed tally entered at closing; point clock is entry time, not established observation time.",end-of-day-times-2026-10-09/closing-batches.csv
T40783241,2023-08-17,clear,,,,,"Compact diverse closing batch is a daily local tally or a mixed tally entered at closing; point clock is entry time, not established observation time.",end-of-day-times-2026-10-09/closing-batches.csv
T40783242,2023-08-17,clear,,,,,"Compact diverse closing batch is a daily local tally or a mixed tally entered at closing; point clock is entry time, not established observation time.",end-of-day-times-2026-10-09/closing-batches.csv
T40783243,2023-08-17,clear,,,,,"Compact diverse closing batch is a daily local tally or a mixed tally entered at closing; point clock is entry time, not established observation time.",end-of-day-times-2026-10-09/closing-batches.csv
T40783244,2023-08-17,clear,,,,,"Compact diverse closing batch is a daily local tally or a mixed tally entered at closing; point clock is entry time, not established observation time.",end-of-day-times-2026-10-09/closing-batches.csv
T40783245,2023-08-17,clear,,,,,"Compact diverse closing batch is a daily local tally or a mixed tally entered at closing; point clock is entry time, not established observation time.",end-of-day-times-2026-10-09/closing-batches.csv
T40783246,2023-08-17,clear,,,,,"Compact diverse closing batch is a daily local tally or a mixed tally entered at closing; point clock is entry time, not established observation time.",end-of-day-times-2026-10-09/closing-batches.csv
T40783247,2023-08-17,clear,,,,,"Compact diverse closing batch is a daily local tally or a mixed tally entered at closing; point clock is entry time, not established observation time.",end-of-day-times-2026-10-09/closing-batches.csv
T40783248,2023-08-17,clear,,,,,"Compact diverse closing batch is a daily local tally or a mixed tally entered at closing; point clock is entry time, not established observation time.",end-of-day-times-2026-10-09/closing-batches.csv
T40783249,2023-08-17,clear,,,,,"Compact diverse closing batch is a daily local tally or a mixed tally entered at closing; point clock is entry time, not established observation time.",end-of-day-times-2026-10-09/closing-batches.csv
T40783250,2023-08-17,clear,,,,,"Compact diverse closing batch is a daily local tally or a mixed tally entered at closing; point clock is entry time, not established observation time.",end-of-day-times-2026-10-09/closing-batches.csv
T40783251,2023-08-17,clear,,,,,"Compact diverse closing batch is a daily local tally or a mixed tally entered at closing; point clock is entry time, not established observation time.",end-of-day-times-2026-10-09/closing-batches.csv
T40783252,2023-08-17,clear,,,,,"Compact diverse closing batch is a daily local tally or a mixed tally entered at closing; point clock is entry time, not established observation time.",end-of-day-times-2026-10-09/closing-batches.csv
T40783253,2023-08-17,clear,,,,,"Compact diverse closing batch is a daily local tally or a mixed tally entered at closing; point clock is entry time, not established observation time.",end-of-day-times-2026-10-09/closing-batches.csv
T40783254,2023-08-17,clear,,,,,"Compact diverse closing batch is a daily local tally or a mixed tally entered at closing; point clock is entry time, not established observation time.",end-of-day-times-2026-10-09/closing-batches.csv
T40783255,2023-08-17,clear,,,,,"Compact diverse closing batch is a daily local tally or a mixed tally entered at closing; point clock is entry time, not established observation time.",end-of-day-times-2026-10-09/closing-batches.csv
T40783256,2023-08-17,clear,,,,,"Compact diverse closing batch is a daily local tally or a mixed tally entered at closing; point clock is entry time, not established observation time.",end-of-day-times-2026-10-09/closing-batches.csv
T40783257,2023-08-17,clear,,,,,"Compact diverse closing batch is a daily local tally or a mixed tally entered at closing; point clock is entry time, not established observation time.",end-of-day-times-2026-10-09/closing-batches.csv
T40798296,2023-08-18,clear,,,,,"Compact diverse closing batch is a daily local tally or a mixed tally entered at closing; point clock is entry time, not established observation time.",end-of-day-times-2026-10-09/closing-batches.csv
T40798297,2023-08-18,clear,,,,,"Compact diverse closing batch is a daily local tally or a mixed tally entered at closing; point clock is entry time, not established observation time.",end-of-day-times-2026-10-09/closing-batches.csv
T40798298,2023-08-18,clear,,,,,"Compact diverse closing batch is a daily local tally or a mixed tally entered at closing; point clock is entry time, not established observation time.",end-of-day-times-2026-10-09/closing-batches.csv
T40798299,2023-08-18,clear,,,,,"Compact diverse closing batch is a daily local tally or a mixed tally entered at closing; point clock is entry time, not established observation time.",end-of-day-times-2026-10-09/closing-batches.csv
T40798300,2023-08-18,clear,,,,,"Compact diverse closing batch is a daily local tally or a mixed tally entered at closing; point clock is entry time, not established observation time.",end-of-day-times-2026-10-09/closing-batches.csv
T40798301,2023-08-18,clear,,,,,"Compact diverse closing batch is a daily local tally or a mixed tally entered at closing; point clock is entry time, not established observation time.",end-of-day-times-2026-10-09/closing-batches.csv
T40798302,2023-08-18,clear,,,,,"Compact diverse closing batch is a daily local tally or a mixed tally entered at closing; point clock is entry time, not established observation time.",end-of-day-times-2026-10-09/closing-batches.csv
T40798303,2023-08-18,clear,,,,,"Compact diverse closing batch is a daily local tally or a mixed tally entered at closing; point clock is entry time, not established observation time.",end-of-day-times-2026-10-09/closing-batches.csv
T40798304,2023-08-18,clear,,,,,"Compact diverse closing batch is a daily local tally or a mixed tally entered at closing; point clock is entry time, not established observation time.",end-of-day-times-2026-10-09/closing-batches.csv
T40798305,2023-08-18,clear,,,,,"Compact diverse closing batch is a daily local tally or a mixed tally entered at closing; point clock is entry time, not established observation time.",end-of-day-times-2026-10-09/closing-batches.csv
T40798306,2023-08-18,clear,,,,,"Compact diverse closing batch is a daily local tally or a mixed tally entered at closing; point clock is entry time, not established observation time.",end-of-day-times-2026-10-09/closing-batches.csv
T40798307,2023-08-18,clear,,,,,"Compact diverse closing batch is a daily local tally or a mixed tally entered at closing; point clock is entry time, not established observation time.",end-of-day-times-2026-10-09/closing-batches.csv
T40798308,2023-08-18,clear,,,,,"Compact diverse closing batch is a daily local tally or a mixed tally entered at closing; point clock is entry time, not established observation time.",end-of-day-times-2026-10-09/closing-batches.csv
T40798309,2023-08-18,clear,,,,,"Compact diverse closing batch is a daily local tally or a mixed tally entered at closing; point clock is entry time, not established observation time.",end-of-day-times-2026-10-09/closing-batches.csv
T40798310,2023-08-18,clear,,,,,"Compact diverse closing batch is a daily local tally or a mixed tally entered at closing; point clock is entry time, not established observation time.",end-of-day-times-2026-10-09/closing-batches.csv
T40798311,2023-08-18,clear,,,,,"Compact diverse closing batch is a daily local tally or a mixed tally entered at closing; point clock is entry time, not established observation time.",end-of-day-times-2026-10-09/closing-batches.csv
T40798312,2023-08-18,clear,,,,,"Compact diverse closing batch is a daily local tally or a mixed tally entered at closing; point clock is entry time, not established observation time.",end-of-day-times-2026-10-09/closing-batches.csv
T40798313,2023-08-18,clear,,,,,"Compact diverse closing batch is a daily local tally or a mixed tally entered at closing; point clock is entry time, not established observation time.",end-of-day-times-2026-10-09/closing-batches.csv
T40798314,2023-08-18,clear,,,,,"Compact diverse closing batch is a daily local tally or a mixed tally entered at closing; point clock is entry time, not established observation time.",end-of-day-times-2026-10-09/closing-batches.csv
T40798315,2023-08-18,clear,,,,,"Compact diverse closing batch is a daily local tally or a mixed tally entered at closing; point clock is entry time, not established observation time.",end-of-day-times-2026-10-09/closing-batches.csv
T40798316,2023-08-18,clear,,,,,"Compact diverse closing batch is a daily local tally or a mixed tally entered at closing; point clock is entry time, not established observation time.",end-of-day-times-2026-10-09/closing-batches.csv
T40798317,2023-08-18,clear,,,,,"Compact diverse closing batch is a daily local tally or a mixed tally entered at closing; point clock is entry time, not established observation time.",end-of-day-times-2026-10-09/closing-batches.csv
T40798318,2023-08-18,clear,,,,,"Compact diverse closing batch is a daily local tally or a mixed tally entered at closing; point clock is entry time, not established observation time.",end-of-day-times-2026-10-09/closing-batches.csv
T40798319,2023-08-18,clear,,,,,"Compact diverse closing batch is a daily local tally or a mixed tally entered at closing; point clock is entry time, not established observation time.",end-of-day-times-2026-10-09/closing-batches.csv
T40798320,2023-08-18,clear,,,,,"Compact diverse closing batch is a daily local tally or a mixed tally entered at closing; point clock is entry time, not established observation time.",end-of-day-times-2026-10-09/closing-batches.csv
T40798321,2023-08-18,clear,,,,,"Compact diverse closing batch is a daily local tally or a mixed tally entered at closing; point clock is entry time, not established observation time.",end-of-day-times-2026-10-09/closing-batches.csv
T40798322,2023-08-18,clear,,,,,"Compact diverse closing batch is a daily local tally or a mixed tally entered at closing; point clock is entry time, not established observation time.",end-of-day-times-2026-10-09/closing-batches.csv
T40857395,2023-08-21,clear,,,,,"Compact diverse closing batch is a daily local tally or a mixed tally entered at closing; point clock is entry time, not established observation time.",end-of-day-times-2026-10-09/closing-batches.csv
T40857396,2023-08-21,clear,,,,,"Compact diverse closing batch is a daily local tally or a mixed tally entered at closing; point clock is entry time, not established observation time.",end-of-day-times-2026-10-09/closing-batches.csv
T40857397,2023-08-21,clear,,,,,"Compact diverse closing batch is a daily local tally or a mixed tally entered at closing; point clock is entry time, not established observation time.",end-of-day-times-2026-10-09/closing-batches.csv
T40857398,2023-08-21,clear,,,,,"Compact diverse closing batch is a daily local tally or a mixed tally entered at closing; point clock is entry time, not established observation time.",end-of-day-times-2026-10-09/closing-batches.csv
T40857399,2023-08-21,clear,,,,,"Compact diverse closing batch is a daily local tally or a mixed tally entered at closing; point clock is entry time, not established observation time.",end-of-day-times-2026-10-09/closing-batches.csv
T40857400,2023-08-21,clear,,,,,"Compact diverse closing batch is a daily local tally or a mixed tally entered at closing; point clock is entry time, not established observation time.",end-of-day-times-2026-10-09/closing-batches.csv
T40857401,2023-08-21,clear,,,,,"Compact diverse closing batch is a daily local tally or a mixed tally entered at closing; point clock is entry time, not established observation time.",end-of-day-times-2026-10-09/closing-batches.csv
T40857402,2023-08-21,clear,,,,,"Compact diverse closing batch is a daily local tally or a mixed tally entered at closing; point clock is entry time, not established observation time.",end-of-day-times-2026-10-09/closing-batches.csv
T40857403,2023-08-21,clear,,,,,"Compact diverse closing batch is a daily local tally or a mixed tally entered at closing; point clock is entry time, not established observation time.",end-of-day-times-2026-10-09/closing-batches.csv
T40857404,2023-08-21,clear,,,,,"Compact diverse closing batch is a daily local tally or a mixed tally entered at closing; point clock is entry time, not established observation time.",end-of-day-times-2026-10-09/closing-batches.csv
T40857405,2023-08-21,clear,,,,,"Compact diverse closing batch is a daily local tally or a mixed tally entered at closing; point clock is entry time, not established observation time.",end-of-day-times-2026-10-09/closing-batches.csv
T40857406,2023-08-21,clear,,,,,"Compact diverse closing batch is a daily local tally or a mixed tally entered at closing; point clock is entry time, not established observation time.",end-of-day-times-2026-10-09/closing-batches.csv
T40857407,2023-08-21,clear,,,,,"Compact diverse closing batch is a daily local tally or a mixed tally entered at closing; point clock is entry time, not established observation time.",end-of-day-times-2026-10-09/closing-batches.csv
T40857408,2023-08-21,clear,,,,,"Compact diverse closing batch is a daily local tally or a mixed tally entered at closing; point clock is entry time, not established observation time.",end-of-day-times-2026-10-09/closing-batches.csv
T40857409,2023-08-21,clear,,,,,"Compact diverse closing batch is a daily local tally or a mixed tally entered at closing; point clock is entry time, not established observation time.",end-of-day-times-2026-10-09/closing-batches.csv
T40857410,2023-08-21,clear,,,,,"Compact diverse closing batch is a daily local tally or a mixed tally entered at closing; point clock is entry time, not established observation time.",end-of-day-times-2026-10-09/closing-batches.csv
T40857411,2023-08-21,clear,,,,,"Compact diverse closing batch is a daily local tally or a mixed tally entered at closing; point clock is entry time, not established observation time.",end-of-day-times-2026-10-09/closing-batches.csv
T40857412,2023-08-21,clear,,,,,"Compact diverse closing batch is a daily local tally or a mixed tally entered at closing; point clock is entry time, not established observation time.",end-of-day-times-2026-10-09/closing-batches.csv
T40857413,2023-08-21,clear,,,,,"Compact diverse closing batch is a daily local tally or a mixed tally entered at closing; point clock is entry time, not established observation time.",end-of-day-times-2026-10-09/closing-batches.csv
T40857414,2023-08-21,clear,,,,,"Compact diverse closing batch is a daily local tally or a mixed tally entered at closing; point clock is entry time, not established observation time.",end-of-day-times-2026-10-09/closing-batches.csv
T40857415,2023-08-21,clear,,,,,"Compact diverse closing batch is a daily local tally or a mixed tally entered at closing; point clock is entry time, not established observation time.",end-of-day-times-2026-10-09/closing-batches.csv
T40857416,2023-08-21,clear,,,,,"Compact diverse closing batch is a daily local tally or a mixed tally entered at closing; point clock is entry time, not established observation time.",end-of-day-times-2026-10-09/closing-batches.csv
T40857417,2023-08-21,clear,,,,,"Compact diverse closing batch is a daily local tally or a mixed tally entered at closing; point clock is entry time, not established observation time.",end-of-day-times-2026-10-09/closing-batches.csv
T40857418,2023-08-21,clear,,,,,"Compact diverse closing batch is a daily local tally or a mixed tally entered at closing; point clock is entry time, not established observation time.",end-of-day-times-2026-10-09/closing-batches.csv
T40857419,2023-08-21,clear,,,,,"Compact diverse closing batch is a daily local tally or a mixed tally entered at closing; point clock is entry time, not established observation time.",end-of-day-times-2026-10-09/closing-batches.csv
T40857420,2023-08-21,clear,,,,,"Compact diverse closing batch is a daily local tally or a mixed tally entered at closing; point clock is entry time, not established observation time.",end-of-day-times-2026-10-09/closing-batches.csv
T40857421,2023-08-21,clear,,,,,"Compact diverse closing batch is a daily local tally or a mixed tally entered at closing; point clock is entry time, not established observation time.",end-of-day-times-2026-10-09/closing-batches.csv
T40857422,2023-08-21,clear,,,,,"Compact diverse closing batch is a daily local tally or a mixed tally entered at closing; point clock is entry time, not established observation time.",end-of-day-times-2026-10-09/closing-batches.csv
T40857423,2023-08-21,clear,,,,,"Compact diverse closing batch is a daily local tally or a mixed tally entered at closing; point clock is entry time, not established observation time.",end-of-day-times-2026-10-09/closing-batches.csv
T40874002,2023-08-22,clear,,,,,"Compact diverse closing batch is a daily local tally or a mixed tally entered at closing; point clock is entry time, not established observation time.",end-of-day-times-2026-10-09/closing-batches.csv
T40874003,2023-08-22,clear,,,,,"Compact diverse closing batch is a daily local tally or a mixed tally entered at closing; point clock is entry time, not established observation time.",end-of-day-times-2026-10-09/closing-batches.csv
T40874004,2023-08-22,clear,,,,,"Compact diverse closing batch is a daily local tally or a mixed tally entered at closing; point clock is entry time, not established observation time.",end-of-day-times-2026-10-09/closing-batches.csv
T40874005,2023-08-22,clear,,,,,"Compact diverse closing batch is a daily local tally or a mixed tally entered at closing; point clock is entry time, not established observation time.",end-of-day-times-2026-10-09/closing-batches.csv
T40874006,2023-08-22,clear,,,,,"Compact diverse closing batch is a daily local tally or a mixed tally entered at closing; point clock is entry time, not established observation time.",end-of-day-times-2026-10-09/closing-batches.csv
T40874007,2023-08-22,clear,,,,,"Compact diverse closing batch is a daily local tally or a mixed tally entered at closing; point clock is entry time, not established observation time.",end-of-day-times-2026-10-09/closing-batches.csv
T40874008,2023-08-22,clear,,,,,"Compact diverse closing batch is a daily local tally or a mixed tally entered at closing; point clock is entry time, not established observation time.",end-of-day-times-2026-10-09/closing-batches.csv
T40874009,2023-08-22,clear,,,,,"Compact diverse closing batch is a daily local tally or a mixed tally entered at closing; point clock is entry time, not established observation time.",end-of-day-times-2026-10-09/closing-batches.csv
T40874010,2023-08-22,clear,,,,,"Compact diverse closing batch is a daily local tally or a mixed tally entered at closing; point clock is entry time, not established observation time.",end-of-day-times-2026-10-09/closing-batches.csv
T40874011,2023-08-22,clear,,,,,"Compact diverse closing batch is a daily local tally or a mixed tally entered at closing; point clock is entry time, not established observation time.",end-of-day-times-2026-10-09/closing-batches.csv
T40874012,2023-08-22,clear,,,,,"Compact diverse closing batch is a daily local tally or a mixed tally entered at closing; point clock is entry time, not established observation time.",end-of-day-times-2026-10-09/closing-batches.csv
T40874013,2023-08-22,clear,,,,,"Compact diverse closing batch is a daily local tally or a mixed tally entered at closing; point clock is entry time, not established observation time.",end-of-day-times-2026-10-09/closing-batches.csv
T40874014,2023-08-22,clear,,,,,"Compact diverse closing batch is a daily local tally or a mixed tally entered at closing; point clock is entry time, not established observation time.",end-of-day-times-2026-10-09/closing-batches.csv
T40874015,2023-08-22,clear,,,,,"Compact diverse closing batch is a daily local tally or a mixed tally entered at closing; point clock is entry time, not established observation time.",end-of-day-times-2026-10-09/closing-batches.csv
T40874016,2023-08-22,clear,,,,,"Compact diverse closing batch is a daily local tally or a mixed tally entered at closing; point clock is entry time, not established observation time.",end-of-day-times-2026-10-09/closing-batches.csv
T40874017,2023-08-22,clear,,,,,"Compact diverse closing batch is a daily local tally or a mixed tally entered at closing; point clock is entry time, not established observation time.",end-of-day-times-2026-10-09/closing-batches.csv
T40874018,2023-08-22,clear,,,,,"Compact diverse closing batch is a daily local tally or a mixed tally entered at closing; point clock is entry time, not established observation time.",end-of-day-times-2026-10-09/closing-batches.csv
T40874019,2023-08-22,clear,,,,,"Compact diverse closing batch is a daily local tally or a mixed tally entered at closing; point clock is entry time, not established observation time.",end-of-day-times-2026-10-09/closing-batches.csv
T40874020,2023-08-22,clear,,,,,"Compact diverse closing batch is a daily local tally or a mixed tally entered at closing; point clock is entry time, not established observation time.",end-of-day-times-2026-10-09/closing-batches.csv
T40874021,2023-08-22,clear,,,,,"Compact diverse closing batch is a daily local tally or a mixed tally entered at closing; point clock is entry time, not established observation time.",end-of-day-times-2026-10-09/closing-batches.csv
T40874022,2023-08-22,clear,,,,,"Compact diverse closing batch is a daily local tally or a mixed tally entered at closing; point clock is entry time, not established observation time.",end-of-day-times-2026-10-09/closing-batches.csv
T40874023,2023-08-22,clear,,,,,"Compact diverse closing batch is a daily local tally or a mixed tally entered at closing; point clock is entry time, not established observation time.",end-of-day-times-2026-10-09/closing-batches.csv
T40874024,2023-08-22,clear,,,,,"Compact diverse closing batch is a daily local tally or a mixed tally entered at closing; point clock is entry time, not established observation time.",end-of-day-times-2026-10-09/closing-batches.csv
T40874025,2023-08-22,clear,,,,,"Compact diverse closing batch is a daily local tally or a mixed tally entered at closing; point clock is entry time, not established observation time.",end-of-day-times-2026-10-09/closing-batches.csv
T40874026,2023-08-22,clear,,,,,"Compact diverse closing batch is a daily local tally or a mixed tally entered at closing; point clock is entry time, not established observation time.",end-of-day-times-2026-10-09/closing-batches.csv
T40874027,2023-08-22,clear,,,,,"Compact diverse closing batch is a daily local tally or a mixed tally entered at closing; point clock is entry time, not established observation time.",end-of-day-times-2026-10-09/closing-batches.csv
T40874028,2023-08-22,clear,,,,,"Compact diverse closing batch is a daily local tally or a mixed tally entered at closing; point clock is entry time, not established observation time.",end-of-day-times-2026-10-09/closing-batches.csv
T40874029,2023-08-22,clear,,,,,"Compact diverse closing batch is a daily local tally or a mixed tally entered at closing; point clock is entry time, not established observation time.",end-of-day-times-2026-10-09/closing-batches.csv
T40874030,2023-08-22,clear,,,,,"Compact diverse closing batch is a daily local tally or a mixed tally entered at closing; point clock is entry time, not established observation time.",end-of-day-times-2026-10-09/closing-batches.csv
T40874031,2023-08-22,clear,,,,,"Compact diverse closing batch is a daily local tally or a mixed tally entered at closing; point clock is entry time, not established observation time.",end-of-day-times-2026-10-09/closing-batches.csv
T40874032,2023-08-22,clear,,,,,"Compact diverse closing batch is a daily local tally or a mixed tally entered at closing; point clock is entry time, not established observation time.",end-of-day-times-2026-10-09/closing-batches.csv
T40900235,2023-08-24,clear,,,,,"Compact diverse closing batch is a daily local tally or a mixed tally entered at closing; point clock is entry time, not established observation time.",end-of-day-times-2026-10-09/closing-batches.csv
T40900236,2023-08-24,clear,,,,,"Compact diverse closing batch is a daily local tally or a mixed tally entered at closing; point clock is entry time, not established observation time.",end-of-day-times-2026-10-09/closing-batches.csv
T40900237,2023-08-24,clear,,,,,"Compact diverse closing batch is a daily local tally or a mixed tally entered at closing; point clock is entry time, not established observation time.",end-of-day-times-2026-10-09/closing-batches.csv
T40900238,2023-08-24,clear,,,,,"Compact diverse closing batch is a daily local tally or a mixed tally entered at closing; point clock is entry time, not established observation time.",end-of-day-times-2026-10-09/closing-batches.csv
T40900239,2023-08-24,clear,,,,,"Compact diverse closing batch is a daily local tally or a mixed tally entered at closing; point clock is entry time, not established observation time.",end-of-day-times-2026-10-09/closing-batches.csv
T40900240,2023-08-24,clear,,,,,"Compact diverse closing batch is a daily local tally or a mixed tally entered at closing; point clock is entry time, not established observation time.",end-of-day-times-2026-10-09/closing-batches.csv
T40900241,2023-08-24,clear,,,,,"Compact diverse closing batch is a daily local tally or a mixed tally entered at closing; point clock is entry time, not established observation time.",end-of-day-times-2026-10-09/closing-batches.csv
T40900242,2023-08-24,clear,,,,,"Compact diverse closing batch is a daily local tally or a mixed tally entered at closing; point clock is entry time, not established observation time.",end-of-day-times-2026-10-09/closing-batches.csv
T40900243,2023-08-24,clear,,,,,"Compact diverse closing batch is a daily local tally or a mixed tally entered at closing; point clock is entry time, not established observation time.",end-of-day-times-2026-10-09/closing-batches.csv
T40900244,2023-08-24,clear,,,,,"Compact diverse closing batch is a daily local tally or a mixed tally entered at closing; point clock is entry time, not established observation time.",end-of-day-times-2026-10-09/closing-batches.csv
T40900245,2023-08-24,clear,,,,,"Compact diverse closing batch is a daily local tally or a mixed tally entered at closing; point clock is entry time, not established observation time.",end-of-day-times-2026-10-09/closing-batches.csv
T40900246,2023-08-24,clear,,,,,"Compact diverse closing batch is a daily local tally or a mixed tally entered at closing; point clock is entry time, not established observation time.",end-of-day-times-2026-10-09/closing-batches.csv
T40900247,2023-08-24,clear,,,,,"Compact diverse closing batch is a daily local tally or a mixed tally entered at closing; point clock is entry time, not established observation time.",end-of-day-times-2026-10-09/closing-batches.csv
T40900248,2023-08-24,clear,,,,,"Compact diverse closing batch is a daily local tally or a mixed tally entered at closing; point clock is entry time, not established observation time.",end-of-day-times-2026-10-09/closing-batches.csv
T40900249,2023-08-24,clear,,,,,"Compact diverse closing batch is a daily local tally or a mixed tally entered at closing; point clock is entry time, not established observation time.",end-of-day-times-2026-10-09/closing-batches.csv
T40900250,2023-08-24,clear,,,,,"Compact diverse closing batch is a daily local tally or a mixed tally entered at closing; point clock is entry time, not established observation time.",end-of-day-times-2026-10-09/closing-batches.csv
T40900251,2023-08-24,clear,,,,,"Compact diverse closing batch is a daily local tally or a mixed tally entered at closing; point clock is entry time, not established observation time.",end-of-day-times-2026-10-09/closing-batches.csv
T40900252,2023-08-24,clear,,,,,"Compact diverse closing batch is a daily local tally or a mixed tally entered at closing; point clock is entry time, not established observation time.",end-of-day-times-2026-10-09/closing-batches.csv
T40900253,2023-08-24,clear,,,,,"Compact diverse closing batch is a daily local tally or a mixed tally entered at closing; point clock is entry time, not established observation time.",end-of-day-times-2026-10-09/closing-batches.csv
T40900254,2023-08-24,clear,,,,,"Compact diverse closing batch is a daily local tally or a mixed tally entered at closing; point clock is entry time, not established observation time.",end-of-day-times-2026-10-09/closing-batches.csv
T40900255,2023-08-24,clear,,,,,"Compact diverse closing batch is a daily local tally or a mixed tally entered at closing; point clock is entry time, not established observation time.",end-of-day-times-2026-10-09/closing-batches.csv
T40900256,2023-08-24,clear,,,,,"Compact diverse closing batch is a daily local tally or a mixed tally entered at closing; point clock is entry time, not established observation time.",end-of-day-times-2026-10-09/closing-batches.csv
T40900257,2023-08-24,clear,,,,,"Compact diverse closing batch is a daily local tally or a mixed tally entered at closing; point clock is entry time, not established observation time.",end-of-day-times-2026-10-09/closing-batches.csv
T40900258,2023-08-24,clear,,,,,"Compact diverse closing batch is a daily local tally or a mixed tally entered at closing; point clock is entry time, not established observation time.",end-of-day-times-2026-10-09/closing-batches.csv
T40900259,2023-08-24,clear,,,,,"Compact diverse closing batch is a daily local tally or a mixed tally entered at closing; point clock is entry time, not established observation time.",end-of-day-times-2026-10-09/closing-batches.csv
T40900260,2023-08-24,clear,,,,,"Compact diverse closing batch is a daily local tally or a mixed tally entered at closing; point clock is entry time, not established observation time.",end-of-day-times-2026-10-09/closing-batches.csv
T40900261,2023-08-24,clear,,,,,"Compact diverse closing batch is a daily local tally or a mixed tally entered at closing; point clock is entry time, not established observation time.",end-of-day-times-2026-10-09/closing-batches.csv
T40900262,2023-08-24,clear,,,,,"Compact diverse closing batch is a daily local tally or a mixed tally entered at closing; point clock is entry time, not established observation time.",end-of-day-times-2026-10-09/closing-batches.csv
T40900263,2023-08-24,clear,,,,,"Compact diverse closing batch is a daily local tally or a mixed tally entered at closing; point clock is entry time, not established observation time.",end-of-day-times-2026-10-09/closing-batches.csv
T40900264,2023-08-24,clear,,,,,"Compact diverse closing batch is a daily local tally or a mixed tally entered at closing; point clock is entry time, not established observation time.",end-of-day-times-2026-10-09/closing-batches.csv
T40925895,2023-08-26,clear,,,,,"Compact diverse closing batch is a daily local tally or a mixed tally entered at closing; point clock is entry time, not established observation time.",end-of-day-times-2026-10-09/closing-batches.csv
T40925896,2023-08-26,clear,,,,,"Compact diverse closing batch is a daily local tally or a mixed tally entered at closing; point clock is entry time, not established observation time.",end-of-day-times-2026-10-09/closing-batches.csv
T40925897,2023-08-26,clear,,,,,"Compact diverse closing batch is a daily local tally or a mixed tally entered at closing; point clock is entry time, not established observation time.",end-of-day-times-2026-10-09/closing-batches.csv
T40925898,2023-08-26,clear,,,,,"Compact diverse closing batch is a daily local tally or a mixed tally entered at closing; point clock is entry time, not established observation time.",end-of-day-times-2026-10-09/closing-batches.csv
T40925899,2023-08-26,clear,,,,,"Compact diverse closing batch is a daily local tally or a mixed tally entered at closing; point clock is entry time, not established observation time.",end-of-day-times-2026-10-09/closing-batches.csv
T40925900,2023-08-26,clear,,,,,"Compact diverse closing batch is a daily local tally or a mixed tally entered at closing; point clock is entry time, not established observation time.",end-of-day-times-2026-10-09/closing-batches.csv
T40925901,2023-08-26,clear,,,,,"Compact diverse closing batch is a daily local tally or a mixed tally entered at closing; point clock is entry time, not established observation time.",end-of-day-times-2026-10-09/closing-batches.csv
T40925902,2023-08-26,clear,,,,,"Compact diverse closing batch is a daily local tally or a mixed tally entered at closing; point clock is entry time, not established observation time.",end-of-day-times-2026-10-09/closing-batches.csv
T40925903,2023-08-26,clear,,,,,"Compact diverse closing batch is a daily local tally or a mixed tally entered at closing; point clock is entry time, not established observation time.",end-of-day-times-2026-10-09/closing-batches.csv
T40925904,2023-08-26,clear,,,,,"Compact diverse closing batch is a daily local tally or a mixed tally entered at closing; point clock is entry time, not established observation time.",end-of-day-times-2026-10-09/closing-batches.csv
T40925905,2023-08-26,clear,,,,,"Compact diverse closing batch is a daily local tally or a mixed tally entered at closing; point clock is entry time, not established observation time.",end-of-day-times-2026-10-09/closing-batches.csv
T40925906,2023-08-26,clear,,,,,"Compact diverse closing batch is a daily local tally or a mixed tally entered at closing; point clock is entry time, not established observation time.",end-of-day-times-2026-10-09/closing-batches.csv
T40925907,2023-08-26,clear,,,,,"Compact diverse closing batch is a daily local tally or a mixed tally entered at closing; point clock is entry time, not established observation time.",end-of-day-times-2026-10-09/closing-batches.csv
T40925908,2023-08-26,clear,,,,,"Compact diverse closing batch is a daily local tally or a mixed tally entered at closing; point clock is entry time, not established observation time.",end-of-day-times-2026-10-09/closing-batches.csv
T40925909,2023-08-26,clear,,,,,"Compact diverse closing batch is a daily local tally or a mixed tally entered at closing; point clock is entry time, not established observation time.",end-of-day-times-2026-10-09/closing-batches.csv
T40925910,2023-08-26,clear,,,,,"Compact diverse closing batch is a daily local tally or a mixed tally entered at closing; point clock is entry time, not established observation time.",end-of-day-times-2026-10-09/closing-batches.csv
T40925911,2023-08-26,clear,,,,,"Compact diverse closing batch is a daily local tally or a mixed tally entered at closing; point clock is entry time, not established observation time.",end-of-day-times-2026-10-09/closing-batches.csv
T40925912,2023-08-26,clear,,,,,"Compact diverse closing batch is a daily local tally or a mixed tally entered at closing; point clock is entry time, not established observation time.",end-of-day-times-2026-10-09/closing-batches.csv
T40925913,2023-08-26,clear,,,,,"Compact diverse closing batch is a daily local tally or a mixed tally entered at closing; point clock is entry time, not established observation time.",end-of-day-times-2026-10-09/closing-batches.csv
T40925914,2023-08-26,clear,,,,,"Compact diverse closing batch is a daily local tally or a mixed tally entered at closing; point clock is entry time, not established observation time.",end-of-day-times-2026-10-09/closing-batches.csv
T40925915,2023-08-26,clear,,,,,"Compact diverse closing batch is a daily local tally or a mixed tally entered at closing; point clock is entry time, not established observation time.",end-of-day-times-2026-10-09/closing-batches.csv
T40925916,2023-08-26,clear,,,,,"Compact diverse closing batch is a daily local tally or a mixed tally entered at closing; point clock is entry time, not established observation time.",end-of-day-times-2026-10-09/closing-batches.csv
T40925917,2023-08-26,clear,,,,,"Compact diverse closing batch is a daily local tally or a mixed tally entered at closing; point clock is entry time, not established observation time.",end-of-day-times-2026-10-09/closing-batches.csv
T40925918,2023-08-26,clear,,,,,"Compact diverse closing batch is a daily local tally or a mixed tally entered at closing; point clock is entry time, not established observation time.",end-of-day-times-2026-10-09/closing-batches.csv
T40925919,2023-08-26,clear,,,,,"Compact diverse closing batch is a daily local tally or a mixed tally entered at closing; point clock is entry time, not established observation time.",end-of-day-times-2026-10-09/closing-batches.csv
T40925920,2023-08-26,clear,,,,,"Compact diverse closing batch is a daily local tally or a mixed tally entered at closing; point clock is entry time, not established observation time.",end-of-day-times-2026-10-09/closing-batches.csv
T40925921,2023-08-26,clear,,,,,"Compact diverse closing batch is a daily local tally or a mixed tally entered at closing; point clock is entry time, not established observation time.",end-of-day-times-2026-10-09/closing-batches.csv
T40925922,2023-08-26,clear,,,,,"Compact diverse closing batch is a daily local tally or a mixed tally entered at closing; point clock is entry time, not established observation time.",end-of-day-times-2026-10-09/closing-batches.csv
T40925923,2023-08-26,clear,,,,,"Compact diverse closing batch is a daily local tally or a mixed tally entered at closing; point clock is entry time, not established observation time.",end-of-day-times-2026-10-09/closing-batches.csv
T40925924,2023-08-26,clear,,,,,"Compact diverse closing batch is a daily local tally or a mixed tally entered at closing; point clock is entry time, not established observation time.",end-of-day-times-2026-10-09/closing-batches.csv
T40925925,2023-08-26,clear,,,,,"Compact diverse closing batch is a daily local tally or a mixed tally entered at closing; point clock is entry time, not established observation time.",end-of-day-times-2026-10-09/closing-batches.csv
T40925926,2023-08-26,clear,,,,,"Compact diverse closing batch is a daily local tally or a mixed tally entered at closing; point clock is entry time, not established observation time.",end-of-day-times-2026-10-09/closing-batches.csv
T40925927,2023-08-26,clear,,,,,"Compact diverse closing batch is a daily local tally or a mixed tally entered at closing; point clock is entry time, not established observation time.",end-of-day-times-2026-10-09/closing-batches.csv
T41126114,2023-09-05,clear,,,,,"Compact diverse closing batch is a daily local tally or a mixed tally entered at closing; point clock is entry time, not established observation time.",end-of-day-times-2026-10-09/closing-batches.csv
T41126115,2023-09-05,clear,,,,,"Compact diverse closing batch is a daily local tally or a mixed tally entered at closing; point clock is entry time, not established observation time.",end-of-day-times-2026-10-09/closing-batches.csv
T41126116,2023-09-05,clear,,,,,"Compact diverse closing batch is a daily local tally or a mixed tally entered at closing; point clock is entry time, not established observation time.",end-of-day-times-2026-10-09/closing-batches.csv
T41126117,2023-09-05,clear,,,,,"Compact diverse closing batch is a daily local tally or a mixed tally entered at closing; point clock is entry time, not established observation time.",end-of-day-times-2026-10-09/closing-batches.csv
T41126118,2023-09-05,clear,,,,,"Compact diverse closing batch is a daily local tally or a mixed tally entered at closing; point clock is entry time, not established observation time.",end-of-day-times-2026-10-09/closing-batches.csv
T41126119,2023-09-05,clear,,,,,"Compact diverse closing batch is a daily local tally or a mixed tally entered at closing; point clock is entry time, not established observation time.",end-of-day-times-2026-10-09/closing-batches.csv
T41126120,2023-09-05,clear,,,,,"Compact diverse closing batch is a daily local tally or a mixed tally entered at closing; point clock is entry time, not established observation time.",end-of-day-times-2026-10-09/closing-batches.csv
T41126121,2023-09-05,clear,,,,,"Compact diverse closing batch is a daily local tally or a mixed tally entered at closing; point clock is entry time, not established observation time.",end-of-day-times-2026-10-09/closing-batches.csv
T41126122,2023-09-05,clear,,,,,"Compact diverse closing batch is a daily local tally or a mixed tally entered at closing; point clock is entry time, not established observation time.",end-of-day-times-2026-10-09/closing-batches.csv
T41126123,2023-09-05,clear,,,,,"Compact diverse closing batch is a daily local tally or a mixed tally entered at closing; point clock is entry time, not established observation time.",end-of-day-times-2026-10-09/closing-batches.csv
T41126124,2023-09-05,clear,,,,,"Compact diverse closing batch is a daily local tally or a mixed tally entered at closing; point clock is entry time, not established observation time.",end-of-day-times-2026-10-09/closing-batches.csv
T41126126,2023-09-05,clear,,,,,"Compact diverse closing batch is a daily local tally or a mixed tally entered at closing; point clock is entry time, not established observation time.",end-of-day-times-2026-10-09/closing-batches.csv
T41126127,2023-09-05,clear,,,,,"Compact diverse closing batch is a daily local tally or a mixed tally entered at closing; point clock is entry time, not established observation time.",end-of-day-times-2026-10-09/closing-batches.csv
T41126128,2023-09-05,clear,,,,,"Compact diverse closing batch is a daily local tally or a mixed tally entered at closing; point clock is entry time, not established observation time.",end-of-day-times-2026-10-09/closing-batches.csv
T41126129,2023-09-05,clear,,,,,"Compact diverse closing batch is a daily local tally or a mixed tally entered at closing; point clock is entry time, not established observation time.",end-of-day-times-2026-10-09/closing-batches.csv
T41126130,2023-09-05,clear,,,,,"Compact diverse closing batch is a daily local tally or a mixed tally entered at closing; point clock is entry time, not established observation time.",end-of-day-times-2026-10-09/closing-batches.csv
T41126131,2023-09-05,clear,,,,,"Compact diverse closing batch is a daily local tally or a mixed tally entered at closing; point clock is entry time, not established observation time.",end-of-day-times-2026-10-09/closing-batches.csv
T41126132,2023-09-05,clear,,,,,"Compact diverse closing batch is a daily local tally or a mixed tally entered at closing; point clock is entry time, not established observation time.",end-of-day-times-2026-10-09/closing-batches.csv
T41126133,2023-09-05,clear,,,,,"Compact diverse closing batch is a daily local tally or a mixed tally entered at closing; point clock is entry time, not established observation time.",end-of-day-times-2026-10-09/closing-batches.csv
T41126134,2023-09-05,clear,,,,,"Compact diverse closing batch is a daily local tally or a mixed tally entered at closing; point clock is entry time, not established observation time.",end-of-day-times-2026-10-09/closing-batches.csv
T41126135,2023-09-05,clear,,,,,"Compact diverse closing batch is a daily local tally or a mixed tally entered at closing; point clock is entry time, not established observation time.",end-of-day-times-2026-10-09/closing-batches.csv
T41126136,2023-09-05,clear,,,,,"Compact diverse closing batch is a daily local tally or a mixed tally entered at closing; point clock is entry time, not established observation time.",end-of-day-times-2026-10-09/closing-batches.csv
T41126137,2023-09-05,clear,,,,,"Compact diverse closing batch is a daily local tally or a mixed tally entered at closing; point clock is entry time, not established observation time.",end-of-day-times-2026-10-09/closing-batches.csv
T41126138,2023-09-05,clear,,,,,"Compact diverse closing batch is a daily local tally or a mixed tally entered at closing; point clock is entry time, not established observation time.",end-of-day-times-2026-10-09/closing-batches.csv
T41126139,2023-09-05,clear,,,,,"Compact diverse closing batch is a daily local tally or a mixed tally entered at closing; point clock is entry time, not established observation time.",end-of-day-times-2026-10-09/closing-batches.csv
T41126140,2023-09-05,clear,,,,,"Compact diverse closing batch is a daily local tally or a mixed tally entered at closing; point clock is entry time, not established observation time.",end-of-day-times-2026-10-09/closing-batches.csv
T41126141,2023-09-05,clear,,,,,"Compact diverse closing batch is a daily local tally or a mixed tally entered at closing; point clock is entry time, not established observation time.",end-of-day-times-2026-10-09/closing-batches.csv
T41126142,2023-09-05,clear,,,,,"Compact diverse closing batch is a daily local tally or a mixed tally entered at closing; point clock is entry time, not established observation time.",end-of-day-times-2026-10-09/closing-batches.csv
T41126143,2023-09-05,clear,,,,,"Compact diverse closing batch is a daily local tally or a mixed tally entered at closing; point clock is entry time, not established observation time.",end-of-day-times-2026-10-09/closing-batches.csv
T41126144,2023-09-05,clear,,,,,"Compact diverse closing batch is a daily local tally or a mixed tally entered at closing; point clock is entry time, not established observation time.",end-of-day-times-2026-10-09/closing-batches.csv
T41319296,2023-09-12,clear,,,,,"Compact diverse closing batch is a daily local tally or a mixed tally entered at closing; point clock is entry time, not established observation time.",end-of-day-times-2026-10-09/closing-batches.csv
T41319297,2023-09-12,clear,,,,,"Compact diverse closing batch is a daily local tally or a mixed tally entered at closing; point clock is entry time, not established observation time.",end-of-day-times-2026-10-09/closing-batches.csv
T41319298,2023-09-12,clear,,,,,"Compact diverse closing batch is a daily local tally or a mixed tally entered at closing; point clock is entry time, not established observation time.",end-of-day-times-2026-10-09/closing-batches.csv
T41319299,2023-09-12,clear,,,,,"Compact diverse closing batch is a daily local tally or a mixed tally entered at closing; point clock is entry time, not established observation time.",end-of-day-times-2026-10-09/closing-batches.csv
T41319300,2023-09-12,clear,,,,,"Compact diverse closing batch is a daily local tally or a mixed tally entered at closing; point clock is entry time, not established observation time.",end-of-day-times-2026-10-09/closing-batches.csv
T41319301,2023-09-12,clear,,,,,"Compact diverse closing batch is a daily local tally or a mixed tally entered at closing; point clock is entry time, not established observation time.",end-of-day-times-2026-10-09/closing-batches.csv
T41319302,2023-09-12,clear,,,,,"Compact diverse closing batch is a daily local tally or a mixed tally entered at closing; point clock is entry time, not established observation time.",end-of-day-times-2026-10-09/closing-batches.csv
T41319303,2023-09-12,clear,,,,,"Compact diverse closing batch is a daily local tally or a mixed tally entered at closing; point clock is entry time, not established observation time.",end-of-day-times-2026-10-09/closing-batches.csv
T41319304,2023-09-12,clear,,,,,"Compact diverse closing batch is a daily local tally or a mixed tally entered at closing; point clock is entry time, not established observation time.",end-of-day-times-2026-10-09/closing-batches.csv
T41319305,2023-09-12,clear,,,,,"Compact diverse closing batch is a daily local tally or a mixed tally entered at closing; point clock is entry time, not established observation time.",end-of-day-times-2026-10-09/closing-batches.csv
T41319306,2023-09-12,clear,,,,,"Compact diverse closing batch is a daily local tally or a mixed tally entered at closing; point clock is entry time, not established observation time.",end-of-day-times-2026-10-09/closing-batches.csv
T41319307,2023-09-12,clear,,,,,"Compact diverse closing batch is a daily local tally or a mixed tally entered at closing; point clock is entry time, not established observation time.",end-of-day-times-2026-10-09/closing-batches.csv
T41319308,2023-09-12,clear,,,,,"Compact diverse closing batch is a daily local tally or a mixed tally entered at closing; point clock is entry time, not established observation time.",end-of-day-times-2026-10-09/closing-batches.csv
T41319309,2023-09-12,clear,,,,,"Compact diverse closing batch is a daily local tally or a mixed tally entered at closing; point clock is entry time, not established observation time.",end-of-day-times-2026-10-09/closing-batches.csv
T41319310,2023-09-12,clear,,,,,"Compact diverse closing batch is a daily local tally or a mixed tally entered at closing; point clock is entry time, not established observation time.",end-of-day-times-2026-10-09/closing-batches.csv
T41319311,2023-09-12,clear,,,,,"Compact diverse closing batch is a daily local tally or a mixed tally entered at closing; point clock is entry time, not established observation time.",end-of-day-times-2026-10-09/closing-batches.csv
T41319312,2023-09-12,clear,,,,,"Compact diverse closing batch is a daily local tally or a mixed tally entered at closing; point clock is entry time, not established observation time.",end-of-day-times-2026-10-09/closing-batches.csv
T41319313,2023-09-12,clear,,,,,"Compact diverse closing batch is a daily local tally or a mixed tally entered at closing; point clock is entry time, not established observation time.",end-of-day-times-2026-10-09/closing-batches.csv
T41319314,2023-09-12,clear,,,,,"Compact diverse closing batch is a daily local tally or a mixed tally entered at closing; point clock is entry time, not established observation time.",end-of-day-times-2026-10-09/closing-batches.csv
T41319315,2023-09-12,clear,,,,,"Compact diverse closing batch is a daily local tally or a mixed tally entered at closing; point clock is entry time, not established observation time.",end-of-day-times-2026-10-09/closing-batches.csv
T41319316,2023-09-12,clear,,,,,"Compact diverse closing batch is a daily local tally or a mixed tally entered at closing; point clock is entry time, not established observation time.",end-of-day-times-2026-10-09/closing-batches.csv
T41319317,2023-09-12,clear,,,,,"Compact diverse closing batch is a daily local tally or a mixed tally entered at closing; point clock is entry time, not established observation time.",end-of-day-times-2026-10-09/closing-batches.csv
T41319318,2023-09-12,clear,,,,,"Compact diverse closing batch is a daily local tally or a mixed tally entered at closing; point clock is entry time, not established observation time.",end-of-day-times-2026-10-09/closing-batches.csv
T41319319,2023-09-12,clear,,,,,"Compact diverse closing batch is a daily local tally or a mixed tally entered at closing; point clock is entry time, not established observation time.",end-of-day-times-2026-10-09/closing-batches.csv
T41319320,2023-09-12,clear,,,,,"Compact diverse closing batch is a daily local tally or a mixed tally entered at closing; point clock is entry time, not established observation time.",end-of-day-times-2026-10-09/closing-batches.csv
T41334460,2023-09-13,clear,,,,,"Compact diverse closing batch is a daily local tally or a mixed tally entered at closing; point clock is entry time, not established observation time.",end-of-day-times-2026-10-09/closing-batches.csv
T41334461,2023-09-13,clear,,,,,"Compact diverse closing batch is a daily local tally or a mixed tally entered at closing; point clock is entry time, not established observation time.",end-of-day-times-2026-10-09/closing-batches.csv
T41334462,2023-09-13,clear,,,,,"Compact diverse closing batch is a daily local tally or a mixed tally entered at closing; point clock is entry time, not established observation time.",end-of-day-times-2026-10-09/closing-batches.csv
T41334463,2023-09-13,clear,,,,,"Compact diverse closing batch is a daily local tally or a mixed tally entered at closing; point clock is entry time, not established observation time.",end-of-day-times-2026-10-09/closing-batches.csv
T41334464,2023-09-13,clear,,,,,"Compact diverse closing batch is a daily local tally or a mixed tally entered at closing; point clock is entry time, not established observation time.",end-of-day-times-2026-10-09/closing-batches.csv
T41334465,2023-09-13,clear,,,,,"Compact diverse closing batch is a daily local tally or a mixed tally entered at closing; point clock is entry time, not established observation time.",end-of-day-times-2026-10-09/closing-batches.csv
T41334466,2023-09-13,clear,,,,,"Compact diverse closing batch is a daily local tally or a mixed tally entered at closing; point clock is entry time, not established observation time.",end-of-day-times-2026-10-09/closing-batches.csv
T41334468,2023-09-13,clear,,,,,"Compact diverse closing batch is a daily local tally or a mixed tally entered at closing; point clock is entry time, not established observation time.",end-of-day-times-2026-10-09/closing-batches.csv
T41334469,2023-09-13,clear,,,,,"Compact diverse closing batch is a daily local tally or a mixed tally entered at closing; point clock is entry time, not established observation time.",end-of-day-times-2026-10-09/closing-batches.csv
T41334470,2023-09-13,clear,,,,,"Compact diverse closing batch is a daily local tally or a mixed tally entered at closing; point clock is entry time, not established observation time.",end-of-day-times-2026-10-09/closing-batches.csv
T41334471,2023-09-13,clear,,,,,"Compact diverse closing batch is a daily local tally or a mixed tally entered at closing; point clock is entry time, not established observation time.",end-of-day-times-2026-10-09/closing-batches.csv
T41334472,2023-09-13,clear,,,,,"Compact diverse closing batch is a daily local tally or a mixed tally entered at closing; point clock is entry time, not established observation time.",end-of-day-times-2026-10-09/closing-batches.csv
T41334473,2023-09-13,clear,,,,,"Compact diverse closing batch is a daily local tally or a mixed tally entered at closing; point clock is entry time, not established observation time.",end-of-day-times-2026-10-09/closing-batches.csv
T41334474,2023-09-13,clear,,,,,"Compact diverse closing batch is a daily local tally or a mixed tally entered at closing; point clock is entry time, not established observation time.",end-of-day-times-2026-10-09/closing-batches.csv
T41334475,2023-09-13,clear,,,,,"Compact diverse closing batch is a daily local tally or a mixed tally entered at closing; point clock is entry time, not established observation time.",end-of-day-times-2026-10-09/closing-batches.csv
T41334476,2023-09-13,clear,,,,,"Compact diverse closing batch is a daily local tally or a mixed tally entered at closing; point clock is entry time, not established observation time.",end-of-day-times-2026-10-09/closing-batches.csv
T41334477,2023-09-13,clear,,,,,"Compact diverse closing batch is a daily local tally or a mixed tally entered at closing; point clock is entry time, not established observation time.",end-of-day-times-2026-10-09/closing-batches.csv
T41334478,2023-09-13,clear,,,,,"Compact diverse closing batch is a daily local tally or a mixed tally entered at closing; point clock is entry time, not established observation time.",end-of-day-times-2026-10-09/closing-batches.csv
T41334479,2023-09-13,clear,,,,,"Compact diverse closing batch is a daily local tally or a mixed tally entered at closing; point clock is entry time, not established observation time.",end-of-day-times-2026-10-09/closing-batches.csv
T41334480,2023-09-13,clear,,,,,"Compact diverse closing batch is a daily local tally or a mixed tally entered at closing; point clock is entry time, not established observation time.",end-of-day-times-2026-10-09/closing-batches.csv
T41334481,2023-09-13,clear,,,,,"Compact diverse closing batch is a daily local tally or a mixed tally entered at closing; point clock is entry time, not established observation time.",end-of-day-times-2026-10-09/closing-batches.csv
T41334482,2023-09-13,clear,,,,,"Compact diverse closing batch is a daily local tally or a mixed tally entered at closing; point clock is entry time, not established observation time.",end-of-day-times-2026-10-09/closing-batches.csv
T41334483,2023-09-13,clear,,,,,"Compact diverse closing batch is a daily local tally or a mixed tally entered at closing; point clock is entry time, not established observation time.",end-of-day-times-2026-10-09/closing-batches.csv
T41334484,2023-09-13,clear,,,,,"Compact diverse closing batch is a daily local tally or a mixed tally entered at closing; point clock is entry time, not established observation time.",end-of-day-times-2026-10-09/closing-batches.csv
T41334485,2023-09-13,clear,,,,,"Compact diverse closing batch is a daily local tally or a mixed tally entered at closing; point clock is entry time, not established observation time.",end-of-day-times-2026-10-09/closing-batches.csv
T41334486,2023-09-13,clear,,,,,"Compact diverse closing batch is a daily local tally or a mixed tally entered at closing; point clock is entry time, not established observation time.",end-of-day-times-2026-10-09/closing-batches.csv
T41334487,2023-09-13,clear,,,,,"Compact diverse closing batch is a daily local tally or a mixed tally entered at closing; point clock is entry time, not established observation time.",end-of-day-times-2026-10-09/closing-batches.csv
T41334488,2023-09-13,clear,,,,,"Compact diverse closing batch is a daily local tally or a mixed tally entered at closing; point clock is entry time, not established observation time.",end-of-day-times-2026-10-09/closing-batches.csv
T41386855,2023-09-15,clear,,,,,"Compact diverse closing batch is a daily local tally or a mixed tally entered at closing; point clock is entry time, not established observation time.",end-of-day-times-2026-10-09/closing-batches.csv
T41386856,2023-09-15,clear,,,,,"Compact diverse closing batch is a daily local tally or a mixed tally entered at closing; point clock is entry time, not established observation time.",end-of-day-times-2026-10-09/closing-batches.csv
T41386857,2023-09-15,clear,,,,,"Compact diverse closing batch is a daily local tally or a mixed tally entered at closing; point clock is entry time, not established observation time.",end-of-day-times-2026-10-09/closing-batches.csv
T41386858,2023-09-15,clear,,,,,"Compact diverse closing batch is a daily local tally or a mixed tally entered at closing; point clock is entry time, not established observation time.",end-of-day-times-2026-10-09/closing-batches.csv
T41386859,2023-09-15,clear,,,,,"Compact diverse closing batch is a daily local tally or a mixed tally entered at closing; point clock is entry time, not established observation time.",end-of-day-times-2026-10-09/closing-batches.csv
T41386860,2023-09-15,clear,,,,,"Compact diverse closing batch is a daily local tally or a mixed tally entered at closing; point clock is entry time, not established observation time.",end-of-day-times-2026-10-09/closing-batches.csv
T41386861,2023-09-15,clear,,,,,"Compact diverse closing batch is a daily local tally or a mixed tally entered at closing; point clock is entry time, not established observation time.",end-of-day-times-2026-10-09/closing-batches.csv
T41386862,2023-09-15,clear,,,,,"Compact diverse closing batch is a daily local tally or a mixed tally entered at closing; point clock is entry time, not established observation time.",end-of-day-times-2026-10-09/closing-batches.csv
T41386863,2023-09-15,clear,,,,,"Compact diverse closing batch is a daily local tally or a mixed tally entered at closing; point clock is entry time, not established observation time.",end-of-day-times-2026-10-09/closing-batches.csv
T41386864,2023-09-15,clear,,,,,"Compact diverse closing batch is a daily local tally or a mixed tally entered at closing; point clock is entry time, not established observation time.",end-of-day-times-2026-10-09/closing-batches.csv
T41386865,2023-09-15,clear,,,,,"Compact diverse closing batch is a daily local tally or a mixed tally entered at closing; point clock is entry time, not established observation time.",end-of-day-times-2026-10-09/closing-batches.csv
T41386866,2023-09-15,clear,,,,,"Compact diverse closing batch is a daily local tally or a mixed tally entered at closing; point clock is entry time, not established observation time.",end-of-day-times-2026-10-09/closing-batches.csv
T41386867,2023-09-15,clear,,,,,"Compact diverse closing batch is a daily local tally or a mixed tally entered at closing; point clock is entry time, not established observation time.",end-of-day-times-2026-10-09/closing-batches.csv
T41386868,2023-09-15,clear,,,,,"Compact diverse closing batch is a daily local tally or a mixed tally entered at closing; point clock is entry time, not established observation time.",end-of-day-times-2026-10-09/closing-batches.csv
T41386869,2023-09-15,clear,,,,,"Compact diverse closing batch is a daily local tally or a mixed tally entered at closing; point clock is entry time, not established observation time.",end-of-day-times-2026-10-09/closing-batches.csv
T41386870,2023-09-15,clear,,,,,"Compact diverse closing batch is a daily local tally or a mixed tally entered at closing; point clock is entry time, not established observation time.",end-of-day-times-2026-10-09/closing-batches.csv
T41386871,2023-09-15,clear,,,,,"Compact diverse closing batch is a daily local tally or a mixed tally entered at closing; point clock is entry time, not established observation time.",end-of-day-times-2026-10-09/closing-batches.csv
T41386872,2023-09-15,clear,,,,,"Compact diverse closing batch is a daily local tally or a mixed tally entered at closing; point clock is entry time, not established observation time.",end-of-day-times-2026-10-09/closing-batches.csv
T41386873,2023-09-15,clear,,,,,"Compact diverse closing batch is a daily local tally or a mixed tally entered at closing; point clock is entry time, not established observation time.",end-of-day-times-2026-10-09/closing-batches.csv
T41386874,2023-09-15,clear,,,,,"Compact diverse closing batch is a daily local tally or a mixed tally entered at closing; point clock is entry time, not established observation time.",end-of-day-times-2026-10-09/closing-batches.csv
T41386875,2023-09-15,clear,,,,,"Compact diverse closing batch is a daily local tally or a mixed tally entered at closing; point clock is entry time, not established observation time.",end-of-day-times-2026-10-09/closing-batches.csv
T41386876,2023-09-15,clear,,,,,"Compact diverse closing batch is a daily local tally or a mixed tally entered at closing; point clock is entry time, not established observation time.",end-of-day-times-2026-10-09/closing-batches.csv
T41386877,2023-09-15,clear,,,,,"Compact diverse closing batch is a daily local tally or a mixed tally entered at closing; point clock is entry time, not established observation time.",end-of-day-times-2026-10-09/closing-batches.csv
T41510048,2023-09-20,clear,,,,,"Compact diverse closing batch is a daily local tally or a mixed tally entered at closing; point clock is entry time, not established observation time.",end-of-day-times-2026-10-09/closing-batches.csv
T41510049,2023-09-20,clear,,,,,"Compact diverse closing batch is a daily local tally or a mixed tally entered at closing; point clock is entry time, not established observation time.",end-of-day-times-2026-10-09/closing-batches.csv
T41510050,2023-09-20,clear,,,,,"Compact diverse closing batch is a daily local tally or a mixed tally entered at closing; point clock is entry time, not established observation time.",end-of-day-times-2026-10-09/closing-batches.csv
T41510051,2023-09-20,clear,,,,,"Compact diverse closing batch is a daily local tally or a mixed tally entered at closing; point clock is entry time, not established observation time.",end-of-day-times-2026-10-09/closing-batches.csv
T41510052,2023-09-20,clear,,,,,"Compact diverse closing batch is a daily local tally or a mixed tally entered at closing; point clock is entry time, not established observation time.",end-of-day-times-2026-10-09/closing-batches.csv
T41510053,2023-09-20,clear,,,,,"Compact diverse closing batch is a daily local tally or a mixed tally entered at closing; point clock is entry time, not established observation time.",end-of-day-times-2026-10-09/closing-batches.csv
T41510054,2023-09-20,clear,,,,,"Compact diverse closing batch is a daily local tally or a mixed tally entered at closing; point clock is entry time, not established observation time.",end-of-day-times-2026-10-09/closing-batches.csv
T41510055,2023-09-20,clear,,,,,"Compact diverse closing batch is a daily local tally or a mixed tally entered at closing; point clock is entry time, not established observation time.",end-of-day-times-2026-10-09/closing-batches.csv
T41510056,2023-09-20,clear,,,,,"Compact diverse closing batch is a daily local tally or a mixed tally entered at closing; point clock is entry time, not established observation time.",end-of-day-times-2026-10-09/closing-batches.csv
T41510057,2023-09-20,clear,,,,,"Compact diverse closing batch is a daily local tally or a mixed tally entered at closing; point clock is entry time, not established observation time.",end-of-day-times-2026-10-09/closing-batches.csv
T41510058,2023-09-20,clear,,,,,"Compact diverse closing batch is a daily local tally or a mixed tally entered at closing; point clock is entry time, not established observation time.",end-of-day-times-2026-10-09/closing-batches.csv
T41510059,2023-09-20,clear,,,,,"Compact diverse closing batch is a daily local tally or a mixed tally entered at closing; point clock is entry time, not established observation time.",end-of-day-times-2026-10-09/closing-batches.csv
T41510060,2023-09-20,clear,,,,,"Compact diverse closing batch is a daily local tally or a mixed tally entered at closing; point clock is entry time, not established observation time.",end-of-day-times-2026-10-09/closing-batches.csv
T41510061,2023-09-20,clear,,,,,"Compact diverse closing batch is a daily local tally or a mixed tally entered at closing; point clock is entry time, not established observation time.",end-of-day-times-2026-10-09/closing-batches.csv
T41510062,2023-09-20,clear,,,,,"Compact diverse closing batch is a daily local tally or a mixed tally entered at closing; point clock is entry time, not established observation time.",end-of-day-times-2026-10-09/closing-batches.csv
T41510063,2023-09-20,clear,,,,,"Compact diverse closing batch is a daily local tally or a mixed tally entered at closing; point clock is entry time, not established observation time.",end-of-day-times-2026-10-09/closing-batches.csv
T41510064,2023-09-20,clear,,,,,"Compact diverse closing batch is a daily local tally or a mixed tally entered at closing; point clock is entry time, not established observation time.",end-of-day-times-2026-10-09/closing-batches.csv
T41510065,2023-09-20,clear,,,,,"Compact diverse closing batch is a daily local tally or a mixed tally entered at closing; point clock is entry time, not established observation time.",end-of-day-times-2026-10-09/closing-batches.csv
T41510066,2023-09-20,clear,,,,,"Compact diverse closing batch is a daily local tally or a mixed tally entered at closing; point clock is entry time, not established observation time.",end-of-day-times-2026-10-09/closing-batches.csv
T41510067,2023-09-20,clear,,,,,"Compact diverse closing batch is a daily local tally or a mixed tally entered at closing; point clock is entry time, not established observation time.",end-of-day-times-2026-10-09/closing-batches.csv
T41510068,2023-09-20,clear,,,,,"Compact diverse closing batch is a daily local tally or a mixed tally entered at closing; point clock is entry time, not established observation time.",end-of-day-times-2026-10-09/closing-batches.csv
T41510069,2023-09-20,clear,,,,,"Compact diverse closing batch is a daily local tally or a mixed tally entered at closing; point clock is entry time, not established observation time.",end-of-day-times-2026-10-09/closing-batches.csv
T41510070,2023-09-20,clear,,,,,"Compact diverse closing batch is a daily local tally or a mixed tally entered at closing; point clock is entry time, not established observation time.",end-of-day-times-2026-10-09/closing-batches.csv
T41510071,2023-09-20,clear,,,,,"Compact diverse closing batch is a daily local tally or a mixed tally entered at closing; point clock is entry time, not established observation time.",end-of-day-times-2026-10-09/closing-batches.csv
T41510072,2023-09-20,clear,,,,,"Compact diverse closing batch is a daily local tally or a mixed tally entered at closing; point clock is entry time, not established observation time.",end-of-day-times-2026-10-09/closing-batches.csv
T41510073,2023-09-20,clear,,,,,"Compact diverse closing batch is a daily local tally or a mixed tally entered at closing; point clock is entry time, not established observation time.",end-of-day-times-2026-10-09/closing-batches.csv
T41510074,2023-09-20,clear,,,,,"Compact diverse closing batch is a daily local tally or a mixed tally entered at closing; point clock is entry time, not established observation time.",end-of-day-times-2026-10-09/closing-batches.csv
T41510075,2023-09-20,clear,,,,,"Compact diverse closing batch is a daily local tally or a mixed tally entered at closing; point clock is entry time, not established observation time.",end-of-day-times-2026-10-09/closing-batches.csv
T41510076,2023-09-20,clear,,,,,"Compact diverse closing batch is a daily local tally or a mixed tally entered at closing; point clock is entry time, not established observation time.",end-of-day-times-2026-10-09/closing-batches.csv
T41510077,2023-09-20,clear,,,,,"Compact diverse closing batch is a daily local tally or a mixed tally entered at closing; point clock is entry time, not established observation time.",end-of-day-times-2026-10-09/closing-batches.csv
T41559202,2023-09-22,clear,,,,,"Compact diverse closing batch is a daily local tally or a mixed tally entered at closing; point clock is entry time, not established observation time.",end-of-day-times-2026-10-09/closing-batches.csv
T41559203,2023-09-22,clear,,,,,"Compact diverse closing batch is a daily local tally or a mixed tally entered at closing; point clock is entry time, not established observation time.",end-of-day-times-2026-10-09/closing-batches.csv
T41559204,2023-09-22,clear,,,,,"Compact diverse closing batch is a daily local tally or a mixed tally entered at closing; point clock is entry time, not established observation time.",end-of-day-times-2026-10-09/closing-batches.csv
T41559205,2023-09-22,clear,,,,,"Compact diverse closing batch is a daily local tally or a mixed tally entered at closing; point clock is entry time, not established observation time.",end-of-day-times-2026-10-09/closing-batches.csv
T41559206,2023-09-22,clear,,,,,"Compact diverse closing batch is a daily local tally or a mixed tally entered at closing; point clock is entry time, not established observation time.",end-of-day-times-2026-10-09/closing-batches.csv
T41559207,2023-09-22,clear,,,,,"Compact diverse closing batch is a daily local tally or a mixed tally entered at closing; point clock is entry time, not established observation time.",end-of-day-times-2026-10-09/closing-batches.csv
T41559208,2023-09-22,clear,,,,,"Compact diverse closing batch is a daily local tally or a mixed tally entered at closing; point clock is entry time, not established observation time.",end-of-day-times-2026-10-09/closing-batches.csv
T41559209,2023-09-22,clear,,,,,"Compact diverse closing batch is a daily local tally or a mixed tally entered at closing; point clock is entry time, not established observation time.",end-of-day-times-2026-10-09/closing-batches.csv
T41559210,2023-09-22,clear,,,,,"Compact diverse closing batch is a daily local tally or a mixed tally entered at closing; point clock is entry time, not established observation time.",end-of-day-times-2026-10-09/closing-batches.csv
T41559211,2023-09-22,clear,,,,,"Compact diverse closing batch is a daily local tally or a mixed tally entered at closing; point clock is entry time, not established observation time.",end-of-day-times-2026-10-09/closing-batches.csv
T41559212,2023-09-22,clear,,,,,"Compact diverse closing batch is a daily local tally or a mixed tally entered at closing; point clock is entry time, not established observation time.",end-of-day-times-2026-10-09/closing-batches.csv
T41559213,2023-09-22,clear,,,,,"Compact diverse closing batch is a daily local tally or a mixed tally entered at closing; point clock is entry time, not established observation time.",end-of-day-times-2026-10-09/closing-batches.csv
T41559214,2023-09-22,clear,,,,,"Compact diverse closing batch is a daily local tally or a mixed tally entered at closing; point clock is entry time, not established observation time.",end-of-day-times-2026-10-09/closing-batches.csv
T41559215,2023-09-22,clear,,,,,"Compact diverse closing batch is a daily local tally or a mixed tally entered at closing; point clock is entry time, not established observation time.",end-of-day-times-2026-10-09/closing-batches.csv
T41559216,2023-09-22,clear,,,,,"Compact diverse closing batch is a daily local tally or a mixed tally entered at closing; point clock is entry time, not established observation time.",end-of-day-times-2026-10-09/closing-batches.csv
T41559217,2023-09-22,clear,,,,,"Compact diverse closing batch is a daily local tally or a mixed tally entered at closing; point clock is entry time, not established observation time.",end-of-day-times-2026-10-09/closing-batches.csv
T41559218,2023-09-22,clear,,,,,"Compact diverse closing batch is a daily local tally or a mixed tally entered at closing; point clock is entry time, not established observation time.",end-of-day-times-2026-10-09/closing-batches.csv
T41559219,2023-09-22,clear,,,,,"Compact diverse closing batch is a daily local tally or a mixed tally entered at closing; point clock is entry time, not established observation time.",end-of-day-times-2026-10-09/closing-batches.csv
T41559220,2023-09-22,clear,,,,,"Compact diverse closing batch is a daily local tally or a mixed tally entered at closing; point clock is entry time, not established observation time.",end-of-day-times-2026-10-09/closing-batches.csv
T41559221,2023-09-22,clear,,,,,"Compact diverse closing batch is a daily local tally or a mixed tally entered at closing; point clock is entry time, not established observation time.",end-of-day-times-2026-10-09/closing-batches.csv
T41788751,2023-09-28,clear,,,,,"Compact diverse closing batch is a daily local tally or a mixed tally entered at closing; point clock is entry time, not established observation time.",end-of-day-times-2026-10-09/closing-batches.csv
T41788752,2023-09-28,clear,,,,,"Compact diverse closing batch is a daily local tally or a mixed tally entered at closing; point clock is entry time, not established observation time.",end-of-day-times-2026-10-09/closing-batches.csv
T41788753,2023-09-28,clear,,,,,"Compact diverse closing batch is a daily local tally or a mixed tally entered at closing; point clock is entry time, not established observation time.",end-of-day-times-2026-10-09/closing-batches.csv
T41788754,2023-09-28,clear,,,,,"Compact diverse closing batch is a daily local tally or a mixed tally entered at closing; point clock is entry time, not established observation time.",end-of-day-times-2026-10-09/closing-batches.csv
T41788755,2023-09-28,clear,,,,,"Compact diverse closing batch is a daily local tally or a mixed tally entered at closing; point clock is entry time, not established observation time.",end-of-day-times-2026-10-09/closing-batches.csv
T41788756,2023-09-28,clear,,,,,"Compact diverse closing batch is a daily local tally or a mixed tally entered at closing; point clock is entry time, not established observation time.",end-of-day-times-2026-10-09/closing-batches.csv
T41788757,2023-09-28,clear,,,,,"Compact diverse closing batch is a daily local tally or a mixed tally entered at closing; point clock is entry time, not established observation time.",end-of-day-times-2026-10-09/closing-batches.csv
T41788758,2023-09-28,clear,,,,,"Compact diverse closing batch is a daily local tally or a mixed tally entered at closing; point clock is entry time, not established observation time.",end-of-day-times-2026-10-09/closing-batches.csv
T41788759,2023-09-28,clear,,,,,"Compact diverse closing batch is a daily local tally or a mixed tally entered at closing; point clock is entry time, not established observation time.",end-of-day-times-2026-10-09/closing-batches.csv
T41788760,2023-09-28,clear,,,,,"Compact diverse closing batch is a daily local tally or a mixed tally entered at closing; point clock is entry time, not established observation time.",end-of-day-times-2026-10-09/closing-batches.csv
T41788761,2023-09-28,clear,,,,,"Compact diverse closing batch is a daily local tally or a mixed tally entered at closing; point clock is entry time, not established observation time.",end-of-day-times-2026-10-09/closing-batches.csv
T41788762,2023-09-28,clear,,,,,"Compact diverse closing batch is a daily local tally or a mixed tally entered at closing; point clock is entry time, not established observation time.",end-of-day-times-2026-10-09/closing-batches.csv
T41788763,2023-09-28,clear,,,,,"Compact diverse closing batch is a daily local tally or a mixed tally entered at closing; point clock is entry time, not established observation time.",end-of-day-times-2026-10-09/closing-batches.csv
T41788764,2023-09-28,clear,,,,,"Compact diverse closing batch is a daily local tally or a mixed tally entered at closing; point clock is entry time, not established observation time.",end-of-day-times-2026-10-09/closing-batches.csv
T41788765,2023-09-28,clear,,,,,"Compact diverse closing batch is a daily local tally or a mixed tally entered at closing; point clock is entry time, not established observation time.",end-of-day-times-2026-10-09/closing-batches.csv
T41788766,2023-09-28,clear,,,,,"Compact diverse closing batch is a daily local tally or a mixed tally entered at closing; point clock is entry time, not established observation time.",end-of-day-times-2026-10-09/closing-batches.csv
T41788767,2023-09-28,clear,,,,,"Compact diverse closing batch is a daily local tally or a mixed tally entered at closing; point clock is entry time, not established observation time.",end-of-day-times-2026-10-09/closing-batches.csv
T41788768,2023-09-28,clear,,,,,"Compact diverse closing batch is a daily local tally or a mixed tally entered at closing; point clock is entry time, not established observation time.",end-of-day-times-2026-10-09/closing-batches.csv
T41788769,2023-09-28,clear,,,,,"Compact diverse closing batch is a daily local tally or a mixed tally entered at closing; point clock is entry time, not established observation time.",end-of-day-times-2026-10-09/closing-batches.csv
T41788771,2023-09-28,clear,,,,,"Compact diverse closing batch is a daily local tally or a mixed tally entered at closing; point clock is entry time, not established observation time.",end-of-day-times-2026-10-09/closing-batches.csv
T41788772,2023-09-28,clear,,,,,"Compact diverse closing batch is a daily local tally or a mixed tally entered at closing; point clock is entry time, not established observation time.",end-of-day-times-2026-10-09/closing-batches.csv
T41788773,2023-09-28,clear,,,,,"Compact diverse closing batch is a daily local tally or a mixed tally entered at closing; point clock is entry time, not established observation time.",end-of-day-times-2026-10-09/closing-batches.csv
T41788774,2023-09-28,clear,,,,,"Compact diverse closing batch is a daily local tally or a mixed tally entered at closing; point clock is entry time, not established observation time.",end-of-day-times-2026-10-09/closing-batches.csv
T41788775,2023-09-28,clear,,,,,"Compact diverse closing batch is a daily local tally or a mixed tally entered at closing; point clock is entry time, not established observation time.",end-of-day-times-2026-10-09/closing-batches.csv
T41788776,2023-09-28,clear,,,,,"Compact diverse closing batch is a daily local tally or a mixed tally entered at closing; point clock is entry time, not established observation time.",end-of-day-times-2026-10-09/closing-batches.csv
T41788777,2023-09-28,clear,,,,,"Compact diverse closing batch is a daily local tally or a mixed tally entered at closing; point clock is entry time, not established observation time.",end-of-day-times-2026-10-09/closing-batches.csv
T41788778,2023-09-28,clear,,,,,"Compact diverse closing batch is a daily local tally or a mixed tally entered at closing; point clock is entry time, not established observation time.",end-of-day-times-2026-10-09/closing-batches.csv
T41788779,2023-09-28,clear,,,,,"Compact diverse closing batch is a daily local tally or a mixed tally entered at closing; point clock is entry time, not established observation time.",end-of-day-times-2026-10-09/closing-batches.csv
T41945171,2023-09-30,clear,,,,,"Compact diverse closing batch is a daily local tally or a mixed tally entered at closing; point clock is entry time, not established observation time.",end-of-day-times-2026-10-09/closing-batches.csv
T41945172,2023-09-30,clear,,,,,"Compact diverse closing batch is a daily local tally or a mixed tally entered at closing; point clock is entry time, not established observation time.",end-of-day-times-2026-10-09/closing-batches.csv
T41945173,2023-09-30,clear,,,,,"Compact diverse closing batch is a daily local tally or a mixed tally entered at closing; point clock is entry time, not established observation time.",end-of-day-times-2026-10-09/closing-batches.csv
T41945174,2023-09-30,clear,,,,,"Compact diverse closing batch is a daily local tally or a mixed tally entered at closing; point clock is entry time, not established observation time.",end-of-day-times-2026-10-09/closing-batches.csv
T41945175,2023-09-30,clear,,,,,"Compact diverse closing batch is a daily local tally or a mixed tally entered at closing; point clock is entry time, not established observation time.",end-of-day-times-2026-10-09/closing-batches.csv
T41945176,2023-09-30,clear,,,,,"Compact diverse closing batch is a daily local tally or a mixed tally entered at closing; point clock is entry time, not established observation time.",end-of-day-times-2026-10-09/closing-batches.csv
T41945177,2023-09-30,clear,,,,,"Compact diverse closing batch is a daily local tally or a mixed tally entered at closing; point clock is entry time, not established observation time.",end-of-day-times-2026-10-09/closing-batches.csv
T41945178,2023-09-30,clear,,,,,"Compact diverse closing batch is a daily local tally or a mixed tally entered at closing; point clock is entry time, not established observation time.",end-of-day-times-2026-10-09/closing-batches.csv
T41945179,2023-09-30,clear,,,,,"Compact diverse closing batch is a daily local tally or a mixed tally entered at closing; point clock is entry time, not established observation time.",end-of-day-times-2026-10-09/closing-batches.csv
T41945180,2023-09-30,clear,,,,,"Compact diverse closing batch is a daily local tally or a mixed tally entered at closing; point clock is entry time, not established observation time.",end-of-day-times-2026-10-09/closing-batches.csv
T41945181,2023-09-30,clear,,,,,"Compact diverse closing batch is a daily local tally or a mixed tally entered at closing; point clock is entry time, not established observation time.",end-of-day-times-2026-10-09/closing-batches.csv
T41945182,2023-09-30,clear,,,,,"Compact diverse closing batch is a daily local tally or a mixed tally entered at closing; point clock is entry time, not established observation time.",end-of-day-times-2026-10-09/closing-batches.csv
T41945183,2023-09-30,clear,,,,,"Compact diverse closing batch is a daily local tally or a mixed tally entered at closing; point clock is entry time, not established observation time.",end-of-day-times-2026-10-09/closing-batches.csv
T41945184,2023-09-30,clear,,,,,"Compact diverse closing batch is a daily local tally or a mixed tally entered at closing; point clock is entry time, not established observation time.",end-of-day-times-2026-10-09/closing-batches.csv
T41945185,2023-09-30,clear,,,,,"Compact diverse closing batch is a daily local tally or a mixed tally entered at closing; point clock is entry time, not established observation time.",end-of-day-times-2026-10-09/closing-batches.csv
T41945186,2023-09-30,clear,,,,,"Compact diverse closing batch is a daily local tally or a mixed tally entered at closing; point clock is entry time, not established observation time.",end-of-day-times-2026-10-09/closing-batches.csv
T41945187,2023-09-30,clear,,,,,"Compact diverse closing batch is a daily local tally or a mixed tally entered at closing; point clock is entry time, not established observation time.",end-of-day-times-2026-10-09/closing-batches.csv
T41945188,2023-09-30,clear,,,,,"Compact diverse closing batch is a daily local tally or a mixed tally entered at closing; point clock is entry time, not established observation time.",end-of-day-times-2026-10-09/closing-batches.csv
T41945189,2023-09-30,clear,,,,,"Compact diverse closing batch is a daily local tally or a mixed tally entered at closing; point clock is entry time, not established observation time.",end-of-day-times-2026-10-09/closing-batches.csv
T41945190,2023-09-30,clear,,,,,"Compact diverse closing batch is a daily local tally or a mixed tally entered at closing; point clock is entry time, not established observation time.",end-of-day-times-2026-10-09/closing-batches.csv
T41945191,2023-09-30,clear,,,,,"Compact diverse closing batch is a daily local tally or a mixed tally entered at closing; point clock is entry time, not established observation time.",end-of-day-times-2026-10-09/closing-batches.csv
T41945192,2023-09-30,clear,,,,,"Compact diverse closing batch is a daily local tally or a mixed tally entered at closing; point clock is entry time, not established observation time.",end-of-day-times-2026-10-09/closing-batches.csv
T41945193,2023-09-30,clear,,,,,"Compact diverse closing batch is a daily local tally or a mixed tally entered at closing; point clock is entry time, not established observation time.",end-of-day-times-2026-10-09/closing-batches.csv
T41945194,2023-09-30,clear,,,,,"Compact diverse closing batch is a daily local tally or a mixed tally entered at closing; point clock is entry time, not established observation time.",end-of-day-times-2026-10-09/closing-batches.csv
T41945195,2023-09-30,clear,,,,,"Compact diverse closing batch is a daily local tally or a mixed tally entered at closing; point clock is entry time, not established observation time.",end-of-day-times-2026-10-09/closing-batches.csv
T41945196,2023-09-30,clear,,,,,"Compact diverse closing batch is a daily local tally or a mixed tally entered at closing; point clock is entry time, not established observation time.",end-of-day-times-2026-10-09/closing-batches.csv
T41945197,2023-09-30,clear,,,,,"Compact diverse closing batch is a daily local tally or a mixed tally entered at closing; point clock is entry time, not established observation time.",end-of-day-times-2026-10-09/closing-batches.csv
T41945198,2023-09-30,clear,,,,,"Compact diverse closing batch is a daily local tally or a mixed tally entered at closing; point clock is entry time, not established observation time.",end-of-day-times-2026-10-09/closing-batches.csv
T41945199,2023-09-30,clear,,,,,"Compact diverse closing batch is a daily local tally or a mixed tally entered at closing; point clock is entry time, not established observation time.",end-of-day-times-2026-10-09/closing-batches.csv
T41945200,2023-09-30,clear,,,,,"Compact diverse closing batch is a daily local tally or a mixed tally entered at closing; point clock is entry time, not established observation time.",end-of-day-times-2026-10-09/closing-batches.csv
T41945201,2023-09-30,clear,,,,,"Compact diverse closing batch is a daily local tally or a mixed tally entered at closing; point clock is entry time, not established observation time.",end-of-day-times-2026-10-09/closing-batches.csv
T42120866,2023-10-03,clear,,,,,"Compact diverse closing batch is a daily local tally or a mixed tally entered at closing; point clock is entry time, not established observation time.",end-of-day-times-2026-10-09/closing-batches.csv
T42120867,2023-10-03,clear,,,,,"Compact diverse closing batch is a daily local tally or a mixed tally entered at closing; point clock is entry time, not established observation time.",end-of-day-times-2026-10-09/closing-batches.csv
T42120868,2023-10-03,clear,,,,,"Compact diverse closing batch is a daily local tally or a mixed tally entered at closing; point clock is entry time, not established observation time.",end-of-day-times-2026-10-09/closing-batches.csv
T42120869,2023-10-03,clear,,,,,"Compact diverse closing batch is a daily local tally or a mixed tally entered at closing; point clock is entry time, not established observation time.",end-of-day-times-2026-10-09/closing-batches.csv
T42120870,2023-10-03,clear,,,,,"Compact diverse closing batch is a daily local tally or a mixed tally entered at closing; point clock is entry time, not established observation time.",end-of-day-times-2026-10-09/closing-batches.csv
T42120871,2023-10-03,clear,,,,,"Compact diverse closing batch is a daily local tally or a mixed tally entered at closing; point clock is entry time, not established observation time.",end-of-day-times-2026-10-09/closing-batches.csv
T42120872,2023-10-03,clear,,,,,"Compact diverse closing batch is a daily local tally or a mixed tally entered at closing; point clock is entry time, not established observation time.",end-of-day-times-2026-10-09/closing-batches.csv
T42120873,2023-10-03,clear,,,,,"Compact diverse closing batch is a daily local tally or a mixed tally entered at closing; point clock is entry time, not established observation time.",end-of-day-times-2026-10-09/closing-batches.csv
T42120874,2023-10-03,clear,,,,,"Compact diverse closing batch is a daily local tally or a mixed tally entered at closing; point clock is entry time, not established observation time.",end-of-day-times-2026-10-09/closing-batches.csv
T42120875,2023-10-03,clear,,,,,"Compact diverse closing batch is a daily local tally or a mixed tally entered at closing; point clock is entry time, not established observation time.",end-of-day-times-2026-10-09/closing-batches.csv
T42120876,2023-10-03,clear,,,,,"Compact diverse closing batch is a daily local tally or a mixed tally entered at closing; point clock is entry time, not established observation time.",end-of-day-times-2026-10-09/closing-batches.csv
T42120877,2023-10-03,clear,,,,,"Compact diverse closing batch is a daily local tally or a mixed tally entered at closing; point clock is entry time, not established observation time.",end-of-day-times-2026-10-09/closing-batches.csv
T42120878,2023-10-03,clear,,,,,"Compact diverse closing batch is a daily local tally or a mixed tally entered at closing; point clock is entry time, not established observation time.",end-of-day-times-2026-10-09/closing-batches.csv
T42120879,2023-10-03,clear,,,,,"Compact diverse closing batch is a daily local tally or a mixed tally entered at closing; point clock is entry time, not established observation time.",end-of-day-times-2026-10-09/closing-batches.csv
T42120880,2023-10-03,clear,,,,,"Compact diverse closing batch is a daily local tally or a mixed tally entered at closing; point clock is entry time, not established observation time.",end-of-day-times-2026-10-09/closing-batches.csv
T42120881,2023-10-03,clear,,,,,"Compact diverse closing batch is a daily local tally or a mixed tally entered at closing; point clock is entry time, not established observation time.",end-of-day-times-2026-10-09/closing-batches.csv
T42120882,2023-10-03,clear,,,,,"Compact diverse closing batch is a daily local tally or a mixed tally entered at closing; point clock is entry time, not established observation time.",end-of-day-times-2026-10-09/closing-batches.csv
T42120883,2023-10-03,clear,,,,,"Compact diverse closing batch is a daily local tally or a mixed tally entered at closing; point clock is entry time, not established observation time.",end-of-day-times-2026-10-09/closing-batches.csv
T42120884,2023-10-03,clear,,,,,"Compact diverse closing batch is a daily local tally or a mixed tally entered at closing; point clock is entry time, not established observation time.",end-of-day-times-2026-10-09/closing-batches.csv
T42120885,2023-10-03,clear,,,,,"Compact diverse closing batch is a daily local tally or a mixed tally entered at closing; point clock is entry time, not established observation time.",end-of-day-times-2026-10-09/closing-batches.csv
T42120886,2023-10-03,clear,,,,,"Compact diverse closing batch is a daily local tally or a mixed tally entered at closing; point clock is entry time, not established observation time.",end-of-day-times-2026-10-09/closing-batches.csv
T42120887,2023-10-03,clear,,,,,"Compact diverse closing batch is a daily local tally or a mixed tally entered at closing; point clock is entry time, not established observation time.",end-of-day-times-2026-10-09/closing-batches.csv
T42120888,2023-10-03,clear,,,,,"Compact diverse closing batch is a daily local tally or a mixed tally entered at closing; point clock is entry time, not established observation time.",end-of-day-times-2026-10-09/closing-batches.csv
T42120889,2023-10-03,clear,,,,,"Compact diverse closing batch is a daily local tally or a mixed tally entered at closing; point clock is entry time, not established observation time.",end-of-day-times-2026-10-09/closing-batches.csv
T42120890,2023-10-03,clear,,,,,"Compact diverse closing batch is a daily local tally or a mixed tally entered at closing; point clock is entry time, not established observation time.",end-of-day-times-2026-10-09/closing-batches.csv
T42120891,2023-10-03,clear,,,,,"Compact diverse closing batch is a daily local tally or a mixed tally entered at closing; point clock is entry time, not established observation time.",end-of-day-times-2026-10-09/closing-batches.csv
T42120892,2023-10-03,clear,,,,,"Compact diverse closing batch is a daily local tally or a mixed tally entered at closing; point clock is entry time, not established observation time.",end-of-day-times-2026-10-09/closing-batches.csv
T42817137,2023-10-14,clear,,,,,"Compact diverse closing batch is a daily local tally or a mixed tally entered at closing; point clock is entry time, not established observation time.",end-of-day-times-2026-10-09/closing-batches.csv
T42817138,2023-10-14,clear,,,,,"Compact diverse closing batch is a daily local tally or a mixed tally entered at closing; point clock is entry time, not established observation time.",end-of-day-times-2026-10-09/closing-batches.csv
T42817139,2023-10-14,clear,,,,,"Compact diverse closing batch is a daily local tally or a mixed tally entered at closing; point clock is entry time, not established observation time.",end-of-day-times-2026-10-09/closing-batches.csv
T42817140,2023-10-14,clear,,,,,"Compact diverse closing batch is a daily local tally or a mixed tally entered at closing; point clock is entry time, not established observation time.",end-of-day-times-2026-10-09/closing-batches.csv
T42817141,2023-10-14,clear,,,,,"Compact diverse closing batch is a daily local tally or a mixed tally entered at closing; point clock is entry time, not established observation time.",end-of-day-times-2026-10-09/closing-batches.csv
T42817142,2023-10-14,clear,,,,,"Compact diverse closing batch is a daily local tally or a mixed tally entered at closing; point clock is entry time, not established observation time.",end-of-day-times-2026-10-09/closing-batches.csv
T42817143,2023-10-14,clear,,,,,"Compact diverse closing batch is a daily local tally or a mixed tally entered at closing; point clock is entry time, not established observation time.",end-of-day-times-2026-10-09/closing-batches.csv
T42817144,2023-10-14,clear,,,,,"Compact diverse closing batch is a daily local tally or a mixed tally entered at closing; point clock is entry time, not established observation time.",end-of-day-times-2026-10-09/closing-batches.csv
T42817145,2023-10-14,clear,,,,,"Compact diverse closing batch is a daily local tally or a mixed tally entered at closing; point clock is entry time, not established observation time.",end-of-day-times-2026-10-09/closing-batches.csv
T42817146,2023-10-14,clear,,,,,"Compact diverse closing batch is a daily local tally or a mixed tally entered at closing; point clock is entry time, not established observation time.",end-of-day-times-2026-10-09/closing-batches.csv
T42817147,2023-10-14,clear,,,,,"Compact diverse closing batch is a daily local tally or a mixed tally entered at closing; point clock is entry time, not established observation time.",end-of-day-times-2026-10-09/closing-batches.csv
T42817148,2023-10-14,clear,,,,,"Compact diverse closing batch is a daily local tally or a mixed tally entered at closing; point clock is entry time, not established observation time.",end-of-day-times-2026-10-09/closing-batches.csv
T42817149,2023-10-14,clear,,,,,"Compact diverse closing batch is a daily local tally or a mixed tally entered at closing; point clock is entry time, not established observation time.",end-of-day-times-2026-10-09/closing-batches.csv
T42817150,2023-10-14,clear,,,,,"Compact diverse closing batch is a daily local tally or a mixed tally entered at closing; point clock is entry time, not established observation time.",end-of-day-times-2026-10-09/closing-batches.csv
T42817151,2023-10-14,clear,,,,,"Compact diverse closing batch is a daily local tally or a mixed tally entered at closing; point clock is entry time, not established observation time.",end-of-day-times-2026-10-09/closing-batches.csv
T42817152,2023-10-14,clear,,,,,"Compact diverse closing batch is a daily local tally or a mixed tally entered at closing; point clock is entry time, not established observation time.",end-of-day-times-2026-10-09/closing-batches.csv
T42817153,2023-10-14,clear,,,,,"Compact diverse closing batch is a daily local tally or a mixed tally entered at closing; point clock is entry time, not established observation time.",end-of-day-times-2026-10-09/closing-batches.csv
T42817154,2023-10-14,clear,,,,,"Compact diverse closing batch is a daily local tally or a mixed tally entered at closing; point clock is entry time, not established observation time.",end-of-day-times-2026-10-09/closing-batches.csv
T42817155,2023-10-14,clear,,,,,"Compact diverse closing batch is a daily local tally or a mixed tally entered at closing; point clock is entry time, not established observation time.",end-of-day-times-2026-10-09/closing-batches.csv
T42817156,2023-10-14,clear,,,,,"Compact diverse closing batch is a daily local tally or a mixed tally entered at closing; point clock is entry time, not established observation time.",end-of-day-times-2026-10-09/closing-batches.csv
T42817157,2023-10-14,clear,,,,,"Compact diverse closing batch is a daily local tally or a mixed tally entered at closing; point clock is entry time, not established observation time.",end-of-day-times-2026-10-09/closing-batches.csv
T42817158,2023-10-14,clear,,,,,"Compact diverse closing batch is a daily local tally or a mixed tally entered at closing; point clock is entry time, not established observation time.",end-of-day-times-2026-10-09/closing-batches.csv
T42817159,2023-10-14,clear,,,,,"Compact diverse closing batch is a daily local tally or a mixed tally entered at closing; point clock is entry time, not established observation time.",end-of-day-times-2026-10-09/closing-batches.csv
T42817160,2023-10-14,clear,,,,,"Compact diverse closing batch is a daily local tally or a mixed tally entered at closing; point clock is entry time, not established observation time.",end-of-day-times-2026-10-09/closing-batches.csv
T42817161,2023-10-14,clear,,,,,"Compact diverse closing batch is a daily local tally or a mixed tally entered at closing; point clock is entry time, not established observation time.",end-of-day-times-2026-10-09/closing-batches.csv
T42817162,2023-10-14,clear,,,,,"Compact diverse closing batch is a daily local tally or a mixed tally entered at closing; point clock is entry time, not established observation time.",end-of-day-times-2026-10-09/closing-batches.csv
T42817163,2023-10-14,clear,,,,,"Compact diverse closing batch is a daily local tally or a mixed tally entered at closing; point clock is entry time, not established observation time.",end-of-day-times-2026-10-09/closing-batches.csv
T42817164,2023-10-14,clear,,,,,"Compact diverse closing batch is a daily local tally or a mixed tally entered at closing; point clock is entry time, not established observation time.",end-of-day-times-2026-10-09/closing-batches.csv
T42817165,2023-10-14,clear,,,,,"Compact diverse closing batch is a daily local tally or a mixed tally entered at closing; point clock is entry time, not established observation time.",end-of-day-times-2026-10-09/closing-batches.csv
T42817166,2023-10-14,clear,,,,,"Compact diverse closing batch is a daily local tally or a mixed tally entered at closing; point clock is entry time, not established observation time.",end-of-day-times-2026-10-09/closing-batches.csv
T42817167,2023-10-14,clear,,,,,"Compact diverse closing batch is a daily local tally or a mixed tally entered at closing; point clock is entry time, not established observation time.",end-of-day-times-2026-10-09/closing-batches.csv
T42817168,2023-10-14,clear,,,,,"Compact diverse closing batch is a daily local tally or a mixed tally entered at closing; point clock is entry time, not established observation time.",end-of-day-times-2026-10-09/closing-batches.csv
T42817169,2023-10-14,clear,,,,,"Compact diverse closing batch is a daily local tally or a mixed tally entered at closing; point clock is entry time, not established observation time.",end-of-day-times-2026-10-09/closing-batches.csv
T42817170,2023-10-14,clear,,,,,"Compact diverse closing batch is a daily local tally or a mixed tally entered at closing; point clock is entry time, not established observation time.",end-of-day-times-2026-10-09/closing-batches.csv
T42817171,2023-10-14,clear,,,,,"Compact diverse closing batch is a daily local tally or a mixed tally entered at closing; point clock is entry time, not established observation time.",end-of-day-times-2026-10-09/closing-batches.csv
T42817172,2023-10-14,clear,,,,,"Compact diverse closing batch is a daily local tally or a mixed tally entered at closing; point clock is entry time, not established observation time.",end-of-day-times-2026-10-09/closing-batches.csv
T42817173,2023-10-14,clear,,,,,"Compact diverse closing batch is a daily local tally or a mixed tally entered at closing; point clock is entry time, not established observation time.",end-of-day-times-2026-10-09/closing-batches.csv
T42817174,2023-10-14,clear,,,,,"Compact diverse closing batch is a daily local tally or a mixed tally entered at closing; point clock is entry time, not established observation time.",end-of-day-times-2026-10-09/closing-batches.csv
T43514521,2023-10-28,clear,,,,,"Compact diverse closing batch is a daily local tally or a mixed tally entered at closing; point clock is entry time, not established observation time.",end-of-day-times-2026-10-09/closing-batches.csv
T43514522,2023-10-28,clear,,,,,"Compact diverse closing batch is a daily local tally or a mixed tally entered at closing; point clock is entry time, not established observation time.",end-of-day-times-2026-10-09/closing-batches.csv
T43514523,2023-10-28,clear,,,,,"Compact diverse closing batch is a daily local tally or a mixed tally entered at closing; point clock is entry time, not established observation time.",end-of-day-times-2026-10-09/closing-batches.csv
T43514524,2023-10-28,clear,,,,,"Compact diverse closing batch is a daily local tally or a mixed tally entered at closing; point clock is entry time, not established observation time.",end-of-day-times-2026-10-09/closing-batches.csv
T43514525,2023-10-28,clear,,,,,"Compact diverse closing batch is a daily local tally or a mixed tally entered at closing; point clock is entry time, not established observation time.",end-of-day-times-2026-10-09/closing-batches.csv
T43514526,2023-10-28,clear,,,,,"Compact diverse closing batch is a daily local tally or a mixed tally entered at closing; point clock is entry time, not established observation time.",end-of-day-times-2026-10-09/closing-batches.csv
T43514527,2023-10-28,clear,,,,,"Compact diverse closing batch is a daily local tally or a mixed tally entered at closing; point clock is entry time, not established observation time.",end-of-day-times-2026-10-09/closing-batches.csv
T43514528,2023-10-28,clear,,,,,"Compact diverse closing batch is a daily local tally or a mixed tally entered at closing; point clock is entry time, not established observation time.",end-of-day-times-2026-10-09/closing-batches.csv
T43514529,2023-10-28,clear,,,,,"Compact diverse closing batch is a daily local tally or a mixed tally entered at closing; point clock is entry time, not established observation time.",end-of-day-times-2026-10-09/closing-batches.csv
T43514530,2023-10-28,clear,,,,,"Compact diverse closing batch is a daily local tally or a mixed tally entered at closing; point clock is entry time, not established observation time.",end-of-day-times-2026-10-09/closing-batches.csv
T43514531,2023-10-28,clear,,,,,"Compact diverse closing batch is a daily local tally or a mixed tally entered at closing; point clock is entry time, not established observation time.",end-of-day-times-2026-10-09/closing-batches.csv
T43514532,2023-10-28,clear,,,,,"Compact diverse closing batch is a daily local tally or a mixed tally entered at closing; point clock is entry time, not established observation time.",end-of-day-times-2026-10-09/closing-batches.csv
T43514533,2023-10-28,clear,,,,,"Compact diverse closing batch is a daily local tally or a mixed tally entered at closing; point clock is entry time, not established observation time.",end-of-day-times-2026-10-09/closing-batches.csv
T43514534,2023-10-28,clear,,,,,"Compact diverse closing batch is a daily local tally or a mixed tally entered at closing; point clock is entry time, not established observation time.",end-of-day-times-2026-10-09/closing-batches.csv
T43514535,2023-10-28,clear,,,,,"Compact diverse closing batch is a daily local tally or a mixed tally entered at closing; point clock is entry time, not established observation time.",end-of-day-times-2026-10-09/closing-batches.csv
T43514536,2023-10-28,clear,,,,,"Compact diverse closing batch is a daily local tally or a mixed tally entered at closing; point clock is entry time, not established observation time.",end-of-day-times-2026-10-09/closing-batches.csv
T43514537,2023-10-28,clear,,,,,"Compact diverse closing batch is a daily local tally or a mixed tally entered at closing; point clock is entry time, not established observation time.",end-of-day-times-2026-10-09/closing-batches.csv
T43514538,2023-10-28,clear,,,,,"Compact diverse closing batch is a daily local tally or a mixed tally entered at closing; point clock is entry time, not established observation time.",end-of-day-times-2026-10-09/closing-batches.csv
T43514539,2023-10-28,clear,,,,,"Compact diverse closing batch is a daily local tally or a mixed tally entered at closing; point clock is entry time, not established observation time.",end-of-day-times-2026-10-09/closing-batches.csv
T43514540,2023-10-28,clear,,,,,"Compact diverse closing batch is a daily local tally or a mixed tally entered at closing; point clock is entry time, not established observation time.",end-of-day-times-2026-10-09/closing-batches.csv
T43514541,2023-10-28,clear,,,,,"Compact diverse closing batch is a daily local tally or a mixed tally entered at closing; point clock is entry time, not established observation time.",end-of-day-times-2026-10-09/closing-batches.csv
T43514542,2023-10-28,clear,,,,,"Compact diverse closing batch is a daily local tally or a mixed tally entered at closing; point clock is entry time, not established observation time.",end-of-day-times-2026-10-09/closing-batches.csv
T43811994,2023-11-07,clear,,,,,"Compact diverse closing batch is a daily local tally or a mixed tally entered at closing; point clock is entry time, not established observation time.",end-of-day-times-2026-10-09/closing-batches.csv
T43811995,2023-11-07,clear,,,,,"Compact diverse closing batch is a daily local tally or a mixed tally entered at closing; point clock is entry time, not established observation time.",end-of-day-times-2026-10-09/closing-batches.csv
T43811996,2023-11-07,clear,,,,,"Compact diverse closing batch is a daily local tally or a mixed tally entered at closing; point clock is entry time, not established observation time.",end-of-day-times-2026-10-09/closing-batches.csv
T43811997,2023-11-07,clear,,,,,"Compact diverse closing batch is a daily local tally or a mixed tally entered at closing; point clock is entry time, not established observation time.",end-of-day-times-2026-10-09/closing-batches.csv
T43811998,2023-11-07,clear,,,,,"Compact diverse closing batch is a daily local tally or a mixed tally entered at closing; point clock is entry time, not established observation time.",end-of-day-times-2026-10-09/closing-batches.csv
T43811999,2023-11-07,clear,,,,,"Compact diverse closing batch is a daily local tally or a mixed tally entered at closing; point clock is entry time, not established observation time.",end-of-day-times-2026-10-09/closing-batches.csv
T43812000,2023-11-07,clear,,,,,"Compact diverse closing batch is a daily local tally or a mixed tally entered at closing; point clock is entry time, not established observation time.",end-of-day-times-2026-10-09/closing-batches.csv
T43812001,2023-11-07,clear,,,,,"Compact diverse closing batch is a daily local tally or a mixed tally entered at closing; point clock is entry time, not established observation time.",end-of-day-times-2026-10-09/closing-batches.csv
T43812002,2023-11-07,clear,,,,,"Compact diverse closing batch is a daily local tally or a mixed tally entered at closing; point clock is entry time, not established observation time.",end-of-day-times-2026-10-09/closing-batches.csv
T43812003,2023-11-07,clear,,,,,"Compact diverse closing batch is a daily local tally or a mixed tally entered at closing; point clock is entry time, not established observation time.",end-of-day-times-2026-10-09/closing-batches.csv
T43812004,2023-11-07,clear,,,,,"Compact diverse closing batch is a daily local tally or a mixed tally entered at closing; point clock is entry time, not established observation time.",end-of-day-times-2026-10-09/closing-batches.csv
T43812005,2023-11-07,clear,,,,,"Compact diverse closing batch is a daily local tally or a mixed tally entered at closing; point clock is entry time, not established observation time.",end-of-day-times-2026-10-09/closing-batches.csv
T43812006,2023-11-07,clear,,,,,"Compact diverse closing batch is a daily local tally or a mixed tally entered at closing; point clock is entry time, not established observation time.",end-of-day-times-2026-10-09/closing-batches.csv
T43812007,2023-11-07,clear,,,,,"Compact diverse closing batch is a daily local tally or a mixed tally entered at closing; point clock is entry time, not established observation time.",end-of-day-times-2026-10-09/closing-batches.csv
T43812008,2023-11-07,clear,,,,,"Compact diverse closing batch is a daily local tally or a mixed tally entered at closing; point clock is entry time, not established observation time.",end-of-day-times-2026-10-09/closing-batches.csv
T43812009,2023-11-07,clear,,,,,"Compact diverse closing batch is a daily local tally or a mixed tally entered at closing; point clock is entry time, not established observation time.",end-of-day-times-2026-10-09/closing-batches.csv
T43812010,2023-11-07,clear,,,,,"Compact diverse closing batch is a daily local tally or a mixed tally entered at closing; point clock is entry time, not established observation time.",end-of-day-times-2026-10-09/closing-batches.csv
T43812011,2023-11-07,clear,,,,,"Compact diverse closing batch is a daily local tally or a mixed tally entered at closing; point clock is entry time, not established observation time.",end-of-day-times-2026-10-09/closing-batches.csv
T43812012,2023-11-07,clear,,,,,"Compact diverse closing batch is a daily local tally or a mixed tally entered at closing; point clock is entry time, not established observation time.",end-of-day-times-2026-10-09/closing-batches.csv
T43812013,2023-11-07,clear,,,,,"Compact diverse closing batch is a daily local tally or a mixed tally entered at closing; point clock is entry time, not established observation time.",end-of-day-times-2026-10-09/closing-batches.csv
T43812014,2023-11-07,clear,,,,,"Compact diverse closing batch is a daily local tally or a mixed tally entered at closing; point clock is entry time, not established observation time.",end-of-day-times-2026-10-09/closing-batches.csv
T43812015,2023-11-07,clear,,,,,"Compact diverse closing batch is a daily local tally or a mixed tally entered at closing; point clock is entry time, not established observation time.",end-of-day-times-2026-10-09/closing-batches.csv
T43812016,2023-11-07,clear,,,,,"Compact diverse closing batch is a daily local tally or a mixed tally entered at closing; point clock is entry time, not established observation time.",end-of-day-times-2026-10-09/closing-batches.csv
T43812017,2023-11-07,clear,,,,,"Compact diverse closing batch is a daily local tally or a mixed tally entered at closing; point clock is entry time, not established observation time.",end-of-day-times-2026-10-09/closing-batches.csv
T43812018,2023-11-07,clear,,,,,"Compact diverse closing batch is a daily local tally or a mixed tally entered at closing; point clock is entry time, not established observation time.",end-of-day-times-2026-10-09/closing-batches.csv
T43812019,2023-11-07,clear,,,,,"Compact diverse closing batch is a daily local tally or a mixed tally entered at closing; point clock is entry time, not established observation time.",end-of-day-times-2026-10-09/closing-batches.csv
T43812020,2023-11-07,clear,,,,,"Compact diverse closing batch is a daily local tally or a mixed tally entered at closing; point clock is entry time, not established observation time.",end-of-day-times-2026-10-09/closing-batches.csv
T43812021,2023-11-07,clear,,,,,"Compact diverse closing batch is a daily local tally or a mixed tally entered at closing; point clock is entry time, not established observation time.",end-of-day-times-2026-10-09/closing-batches.csv
T43812022,2023-11-07,clear,,,,,"Compact diverse closing batch is a daily local tally or a mixed tally entered at closing; point clock is entry time, not established observation time.",end-of-day-times-2026-10-09/closing-batches.csv
T43812023,2023-11-07,clear,,,,,"Compact diverse closing batch is a daily local tally or a mixed tally entered at closing; point clock is entry time, not established observation time.",end-of-day-times-2026-10-09/closing-batches.csv
T43812024,2023-11-07,clear,,,,,"Compact diverse closing batch is a daily local tally or a mixed tally entered at closing; point clock is entry time, not established observation time.",end-of-day-times-2026-10-09/closing-batches.csv
T43812025,2023-11-07,clear,,,,,"Compact diverse closing batch is a daily local tally or a mixed tally entered at closing; point clock is entry time, not established observation time.",end-of-day-times-2026-10-09/closing-batches.csv
T43812026,2023-11-07,clear,,,,,"Compact diverse closing batch is a daily local tally or a mixed tally entered at closing; point clock is entry time, not established observation time.",end-of-day-times-2026-10-09/closing-batches.csv
T43812027,2023-11-07,clear,,,,,"Compact diverse closing batch is a daily local tally or a mixed tally entered at closing; point clock is entry time, not established observation time.",end-of-day-times-2026-10-09/closing-batches.csv
T43812028,2023-11-07,clear,,,,,"Compact diverse closing batch is a daily local tally or a mixed tally entered at closing; point clock is entry time, not established observation time.",end-of-day-times-2026-10-09/closing-batches.csv
T43812029,2023-11-07,clear,,,,,"Compact diverse closing batch is a daily local tally or a mixed tally entered at closing; point clock is entry time, not established observation time.",end-of-day-times-2026-10-09/closing-batches.csv
T43812030,2023-11-07,clear,,,,,"Compact diverse closing batch is a daily local tally or a mixed tally entered at closing; point clock is entry time, not established observation time.",end-of-day-times-2026-10-09/closing-batches.csv
T43812031,2023-11-07,clear,,,,,"Compact diverse closing batch is a daily local tally or a mixed tally entered at closing; point clock is entry time, not established observation time.",end-of-day-times-2026-10-09/closing-batches.csv
T43812032,2023-11-07,clear,,,,,"Compact diverse closing batch is a daily local tally or a mixed tally entered at closing; point clock is entry time, not established observation time.",end-of-day-times-2026-10-09/closing-batches.csv
T43812033,2023-11-07,clear,,,,,"Compact diverse closing batch is a daily local tally or a mixed tally entered at closing; point clock is entry time, not established observation time.",end-of-day-times-2026-10-09/closing-batches.csv
T43967320,2023-11-13,clear,,,,,"Compact diverse closing batch is a daily local tally or a mixed tally entered at closing; point clock is entry time, not established observation time.",end-of-day-times-2026-10-09/closing-batches.csv
T43967321,2023-11-13,clear,,,,,"Compact diverse closing batch is a daily local tally or a mixed tally entered at closing; point clock is entry time, not established observation time.",end-of-day-times-2026-10-09/closing-batches.csv
T43967322,2023-11-13,clear,,,,,"Compact diverse closing batch is a daily local tally or a mixed tally entered at closing; point clock is entry time, not established observation time.",end-of-day-times-2026-10-09/closing-batches.csv
T43967323,2023-11-13,clear,,,,,"Compact diverse closing batch is a daily local tally or a mixed tally entered at closing; point clock is entry time, not established observation time.",end-of-day-times-2026-10-09/closing-batches.csv
T43967324,2023-11-13,clear,,,,,"Compact diverse closing batch is a daily local tally or a mixed tally entered at closing; point clock is entry time, not established observation time.",end-of-day-times-2026-10-09/closing-batches.csv
T43967325,2023-11-13,clear,,,,,"Compact diverse closing batch is a daily local tally or a mixed tally entered at closing; point clock is entry time, not established observation time.",end-of-day-times-2026-10-09/closing-batches.csv
T43967326,2023-11-13,clear,,,,,"Compact diverse closing batch is a daily local tally or a mixed tally entered at closing; point clock is entry time, not established observation time.",end-of-day-times-2026-10-09/closing-batches.csv
T43967327,2023-11-13,clear,,,,,"Compact diverse closing batch is a daily local tally or a mixed tally entered at closing; point clock is entry time, not established observation time.",end-of-day-times-2026-10-09/closing-batches.csv
T43967328,2023-11-13,clear,,,,,"Compact diverse closing batch is a daily local tally or a mixed tally entered at closing; point clock is entry time, not established observation time.",end-of-day-times-2026-10-09/closing-batches.csv
T43967329,2023-11-13,clear,,,,,"Compact diverse closing batch is a daily local tally or a mixed tally entered at closing; point clock is entry time, not established observation time.",end-of-day-times-2026-10-09/closing-batches.csv
T43967330,2023-11-13,clear,,,,,"Compact diverse closing batch is a daily local tally or a mixed tally entered at closing; point clock is entry time, not established observation time.",end-of-day-times-2026-10-09/closing-batches.csv
T43967331,2023-11-13,clear,,,,,"Compact diverse closing batch is a daily local tally or a mixed tally entered at closing; point clock is entry time, not established observation time.",end-of-day-times-2026-10-09/closing-batches.csv
T43967332,2023-11-13,clear,,,,,"Compact diverse closing batch is a daily local tally or a mixed tally entered at closing; point clock is entry time, not established observation time.",end-of-day-times-2026-10-09/closing-batches.csv
T43967333,2023-11-13,clear,,,,,"Compact diverse closing batch is a daily local tally or a mixed tally entered at closing; point clock is entry time, not established observation time.",end-of-day-times-2026-10-09/closing-batches.csv
T43967334,2023-11-13,clear,,,,,"Compact diverse closing batch is a daily local tally or a mixed tally entered at closing; point clock is entry time, not established observation time.",end-of-day-times-2026-10-09/closing-batches.csv
T43967335,2023-11-13,clear,,,,,"Compact diverse closing batch is a daily local tally or a mixed tally entered at closing; point clock is entry time, not established observation time.",end-of-day-times-2026-10-09/closing-batches.csv
T43967336,2023-11-13,clear,,,,,"Compact diverse closing batch is a daily local tally or a mixed tally entered at closing; point clock is entry time, not established observation time.",end-of-day-times-2026-10-09/closing-batches.csv
T43967337,2023-11-13,clear,,,,,"Compact diverse closing batch is a daily local tally or a mixed tally entered at closing; point clock is entry time, not established observation time.",end-of-day-times-2026-10-09/closing-batches.csv
T43967338,2023-11-13,clear,,,,,"Compact diverse closing batch is a daily local tally or a mixed tally entered at closing; point clock is entry time, not established observation time.",end-of-day-times-2026-10-09/closing-batches.csv
T43967339,2023-11-13,clear,,,,,"Compact diverse closing batch is a daily local tally or a mixed tally entered at closing; point clock is entry time, not established observation time.",end-of-day-times-2026-10-09/closing-batches.csv
T43987979,2023-11-14,clear,,,,,"Compact diverse closing batch is a daily local tally or a mixed tally entered at closing; point clock is entry time, not established observation time.",end-of-day-times-2026-10-09/closing-batches.csv
T43987980,2023-11-14,clear,,,,,"Compact diverse closing batch is a daily local tally or a mixed tally entered at closing; point clock is entry time, not established observation time.",end-of-day-times-2026-10-09/closing-batches.csv
T43987981,2023-11-14,clear,,,,,"Compact diverse closing batch is a daily local tally or a mixed tally entered at closing; point clock is entry time, not established observation time.",end-of-day-times-2026-10-09/closing-batches.csv
T43987982,2023-11-14,clear,,,,,"Compact diverse closing batch is a daily local tally or a mixed tally entered at closing; point clock is entry time, not established observation time.",end-of-day-times-2026-10-09/closing-batches.csv
T43987983,2023-11-14,clear,,,,,"Compact diverse closing batch is a daily local tally or a mixed tally entered at closing; point clock is entry time, not established observation time.",end-of-day-times-2026-10-09/closing-batches.csv
T43987984,2023-11-14,clear,,,,,"Compact diverse closing batch is a daily local tally or a mixed tally entered at closing; point clock is entry time, not established observation time.",end-of-day-times-2026-10-09/closing-batches.csv
T43987985,2023-11-14,clear,,,,,"Compact diverse closing batch is a daily local tally or a mixed tally entered at closing; point clock is entry time, not established observation time.",end-of-day-times-2026-10-09/closing-batches.csv
T43987986,2023-11-14,clear,,,,,"Compact diverse closing batch is a daily local tally or a mixed tally entered at closing; point clock is entry time, not established observation time.",end-of-day-times-2026-10-09/closing-batches.csv
T43987987,2023-11-14,clear,,,,,"Compact diverse closing batch is a daily local tally or a mixed tally entered at closing; point clock is entry time, not established observation time.",end-of-day-times-2026-10-09/closing-batches.csv
T43987988,2023-11-14,clear,,,,,"Compact diverse closing batch is a daily local tally or a mixed tally entered at closing; point clock is entry time, not established observation time.",end-of-day-times-2026-10-09/closing-batches.csv
T43987989,2023-11-14,clear,,,,,"Compact diverse closing batch is a daily local tally or a mixed tally entered at closing; point clock is entry time, not established observation time.",end-of-day-times-2026-10-09/closing-batches.csv
T43987990,2023-11-14,clear,,,,,"Compact diverse closing batch is a daily local tally or a mixed tally entered at closing; point clock is entry time, not established observation time.",end-of-day-times-2026-10-09/closing-batches.csv
T43987991,2023-11-14,clear,,,,,"Compact diverse closing batch is a daily local tally or a mixed tally entered at closing; point clock is entry time, not established observation time.",end-of-day-times-2026-10-09/closing-batches.csv
T43987992,2023-11-14,clear,,,,,"Compact diverse closing batch is a daily local tally or a mixed tally entered at closing; point clock is entry time, not established observation time.",end-of-day-times-2026-10-09/closing-batches.csv
T43987993,2023-11-14,clear,,,,,"Compact diverse closing batch is a daily local tally or a mixed tally entered at closing; point clock is entry time, not established observation time.",end-of-day-times-2026-10-09/closing-batches.csv
T46674983,2024-07-31,clear,,,,,Closing tally after a long recording gap or multi-species transcription batch; the observation time is unsupported.,entry_errors-before.csv block_edge; full native-day chronology
T46674984,2024-07-31,clear,,,,,Closing tally after a long recording gap or multi-species transcription batch; the observation time is unsupported.,entry_errors-before.csv block_edge; full native-day chronology
T46674985,2024-07-31,clear,,,,,Closing tally after a long recording gap or multi-species transcription batch; the observation time is unsupported.,entry_errors-before.csv block_edge; full native-day chronology
T46674986,2024-07-31,clear,,,,,Closing tally after a long recording gap or multi-species transcription batch; the observation time is unsupported.,entry_errors-before.csv block_edge; full native-day chronology
T46674987,2024-07-31,clear,,,,,Closing tally after a long recording gap or multi-species transcription batch; the observation time is unsupported.,entry_errors-before.csv block_edge; full native-day chronology
T46674988,2024-07-31,clear,,,,,Closing tally after a long recording gap or multi-species transcription batch; the observation time is unsupported.,entry_errors-before.csv block_edge; full native-day chronology
