source_id,category,key,text
defile-paper-1996-I,species,avibase-ED5A7E8F,"Les premières Bondrées migratrices ont été observées le 12 août et la migration a pris fin le 2 octobre (fig. 4). Un nombre total de 1’402 Bondrées a été compté entre les deux dates extrêmes. La migration massive, soit les deux tiers des effectifs s’articulant autour du passage maximum, s’est étendue sur une période de 18 jours, du 30 août au 16 septembre. Le passage maximum a eu lieu les 6 (211 individus) et 11 septembre (185 individus), alors qu'il est noté le 26 août au Col de Barracuchet, Mont du Forez, Loire(2), et le 29 août au col d'Organbidexka(11). Ce déplacement du passage maximum en début septembre à Fort l'Écluse peut s’expliquer, soit parce que nos Bondrées provenaient d’une région où les départs sont plus tardifs, soit parce que leur migration s’est effectuée plus à l’est ou trop haut pour être observée. Ainsi, le 29 août, 3 groupes de Bondrées, formés de 24, 36 et 56 individus, sont repérés à haute altitude, à l’aplomb de notre poste, grâce au balayage systématique du champ d'observation avec des jumelles (grossissement: 10). Ces groupes sont passés très rapidement, respectivement à 14 h 45, 15 h 45 et 16 h 00¹, à la limite de visibilité à l'aide du matériel utilisé. Un tel exemple expliquerait, du moins en partie, le nombre relativement faible de Bondrées dans nos résultats. L'absence d’observateurs les 13, 16, 17, 18, 20, 21, 31 août et 3 septembre, journées sans précipitations, a influencé nos résultats dans le même sens.

Le passage de ce rapace à Fort l'Écluse paraît nettement plus précoce qu’au-dessus des cols alpins. En effet, au Col de Bretolet, Matérac (comm. pers.) donne le 22 septembre (± 4 jours) comme date moyenne calculée sur dix années entre 1976 et 1988, pour le maximum de la migration visible. Pour ce dernier site également, Turrian(23) indique, pour l’année 1992, le début du passage le 27 août, la fin le 14 octobre, avec un maximum le 20 septembre 1992 et Thiollay(22) donne les dates correspondantes: les 25 août, 28 octobre et 20 septembre. La Bondrée semble donc migrer au moins 10 jours plus tôt à Fort l'Écluse qu'à Bretolet. Au début de la migration, et même un peu avant, on observe des groupes de Bondrées, comptant jusqu’à 15 individus, qui prennent une ascendance thermique comme si elles migraient, montent très haut, puis redescendent. Il s’agit de Bondrées locales. Elles peuvent donc masquer ou au contraire faire croire à un début de migration.

La migration visible commence chaque jour vers 8 h - 8 h 30 et dure jusque vers 16 h 30. La répartition horaire par quart d'heure de tous les jours sans pluie (fig. 5) indique que ce passage est plus ou moins continu et ne semble pas présenter de creux marqué au milieu de la journée. Pourtant, en 1983, Mülhauser et al.(13) avaient remarqué un creux entre 11 h et 13 h, expliqué par une migration à haute altitude indécelable par des observateurs «cloués» au sol. Cette phénologie a été nettement remarquée à Bretolet, site plus élevé de 1650 m que le défilé du Fort l'Écluse (Matérac, comm. pers.)."
defile-paper-1996-I,species,avibase-06D9A2C8,"La migration des Milans noirs débute entre le 17 et le 24 juillet à Fort l'Écluse. Pendant la période de 1979 à 1993, le début de la migration s’est situé 4 fois le 17 juillet (1980, 89, 92 et 93), 3 fois le 19 juillet (1987, 88 et 90), 2 fois le 21 juillet (1979 et 87), 2 fois le 24 juillet (1982 et 83) et 1 fois les 12 juillet 1981, 22 juillet 1984, 20 juillet 1986 et 18 juillet 1991. Cette ponctualité est remarquable!

En 1993, si la migration du Milan noir s’est étalée sur une période de 60 jours, du 17 juillet au 5 octobre, les deux tiers des effectifs passant autour du maximum (735 individus le 1er août), transitent en 14 jours seulement, du 25 juillet au 7 août (fig. 4).

Pendant les jours précédant le départ, on observe souvent des groupes de Milans noirs natifs de la région qui commencent à prendre une ascendance, montent parfois même très haut, puis, subitement, se dispersent dans différentes directions. Enfin, le 17 juillet 1993, plusieurs groupes successifs se décident à partir, malgré un vent contraire assez fort. Les premiers Milans noirs passent en règle générale après 8 h 30 ou même 9 h 30, quand le soleil a bien réchauffé l'atmosphère et créé des courants ascendants. Ensuite, les groupes de Milans noirs se succèdent, prenant toujours plus d'altitude jusqu’à ce que le vent, se renforçant, ou un orage les arrête. Ils sont alors parfois obligés de descendre se poser. Ce comportement a été souvent observé en 1993 (17, 18, 19, 20, 21, 22, 25, 26, 27, 28, 30 juillet et 2, 4, 5, 6, 9, 12, 14 août). Ce milan, sauf exception, ne semble pas migrer aussi haut que la Bondrée, hors de portée des jumelles.

Les seuls jours de transit fort ou assez fort furent caractérisés par des vents du N-NE et l'absence d'orage: les 24 juillet (653 ind.), 31 juillet (689 ind.), 1er août (735 ind.), 7 août (333 ind.) et 8 août (304 ind). Ces 5 jours totalisent 2714 Milans noirs sur les 4423 enregistrés entre le 17 juillet et le 5 octobre, soit 62% du bilan. Pendant ces jours de forte migration, le passage débute plus tôt, parfois dès 7 h 30, et se termine entre 14 h 30 et 15 h, voire plus tard, comme le 2 août 1981 où 215 individus franchirent le défilé entre 16 h 15 et 16 h 45. Après le 8 août, les effectifs ont diminué rapidement et la migration n’a été qu’anecdotique jusqu’au 5 octobre (214 ind.).

La répartition horaire par quart d'heure montre que le gros de la migration visible a lieu entre 9 h et 12 h. Celle-ci s’arrête alors parfois complètement, même si les conditions climatiques restent excellentes, mais peut reprendre certains jours au milieu de l’après-midi (fig. 5).

En conclusion, le passage de 1993 se situe nettement au-dessus de la moyenne annuelle calculée sur la période de 1978 à 1992, qui était de 3685 Milans noirs, mais bien en dessous du maximum de 5939 obtenu en 1980. Ces différences résultent, à notre avis, des conditions météorologiques, des fluctuations numériques des populations et de la réussite de la nidification."
defile-paper-1996-I,species,avibase-451D6FC8,"Quelques individus passent dès le début août avec des Milans noirs, puis la migration proprement dite commence vers le 10 septembre, pour se poursuivre jusqu’au 14 novembre (fin de nos observations). Cependant la majorité des Milans royaux, c’est-à-dire 1072 individus sur un total de 1’379 (78%), migrent du 17 septembre au 10 octobre, avec deux maximums, l’un de 173 le 20 septembre et l’autre de 176 le 9 octobre (fig. 4). Au cours de la journée, les Milans royaux commencent à migrer très tôt et sont souvent les premiers rapaces observés. Ils continuent à passer plus ou moins régulièrement jusqu’au soir, avec une plus grande fréquence dans la première moitié de l’après-midi (fig. 5). Par exemple le 9 octobre 1993, 3 individus sont notés à 6 h 30, 2 à 6 h 45 et encore 6 à 17 h 30. On peut noter que le Milan royal est peu sensible aux conditions météorologiques, passant même par temps pluvieux ou fort vent contraire. A titre de comparaison, très peu de Milans royaux sont observés en migration au col de Bretolet (tab. 3), soit 9 par an en moyenne pour 1962 et 1964, représentant 0.5% du total des rapaces(22), 12 par an de 1979 à 1983, soit 0,9% (J.-P. Matérac et al., comm. pers.) et 16 par an de 1989 à 1991, soit 1.5 % (D. Baud, comm. pers.). À Fort l'Écluse, cette proportion de Milans royaux s’élève à 8,8%. Un pointage comparatif sur les deux sites, le 29 septembre 1993, donne 48 individus à Fort l’Écluse et 0 à Bretolet! Depuis quelques années, la migration visible de ce rapace à Fort l'Écluse a nettement augmenté. Ce phénomène correspond à l'augmentation de la population nicheuse en Europe occidentale, où, en Suisse, 90 couples étaient recensés en 1969, 159 en 1976 et 500 vers 1989(17), ainsi qu’en Europe centrale (Allemagne et Pologne)."
defile-paper-1996-I,species,avibase-8372FFBA,"Un seul Circaète paraissant vraiment migrateur a été observé, le 5 septembre, le dernier individu «local» ayant été noté le 29 août. Cette espèce niche encore régulièrement dans un rayon d’une trentaine de kilomètres."
defile-paper-1996-I,species,avibase-E2A19474,"La migration du Busard des roseaux a été perçue dès le 29 août et s’est achevée le 26 octobre, période comprenant 50 jours. Les deux tiers des effectifs, autour du maximum journalier de 185 individus le 15 septembre, ont passé en 14 jours seulement, du 13 au 26 septembre (fig. 4). Le total de 922 Harpayes migrateurs ne représente toutefois que 6% du passage total des rapaces observés.

La phénologie de la migration est identique à Bretolet et à Fort l'Écluse, avec cependant des nombres nettement supérieurs sur ce dernier site. A Bretolet, un maximum de 296 oiseaux a été noté en 1962, pour la période de 1951 à 1965(22). Au même endroit, de 1977 à 1980, environ 200 Busards des roseaux sont notés chaque année, puis 691 en 1981, ensuite 300 à 500 par an (J.-P. Matérac, D. Baud et al., comm. pers.). Il semble que le Busard des roseaux soit devenu plus abondant depuis 1981 sur ces deux sites, avec, à Fort l’Écluse, des effectifs 2 à 3 fois supérieurs. On peut relever que l'Étournel tout proche sert de halte aux migrateurs et que le Rhône et les zones limitrophes de culture offrent des terrains de chasse.

Le Busard des roseaux migre sur un large front et est observé en de nombreux sites à cette époque, tels le Col des Montets, le pied nord du Bargy (HS), etc. Cependant, il semble que le défilé du Fort l'Écluse soit le meilleur site européen pour l’observation de la migration de cette espèce! (tab. 4). À quoi attribuer cette importance ? Premièrement, ce busard montre moins d’inclination que les autres grands Accipitridés à concentrer son passage sur les isthmes, spécialement en Méditerranée orientale (seulement 10 individus au maximum par saison au Bosphore pour la période de 1966 à 1980). Un large front de migration semble donc prévaloir pour cette espèce. Deuxièmement, une partie non négligeable de la population d'Europe occidentale hiverne dans le sud de ce continent, par exemple 220 à 300 hivernants en Camargue pour la période de 1977 à 1985(10), ce qui diminue d’autant le passage au-dessus de la Méditerranée. Troisièmement, il est indéniable que le Busard des roseaux adapte ses voies de migration en fonction des ressources alimentaires et de lieux d’escale appropriés. Les lacs du Plateau suisse et les fleuves, tel le Rhône, forment un système de zones humides orienté dans une direction sud-ouest favorable à cette espèce et dirigeant sa migration vers le défilé. Enfin, bien que les Busards des roseaux n'évitent pas la montagne, de nombreuses observations étant réalisées un peu partout en Haute-Savoie (à 2500 m au pied des Aiguilles de Chamonix) jusqu’à haute altitude (même à 2800 m dans les Grisons(8)), les massifs les incitent tout de même à passer par les points les moins élevés (Col de Bretolet, Col des Montets, Fort l’Écluse, etc.). L'importance du passage à Fort l'Écluse pourrait aussi s’expliquer par le fait que ce site jouit du privilège d'être sur la bordure nord-est de la zone d'hivernage de ce busard. Le Busard des roseaux utilise les ascendances de la même façon que les planeurs stricts, aussi loin que nous pouvons les repérer au NE, bien qu’il pratique volontiers le vol battu, en particulier tôt le matin ou par temps peu favorable. Ce rapace est sensible à la force du vent, par exemple le 15 septembre, journée du maximum enregistré, où la migration s’est pratiquement arrêtée lorsque le vent d'ouest, d’abord faible, a tout à coup forci.

Si cette espèce est l’une des premières à migrer tôt le matin et à clore la journée, elle concentre toutefois son passage entre 8 h 30 et 13 h (fig. 5). Certains jours, la migration a lieu soit le matin, soit l’après-midi ou même le soir comme le 19 septembre, où 44 oiseaux, soit la moitié du total de ce jour, ont passé de 17 h à 18 h 15."
defile-paper-1996-I,species,avibase-F558C7F9,"29 individus sont notés en migration du 25 septembre au 12 novembre, avec 2 maximums de 4 les 25 septembre et 9 octobre. Cette espèce est toujours peu abondante à Fort l'Écluse, bien que 1992, année exceptionnelle, ait vu passer 90 Busards Saint-Martin, dont 58 pour la seule journée du 31 octobre, maximum absolu dû probablement à un mouvement de fuite. Ce migrateur à courte distance passe sur un large front, sans présenter de concentrations importantes sur les «goulets» de migration. Il hiverne surtout en Europe, dans des contrées situées en partie au nord de notre région. Ces caractéristiques pourraient expliquer la faiblesse de ses effectifs à Fort l'Écluse. En automne, certains oiseaux s'arrêtent sur les crêtes du Jura une journée, voire davantage, pour chasser."
defile-paper-1996-I,species,avibase-22647E26,Un mâle adulte a passé le 11 septembre. L'observation a été homologuée par le Comité d’Homologation National Français.
defile-paper-1996-I,species,avibase-63B6412E,"Le passage de cette espèce est devenu anecdotique au cours des ans, avec seulement 6 individus notés en 1993, du 12 au 29 septembre. Ces résultats s'expliquent par sa répartition européenne et sa régression. Les effectifs nicheurs sont très faibles au nord-est de notre région. Sa diminution en Europe occidentale est due principalement à la destruction de son habitat, causée par une agriculture intensive, mais aussi aux dérangements, à la chasse et à l’empoisonnement."
defile-paper-1996-I,species,avibase-95DD1855,"L’Autour est rarement observé en migration. Du 27 septembre au 2 novembre, seuls 8 individus ont donné l'impression d'être vraiment migrateurs. Cela s'explique par la sédentarité bien connue de cette espèce. En Allemagne, par exemple, seuls 4,5% de la population ont été contrôlés à plus de 50 km du lieu de marquage(6)."
defile-paper-1996-I,species,avibase-DB376A66,"La migration visible de l’Épervier s’est étalée sur une période de 59 jours, comprise entre le 10 septembre et le 13 novembre, et totalise 717 individus, dont 64 le 29 septembre et 55 le 9 octobre. Les deux tiers des effectifs ont passé en 25 jours, du 29 septembre au 23 octobre, et, dès le début novembre, le passage fut presque inexistant. La répartition horaire journalière suit une courbe de Gauss, avec un maximum à 12 h 30 (fig. 5). On observe quelquefois des Éperviers paraissant migrer en petits groupes de 4 à 5 individus, plus souvent des individus mêlés à des buses. Notre total, supérieur à celui de l'automne 1983 à Fort l'Écluse, est cependant inférieur à celui relevé au Gurnigel (1231 en 1983), mais nettement supérieur à celui de Bretolet (262 en 1992) (tab. 3). En Europe, Falsterbo détient le record saisonnier absolu, avec pas moins de 13567, maximum enregistré pour la période 1973-83 (tab. 4), résultat qui s'explique par le fait que dans le nord de sa répartition (Suède, Norvège, Finlande, Russie en grande partie) l'Épervier est un migrateur au sens strict."
defile-paper-1996-I,species,avibase-3C0C325D,"En 1993, pas moins de 6179 Buses variables ont été comptées en migration à Fort l'Écluse, avec un maximum de 1’127 individus le 9 octobre, concentration consécutive à des passages dépressionnaires les jours précédents (fig. 4). En 1992, le maximum du passage était noté le 13 octobre, avec 824 individus. Habituellement, ces journées de très forte migration se situent plutôt vers la fin du mois d'octobre (le 30 en 1973, le 28 en 1977, Le 30 en 1980, le 25 en 1982, le 24 en 1984, le 27 en 1986, le 27 en 1990, le 23 en 1991). Le passage de la Buse variable, observée au cours de 61 jours, a débuté le 11 septembre et s’est poursuivi au moins jusqu’au 14 novembre (fig. 4). Les deux tiers des effectifs ont migré en 28 jours, du 30 septembre au 27 octobre. Une migration, très faible cependant, doit se poursuivre au-delà du 14 novembre, dernier jour d'observation continue à Fort l'Écluse en 1993, jusqu’à la fin de ce mois (111 ind. le 25 novembre 1985, par exemple). Ensuite, peuvent se produire des fuites devant de fortes chutes de neige en plaine ou à la suite d’un gel important et persistant. Ainsi, après plusieurs jours de forte bise, le 1er janvier 1992, en une demi-journée, deux cents à trois cents buses passèrent le défilé. Ce déplacement a duré pendant trois jours, les Buses variables étant accompagnées parfois de Milans royaux (D. Hartridge, comm. pers.).

Au début de la migration de la Buse variable, dans la deuxième décade de septembre, des problèmes de détermination se posent à l'observateur, car des Bondrées passent encore.

La date du premier jour de migration réelle de la Buse variable est difficile à déterminer. Pour compliquer la tâche, les alentours du site d'observation hébergent quelques couples nicheurs, encore accompagnés de leurs jeunes volant à cette époque. Il est alors fréquent d'observer, surtout en début de la période de migration, mais aussi sur toute son étendue, ces individus locaux s’engager dans des ascendances importantes, partir vers le NE ou passer les crêtes du Jura et du Vuache, pour revenir un moment plus tard. Il n’est toutefois pas exclu que le passage débute un peu plus tôt qu’indiqué ci-dessus.

Considérée à l’échelle d’une journée, la migration de la Buse variable n’est pas précoce, bien que des migrateurs soient parfois notés dès 6 h 45, le 3 octobre 1993. La répartition horaire, par quart d'heure, de toutes les journées aux conditions météorologiques favorables (fig. 5) montre deux pics: un principal entre 11 et 12 h, l’autre, moins bien défini, entre 14 h 15 et 15 h 45, avec un creux peu marqué de 12 h 30 à 14h. Cette courbe en «dos de chameau» n'avait pas été constatée par Mülhauser et al. en 1983(13). Ces auteurs avaient obtenu une courbe de Gauss en totalisant toute la migration par quart d'heure d'observation. Or, des groupes importants de buses sont observés, depuis notre poste, en fin d'après-midi, loin à l’est sur Vulbens, voire au-delà, invisibles pour des observateurs situés à Fort l’Écluse.

Un pointage simultané, le 29 septembre 1993, à Fort l’Écluse et à Bretolet, montre clairement que la Buse variable migre en nombre beaucoup plus important en limite occidentale du Plateau, entre 350 et 1100 m, qu'au-dessus des cols alpins, à plus de 2000 m d’altitude.

Au col de Bretolet, la Buse variable ne représente qu’une faible proportion (3,2% du nombre total de rapaces migrateurs, passant du 15 septembre au 20 octobre 1958(22)), alors qu’à Fort l'Écluse c’est le rapace le plus abondant, avec 39,5 % de l'effectif total en 1993. Déjà relevée par d’autres auteurs(13), cette abondance s'explique par le fait que ce planeur est inféodé aux ascendances, qui sont rarement excellentes à cette époque dans les massifs montagneux (tab. 3). Il n’est alors pas rare d'observer des buses utiliser le vol battu à Bretolet.

La Buse est sensible aux conditions météorologiques. Les 4 journées les plus importantes pour la migration se sont déroulées par temps plus ou moins couvert avec vent faible, soit du SO, soit du NO, soit du NE. Les vents forts et la pluie l'arrêtent, bien qu’il y ait quelques exceptions."
defile-paper-1996-I,species,avibase-5F8E7CA8,"Seul un immature a passé le défilé le 25 septembre. Cet individu a été observé loin au NE et a montré un réel comportement migratoire, contrairement aux 3 individus locaux."
defile-paper-1996-I,species,avibase-1327AC55,"La migration du Balbuzard a été observée dès le 19 août et s’est terminée le 21 octobre, totalisant 80 individus (fig. 4). Un maximum journalier de 17 oiseaux a été noté le 15 septembre. Nous n'avons pas eu de passage en deux périodes distinctes comme l’avaient relevé les observateurs en 1983(13).

Comparé à celui observé en d’autres sites de Suisse, tels Bretolet, Gurnigel et Ulmet, le passage du Balbuzard semble plus important à Fort l'Écluse (tab. 3). Tout comme le Busard des roseaux, ce rapace est lié aux lieux humides pour sa nourriture et la topographie des lacs et cours d’eau influence également ses trajets. Il est connu pour migrer, en règle générale, isolément, presque par n'importe quel temps, même contre un vent fort ou sous la pluie et à des altitudes très variables, bas sur le Rhône ou très haut. Plus que le Busard, il est capable de choisir des voies individuelles, à l'écart des «goulets» de migration."
defile-paper-1996-I,species,avibase-2DAB45B8,"376 individus ont passé au cours de 54 jours, entre le 4 septembre et le 3 novembre, avec un maximum de 43 le 9 octobre (fig. 4). Les deux tiers des effectifs autour de ce maximum ont défilé en 19 jours, du 26 septembre au 14 octobre. L’estimation qualitative du statut de migrateur n’est pas toujours facile, car plusieurs Crécerelles locales fréquentent le défilé. Il est étonnant de constater que Fort l'Écluse draine davantage de migrateurs que Bretolet, où, de 1978 à 1983, passèrent en moyenne 124 Faucons crécerelles par an, soit à peu près 10% du total des rapaces. Il en est de même pour la période de 1989 à 1991, mais avec seulement 80 oiseaux par an. Ceci n’était pas le cas en 1962, quand J.-M. Thiollay(22) notait 1’214 Crécerelles en migration! N'est-ce pas là le reflet de la raréfaction sensible de cette espèce en Europe centrale, au cours de ces trente dernières années ? Les deux autres points d'observation suisses de Gurnigel et Ulmet sont de moindre importance (tab. 3). Le Faucon crécerelle traverse notre région sans préférence horaire, des premières heures de la journée jusqu’au soir, avec un creux peu marqué à 11 h 30 (fig. 5)."
defile-paper-1996-I,species,avibase-997A9437,"Un mâle de cette espèce, errant estival ou migrateur, a été observé au Golet du Pet, le 26 septembre (L. Lücker, comm. pers.)."
defile-paper-1996-I,species,avibase-F3DA111C,"L'Émerillon a été noté au cours de 51 jours, du 19 septembre au 12 novembre, avec un total de 50 individus et un nombre maximum de 7 oiseaux, le 16 octobre (fig. 4). Les deux tiers des effectifs, comprenant ce maximum, passent en 20 jours, du 27 septembre au 16 octobre. Ce faucon interrompt fréquemment sa migration pour chasser. Il ne va d’ailleurs guère plus loin que le sud de la France et le nord de l'Espagne. D'une manière générale, ces petits rapaces volent très rapidement, parfois assez bas. Un certain nombre d’entre eux échappe probablement aux observateurs, en particulier ceux qui côtoient la forêt au-dessous du Fort. Cette remarque est d’ailleurs valable aussi pour l’Épervier, la Crécerelle et le Hobereau."
defile-paper-1996-I,species,avibase-E91E287A,"Le Faucon hobereau a été observé en migration au cours de 31 jours, du 10 septembre au 16 octobre, au total 57 individus, avec des maximums journaliers de 5 oiseaux (19 septembre, 5 et 9 octobre). Les deux tiers des effectifs, comprenant ces maximums, passent en 22 jours, du 18 septembre au 9 octobre (fig. 4). La migration du Hobereau est peu influencée par le relief et il ne craint pas de traverser la Méditerranée dans toute sa largeur. Ainsi, il n’est pas étonnant que le col de Bretolet en voie passer davantage (203 en 1964, 91 en 1981) (tab. 3)."
defile-paper-1996-I,species,avibase-47E58408,"L'activité des Faucons pèlerins locaux rend aléatoire l’observation d’une migration éventuelle. Néanmoins, quelques Pèlerins sont peut-être en transit."
defile-paper-1996-I,species,avibase-28825494,"24 Cigognes blanches ont été observées du 5 août au 18 septembre, dont 11 le 11 septembre. A ce total, il faudrait ajouter 40 individus qui, après avoir passé la nuit à Viry, sont partis le 21 août direction plein sud et n’ont donc pas franchi le défilé. Ceci n’est pas surprenant, car les Cigognes et, dans une moindre mesure, la Grue cendrée, recourent le moins possible au vol battu, qui leur demande une dépense énergétique dix fois supérieure à celle requise pour le vol plané. Elles choisissent donc leur voie de migration en fonction des courants thermiques, ce qui ne les oriente pas forcément vers le défilé. Malgré cette correction, l’année 1993 fut moins riche que 1992, où 135 Cigognes blanches avaient été notées, avec un maximum de 83, le 20 août."
defile-paper-1996-I,species,avibase-E2817DAE,"Le passage des Cigognes noires s’est déroulé du 29 juillet au 28 octobre et totalise 42 individus, dont 29 du 6 au 25 septembre. Un maximum de 11 en 3 groupes a été noté le 11 septembre. Ces dernières années, le nombre total des Cigognes noires a progressivement augmenté, surtout en 1992 (43 individus) et 1993. La présence plus assidue des observateurs n’explique pas tout.

Depuis longtemps, la population la plus importante se trouve en Pologne (500 couples nicheurs en 1966), réservoir d’où sont issues les populations d'Europe occidentale, Espagne exceptée. Dans les années soixante, les observations de migrateurs en France furent toujours rares, car les couples nicheurs polonais n’occupaient que la moitié est du pays et passaient par le Bosphore. A la fin des années 60, la moitié occidentale de la Pologne est colonisée, avec 900 couples. La migration par le sud-ouest devient alors substantielle. La colonisation de l'Europe occidentale se remarque dès le milieu des années 70. En 1990, la Belgique compte 10 à 30 couples, le Luxembourg 4 à 5 couples, l'Allemagne 130, l'Autriche 80 à 100, le Danemark 1, la Suède 1(12). En 1992, la population française comprendrait 12 couples d’après une enquête L.P.O.(5), en 1993, peut-être plus de 15 couples. Cependant, notre région étant située au sud-est de celle-ci, nous ne devons pas voir passer à Fort l'Écluse des Cigognes noires françaises."
defile-paper-1996-I,species,avibase-99B8841E,"Alors que 4 individus avaient été observés en 1992 (1 le 8 octobre et 3 le 29 octobre), un seul a passé très haut en 1993, le 27 octobre. Il est bien évident que notre région se trouve en dehors de la voie de migration de cette espèce. Son passage, également nocturne, est donc irrégulier, caractérisé en général par de petits nombres, exceptionnellement importants comme le 24 octobre 1991, où 105 Grues ont passé au-dessus du Vuache(7)."
defile-paper-1996-I,species,avibase-760F307A,"Après une vingtaine d'années pendant lesquelles le passage des Ramiers a été de plus en plus faible, voire «misérable», les effectifs augmentent à nouveau depuis 1992. Cette année-là, 118000 pigeons sont notés et 221’000 en 1993, ce qui est encore très en dessous des quantités des années 1960 à 1975 (750000 en 1968, 800’000 en 1974). Cette récente reprise des effectifs des migrateurs, qui pourrait s'expliquer par un succès accru de nidification, a également été remarquée dans le Massif Central et les Pyrénées. En effet, 1993 a vu passer, au-dessus des cols pyrénéens, 16% de ramiers de plus que 1988, dernière bonne année avant une série de saisons désastreuses(14). 1993 inscrit donc un épisode positif dans l’histoire du déclin persistant des Pigeons ramiers migrateurs.

En 1993, la migration visible à Fort l’Écluse a débuté le 17 septembre et s’est terminée le 2 novembre, le gros du passage (89%) s'étant déroulé du 5 au 23 octobre: 197’000 pigeons entre ces deux dates, dont 48’000 le 17 (fig. 6).

Le secteur géographique emprunté par les Ramiers semble particulièrement lié aux conditions météorologiques. Les 3 journées de passages importants, qui totalisèrent 117’500 Ramiers, se sont caractérisées par un temps couvert et un plafond bas. Le vent soufflait légèrement du sud le 10 octobre, faiblement du nord-est les 16 et 17 octobre; presque tous les oiseaux ont passé par le défilé et au-dessus de la partie nord ouest du Vuache. Par temps clair, certains groupes, arrivés à la crête boisée entre le Reculet et le Crêt d'Eau, franchirent la crête du Jura.

De nombreux vols longent les pentes boisées du Jura, qui offrent des refuges en cas d’attaque par les rapaces. Presque chaque jour, on assiste à de telles manifestations de la part des Faucons pèlerins et Autours locaux. En 1993, nous en avons vu assez peu, mais, en 1992, celles-ci ont été fort nombreuses. Le 18 octobre de cette année-là, 4 Autours, dont 2 adultes et 2 jeunes, en compagnie de 5 Faucons pèlerins, ont harcelé, pendant toute la journée, les vols de Ramiers et de Passereaux. 130 attaques furent observées sur les pigeons, soit sur la moitié des groupes, sans une seule capture! Il est connu que ces attaques sont peu souvent couronnées de succès (en moyenne 1 proie pour 10 tentatives), les formations compactes permettant aux pigeons de mieux déjouer les prédateurs. En effet, plus le vol est important, plus la difficulté est grande pour le rapace de choisir sa proie. Subissant l’assaut des rapaces, les Ramiers plongent en «feuilles mortes» vers le couvert le plus proche et leurs attaquants, déboussolés, mettent alors un terme provisoire à leur chasse. Ces jours-là, il est bien difficile de contrôler réellement le succès des attaques des rapaces et d’estimer le transit des pigeons.

La migration journalière commence par petits groupes dès 7 h, parfois même avant. Rapidement, les vols augmentent de volume et le passage culmine déjà vers 8 h, diminue pendant la matinée, avec un creux vers 10 h, pour remonter un peu de 11 h 15 à 12 h, mais arrive à son point le plus bas à 13 h. L'après-midi, seuls quelques vols sont observés (fig. 7).

Il faut remarquer que l'évaluation de l'importance des vols est pratiquement toujours en dessous de la réalité. Cette sous-estimation, qui croît avec le volume de l’essaim, a été prouvée plusieurs fois par comptage sur des photographies de vols compacts. Ainsi, en 1992, le nombre de Ramiers compté sur diapositives, dans des groupes de 200 à 2000 individus, est égal à 1,75 fois notre estimation sur le site d’observation. Pour certains observateurs, ce facteur est de 2,5 fois en dessous de la réalité et aucun n’a surestimé le nombre d'oiseaux dans un vol.

Les prélèvements par la chasse sont probablement faibles dans la région étudiée. En 1993, seuls deux postes ont été occupés: l’un sur le Jura, au Plat des Roches, l’autre sur le Vuache, au Golet du Pet. Un seul jour a été vraiment le théâtre d’une activité de chasse sensible, marquée par 300 coups de fusils entre 7 h et 9 h! D'où nous étions, nous ne pouvions estimer le pourcentage des tirs meurtriers. Cependant, il ne faut pas oublier que le nombre de pigeons tués annuellement, en France, est énorme: 7,9 millions au cours de la saison de chasse 1974-75(20) et 5,7 millions pour la saison 1983-84(21). Ce prélèvement, qui représente 53 % du tableau de chasse européen, est la cause principale du déclin des Pigeons ramiers migrateurs."
defile-paper-1996-I,species,avibase-68E4C0D1,"Dans les vols de Ramiers, on observe des Pigeons colombins, Columba oenas, qui ne représentent que 2 à 5% des effectifs. Des décomptes systématiques à l’avenir permettront de préciser ce pourcentage."
defile-paper-1996-I,species,group-corbeau-freux-choucas-des-tours,"Pendant l’automne 1993, la migration des corvidés noirs (en moyenne 94% de Freux, 6% de Choucas, pourcentages calculés sur la période du 13 octobre au 13 novembre 1994) a été, comme pour les années précédentes, plutôt faible.

21’500 corvidés sont passés du 7 octobre au 14 novembre 1993, dont 4580 le 28 octobre, 2500 le 29 octobre et 2’400 le 12 novembre, soit près de la moitié du total en 3 jours (fig. 8). Dans les années précédant 1980, migraient souvent 90000 à 100’000 corvidés, chaque automne, à Fort l'Écluse (93’000 en 1976, 92’000 en 1977). La cause de cette diminution nous est inconnue; sédentarisation ou diminution réelle ?

En 1993, il n’a pas été observé, comme parfois dans les années 1970-1980, de migration visible continue, où les vols se suivent si serrés qu’on ne voit alors plus qu'un «train» de corvidés ininterrompu tout au long de la journée d'observation.

Assez souvent, lorsque les conditions météorologiques leur sont défavorables, les groupes arrivant très haut descendent brusquement et se posent dans les champs du pied nord du Vuache. Ils y restent entre une et trois heures, puis repartent en tourbillons ascendants, survolant soit le défilé, soit le Vuache. Si le temps ne s'améliore pas, ils peuvent rester à terre plus longtemps, jusqu’à plusieurs jours.

Quelquefois, un Faucon pèlerin, sans doute particulièrement affamé, attaque et capture un corvidé de passage. Le rapace est alors obligé, peut-être par le poids de sa proie, de se poser et de la consommer sur place, non sans être harcelé par d’autres corvidés. Le graphique de la migration des corvidés noirs laisse supposer que celle-ci ne s’est pas arrêtée le 14 novembre. Cependant, des pointages les 15 et 18 novembre n'ont pas montré de passage."
defile-paper-1996-II,species,avibase-6429024D,"Au total, 636 Hérons cendrés ont passé à Fort l'Écluse du 21 juillet au 11 novembre, dont une forte majorité (65%) entre le 6 et le 19 septembre (fig. 1). La plupart transitent tôt le matin ou tard dans l'après-midi. Par exemple, le 19 septembre, sur 199 Hérons cendrés, 167 sont passés entre 17 et 19 h, ce qui n'est pas étonnant pour un migrateur réputé nocturne. Seule une fraction de la migration réelle est perçue. Ces oiseaux volent isolément, en petits groupes ou en grandes bandes, généralement à une altitude assez élevée."
defile-paper-1996-II,species,avibase-3DF5C587,"À l'exception de petits groupes qui passent déjà en juillet (4 individus le 21, très haut) ou en août (12 le 19, bas), le passage régulier au défilé ne commence que vers mi-septembre pour s'intensifier vraiment vers le 7 octobre. Dès ce moment et pendant un mois, on assiste à un véritable déferlement. Presque tous les jours, surtout en début de matinée, de grandes bandes de Cormorans quittent le dortoir de l'Étournel et partent, soit dans le défilé, soit par-dessus le Vuache, soit même en direction du Mont de Sion. Plus tard dans la journée, on voit passer, en général à plus haute altitude, d'autres bandes qui semblent venir du Léman ou de plus loin. Dans le même temps, des vols reviennent, parfois assez tôt dans la matinée. Par exemple, le 28 octobre, un groupe de 250 Grands Cormorans quitte l'Étournel entre 7 h 15 et 7 h 30, puis 225 reviennent déjà entre 7 h 30 et 7 h 45. Il est vrai que ce jour-là, le plafond nuageux était situé à 800 m. Les conditions météorologiques derrière le Vuache devaient être peu favorables à la migration. Ces oiseaux auraient de ce fait renoncé à passer et seraient revenus en arrière. Mais en règle générale, concernant surtout les petits groupes, ces phénomènes de va-et-vient peuvent être liés à la recherche alimentaire (raids de pêche); il existe en effet des zones de pêche en aval, séparées des dortoirs, tel celui de l'Étournel(4). Des comptages effectués le soir au dortoir de l'Étournel par l'Office National de la Chasse (O.N.C.) n'ont pas mis en évidence de retour notable, car seuls quelques rares individus reviennent de l'aval. Il existe en effet un dortoir plus en aval, près de Bassy, au nord de Seyssel, qui doit accueillir une bonne partie des oiseaux. Le nombre d'oiseaux volant en direction nord-est est toujours très inférieur à celui prenant une direction sud-ouest. Les Grands Cormorans manifestent donc un comportement nettement migrateur: par exemple, le 10 octobre, 399 individus en direction SO et seulement 15 en direction NE; le 11 octobre, 385 et 42; le 17 octobre, 415 et 34 et le 31 octobre, 400 et 25, respectivement. Au total, pendant l'automne 1993, nous avons noté 5’774 Grands Cormorans se dirigeant vers le SO (fig. 2) et seulement 660 vers le NE. On peut donc parler d'une migration importante, qui s'explique par le nombre d'hivernants observés sur le cours du Rhône et les côtes de la Méditerranée, près de 16'000 individus en 1992, soit 24% de la population hivernant en France(6). On peut donc supposer qu'un tiers des hivernants du Rhône et des côtes méditerranéennes passe par Fort l'Écluse. Nos observations hivernales des populations concernées ont confirmé que ces oiseaux appartiennent à la sous-espèce Phalacrocorax carbo sinensis."
defile-paper-1996-II,species,avibase-E074D706,"Il est bien difficile de déterminer ici si les mouvements de ce goéland relèvent d'un simple erratisme régional ou d'une vraie migration, tant les déplacements sont nombreux, que ce soit vers le sud-ouest ou vers le nord-est. Cette circulation pourrait s'expliquer par des patrouilles pendulaires entre le Léman et le Rhône en aval du défilé, la région de Seyssel par exemple. Pourtant, quand on additionne le nombre de ces Laridés ayant passé dans chacune des directions, on s'aperçoit que 1’479 goélands ont pris une direction SO (fig. 3) et 497 une direction NE en 1993. Les mouvements observés le 7 novembre 1994 sont particulièrement intéressants: 331 individus sont passés en direction SO, dont 310 dans le même quart d'heure (10 h 30-10 h 45) et en tout 180 en direction NE dans l'après-midi, en plusieurs groupes. Un mouvement global vers le SO se dégage donc et correspond très probablement au départ progressif des estivants sur le Léman(5) et aux transits de plus lointaine origine… Il faut remarquer que la migration ou transhumance automnale, observée à Fort l’Écluse, des Goélands leucophées en direction des sites de colonies en Méditerranée ne représente qu'une fraction de l'effectif, estimé entre 8000 et 19'000, de ces oiseaux estivant sur le lac Léman(3). Faut-il en conclure que d'autres voies de migration, voire la principale, nous sont inconnues? En effet, de petits groupes passent le Mont-Sion (818 m), le col d'Evires (803 m) et plus au sud le col de la Croix-Haute (1176 m)."
defile-paper-1996-II,species,avibase-742EC2F1,"Après une réduction très sensible des effectifs s'étendant sur deux décennies, les années 1992 et 1993 ont vu cette alouette, à l'instar des Pigeons ramiers, passer en nombre relativement important. La taille plus faible de la Lulu et surtout sa queue nettement plus courte la caractérisent dans les vols d'Alouettes des champs auxquels elle est souvent associée. En 1993, le passage a duré du 30 septembre au 11 novembre, totalisant 364 Alouettes lulus migratrices, dont 93 le 18 octobre (fig. 4)."
defile-paper-1996-II,species,avibase-ED2AC04E,"Les Alouettes des champs ont migré au-dessus de notre point d'observation de façon appréciable, du 10 octobre au 4 novembre, en quantités difficiles à estimer. On peut cependant relever que le 28 octobre a été le jour du passage maximum, avec 486 individus dûment repérés (fig. 5)."
defile-paper-2019,species,avibase-1327AC55,"Statut européen : VU
Effectif max. : 163 (2013)
Effectif min. : 39 (2003)
Effectif moyen 1993-2017 : 100
Record journalier : 23 le 18 septembre 2001

Si le passage du Balbuzard pêcheur est fluctuant d’une année à l’autre, une augmentation se dessine depuis 2011 (fig. 2), concordant avec celle de la plupart des populations européennes (Staneva & Burfield 2017). Les effectifs au défilé de l’Écluse restent cependant faibles au regard des populations allemandes, plus nordiques, estimées à 550 couples (Gedeon et al. 2014). Des constats analogues peuvent cependant être dressés pour Falsterbo, où transitent des effectifs trois fois supérieurs (m 1993-2017 = 304) et au col d’Organbidexka (m 1993-2017 = 148). Ces écarts s’expliquent par le fait que l’espèce migre sur un large front (Génsbøl 2005)."
defile-paper-2019,species,avibase-97C47F3E,"Statut européen : LC

Ce petit rapace est apparu pour la première fois en 2014, puis en 2016 et en 2017 (2 individus). Ces observations récentes sont à mettre en lien avec l’augmentation des effectifs nicheurs en France et l’expansion remarquable de cette espèce depuis 2005 (Issa & Muller 2015). De plus, l’Élanion est réputé erratique et a été noté de plus en plus fréquemment, dès 2008, hors de ses bastions d’origine (Portugal, Espagne, France), en Suisse notamment (Maumary 2017) et jusqu’en Pologne (Ławicki & Perlman 2017)."
defile-paper-2019,species,avibase-ED5A7E8F,"Statut européen : LC
Effectif max. : 10 279 (2014)
Effectif min. : 1391 (2016)
Effectif moyen 1993-2017 : 5050
Record journalier : 2877 le 28 août 2005

D’importantes fluctuations interannuelles caractérisent le passage de la Bondrée (fig. 3), au point qu’il est délicat d’en dégager une quelconque tendance. Notre ressenti sur le site est le suivant : par beau temps, les bondrées peuvent passer n’importe où, aussi bien au-dessus du massif du Jura que très haut au-dessus du site de suivi, ou encore très loin à l’est. C’est particulièrement le cas lorsque la brume est réduite, en soirée surtout, mais aussi au cours de certaines journées ; la plupart du temps, la visibilité est alors fortement réduite, sauf à l’aplomb du site. Les oiseaux passant dans notre sphère d’observation sont donc beaucoup plus difficiles à repérer, car éloignés sur fond de ciel bleu ou masqués par la brume. Les années où les passages notés sont les plus importants correspondent à des conditions météorologiques présentant peu de journées de brume et une couverture nuageuse fréquente, plus ou moins dense sur les massifs, obligeant les oiseaux à se concentrer dans l’entonnoir du défilé de l’Écluse et ainsi à passer plus près des observateurs. Avec 16 % des effectifs de rapaces en 1993-2017, la Bondrée est la troisième espèce la plus fréquente sur le site. La moyenne automnale (1993-2017) de 5050 individus fait du défilé de l’Écluse l’un des sites de migration européens majeurs pour la migration de cette espèce, avec le détroit de Gibraltar (m 1999-2013 = 60 072), celui de Messine (m 2016-2018 = 14 751), et les deux cols pyrénéens d’Organbidexka (m 1993-2017 = 11 115) et de Lindux (m 2009-2013&2015-2017 = 7129). En comparant les sites français, force est de constater que la majorité des bondrées en migration postnuptiale traversent la France sur un large front en direction du sud-ouest, puis passent soit par le littoral méditerranéen, soit par les Pyrénées-Atlantiques pour converger sans doute en grande partie vers Gibraltar. La relative stabilité du nombre des migrateurs au défilé de l’Écluse pourrait en partie résulter de celle des effectifs nicheurs d’Allemagne et de Suisse, où ils sont respectivement estimés à 4300-6000 couples (stables ; Gedeon et al. 2014) et à 500-1000 couples (en légère augmentation de 1990 à 2017 ; Schmid et al. 2018), mais probablement aussi de populations plus nordiques. Dans ce cadre, il est intéressant de noter que le passage de cette espèce à Falsterbo, de 1990 à 2015, est aussi considéré comme stable (moyenne de 4250 individus par année ; Kjellén 2015), de même d’ailleurs qu’au col d’Organbidexka de 1981 à 2012 (Filippi-Codaccioni 2013), et à Gibraltar de 1999 à 2013 (Martin et al. 2016). En France, l’espèce n’apparaît pas menacée et la tendance de 2000 à 2012 montre une relative stabilité (Issa & Muller 2015)."
defile-paper-2019,species,avibase-8372FFBA,"Statut européen : LC
Effectif max. : 9 (2017)
Effectif min. : 0
Effectif moyen 1993-2017 : 3
Record journalier : 4 le 3 septembre 2017

De passage rare, le Circaète est irrégulier de 1993 à 2007 et régulier depuis 2008. Cette augmentation s’accorde avec la situation régionale de l’espèce, qui se reproduit depuis 2006 en Haute-Savoie (24 territoires en 2018 ; J.-P. Matérac, obs. pers.). En Suisse aussi, où 4 couples étaient établis en 2017 après la première reproduction de 2012, les observations se font plus fréquentes depuis 2007, en particulier dans les Préalpes (Maumary et al. 2013 ; Müller 2018)."
defile-paper-2019,species,avibase-5D1987CE,"Statut européen : LC

Douze oiseaux ont été notés, seuls ou par deux, depuis 2007, année à partir de laquelle des groupes d’estivants de plusieurs dizaines d’individus sont signalés en Haute-Savoie. Ce faible effectif s’explique sans doute par l’éloignement du défilé de l’Écluse des zones d’estivage préalpines, qui désormais attirent et concentrent les mouvements exploratoires (Posse 2010 ; Posse & Antoniazza 2017)."
defile-paper-2019,species,group-aigle-pomarin-criard,"Statut européen : LC/EN

Le défilé de l’Écluse voit régulièrement passer des aigles de taille moyenne, les Aigles criard et pomarin. Ces deux espèces sont très semblables et s’hybrident régulièrement (Forsman 2007), ce qui rend la détermination souvent impossible. Sept aigles de type pomarin ont été notés au cours de 6 années depuis 2005 (date de la première observation), habituellement à la fin de septembre, ce qui laisse augurer d’un passage, faible mais sans doute régulier, de cette espèce dans la région. Étant donné la régularité de l’espèce à Gibraltar, Onrubia et al. (2011) parlent d’une voie de migration occidentale, mais de faible importance. Les aigles de type criard ont été observés durant 12 années, totalisant 16 individus depuis 1994 (date de la première observation) ; ils sont notés habituellement de la première décade d’octobre jusqu’en novembre. Les oiseaux franchissant le défilé de l’Écluse sont susceptibles de gagner la Camargue, où hivernent régulièrement quelques individus (Maumary et al. 2007), voire l’Espagne, à l’instar de l’aigle criard « Tönn », qui hiverne régulièrement à El Hondo près d’Alicante (http://birdmap.5dvision.ee/en). Enfin, 7 observations concernent des aigles de type pomarin/criard, sans précision supplémentaire. En 2017, un hybride pomarin/criard a franchi le défilé de l’Écluse : l’oiseau était originaire de Lituanie et son identification a pu être validée grâce à sa balise GPS (http://www.ornitela.com/hybrid-spotted-eagle-tracking)."
defile-paper-2019,species,avibase-A635F565,"Statut européen : CR

Originaire des steppes asiatiques, cet aigle a été noté une fois sur le site, le 2 octobre 2013. Suite à des comparaisons sur photos (http://www.netfugl.dk/), il semble que cet oiseau avait précédemment stationné à Falsterbo du 10 au 21 septembre de la même année ! Il s’agit de la première mention haut-savoyarde et de la cinquième française (Kayser et al. 2015)."
defile-paper-2019,species,avibase-5F8E7CA8,"Statut européen : LC

C’est l’aigle le plus commun en migration au défilé de l’Écluse, totalisant 37 individus (dont 36 immatures). Si les adultes sont sédentaires sous nos latitudes, les jeunes sont erratiques et même migrateurs au nord de l’Europe, comme parfois aussi les adultes (Svensson et al. 2015). Les oiseaux notés comme migrateurs au défilé sont donc soit des nordiques, soit de jeunes individus alpins/jurassiens en dispersion."
defile-paper-2019,species,avibase-4B8CC285,"Statut européen : LC

Vingt-neuf individus ont été observés de 1994 à 2010 – année de la dernière observation – dont 7 pour la seule année 2003. L’origine de ces oiseaux demeure inconnue. Peut-on imaginer que la propension de l’Aigle botté à entreprendre des migrations automnales en boucle depuis le sud-ouest de l’Europe le long du bassin méditerranéen (Premuda et al. 2007) ait poussé des jeunes inexpérimentés en provenance d’Espagne ou du centre et de l’est de la France jusqu’au défilé de l’Écluse ?"
defile-paper-2019,species,avibase-E2A19474,"Statut européen : LC
Effectif max. : 1011 (2001)
Effectif min. : 180 (2003)
Effectif moyen 1993-2017 : 554
Record journalier : 419 le 19 septembre 1998

Le passage du Busard des roseaux montre d’importantes fluctuations d’effectifs (fig. 5). Plus substantiel de 1993 à 2001, il a fortement diminué pour se renforcer dès 2010, sans atteindre son niveau antérieur. La moyenne automnale de 554 individus fait du défilé de l’Écluse l’un des sites majeurs d’Europe continentale pour l’observation de la migration de cette espèce, cependant bien après Gibraltar, plusieurs sites de la péninsule Italienne (Brichetti & Fracasso 2018), le détroit de Messine (m 2016-2018 = 2380) et Falsterbo (m 1993-2017 = 871 ind.). À l’instar du Balbuzard pêcheur et de la Bondrée apivore, le Busard des roseaux migre sur un large front (Génsbøl 2005) et emprunte les cols alpins et les défilés du Jura sans difficultés (Maumary et al. 2007). Cette capacité à franchir des obstacles topographiques, au moins lors de conditions météorologiques acceptables, est susceptible de brouiller l’interprétation des tendances observées sur des sites de passage. Toutefois, l’évolution des effectifs annuels au défilé de l’Écluse semble s’accorder en partie avec les fluctuations des populations européennes. Après une augmentation fulgurante entre les années 1970 et le début des années 1990 (Génsbøl 2005), la fin des années 1990 a vu une chute spectaculaire (jusqu’à -28,6 %), puis une situation en « dents de scie » (www.observatoire-rapaces.lpo.fr). C’est notamment le cas en Allemagne (7500-10 000 couples ; Gedeon et al. 2014), d’où provient probablement la majorité des migrateurs observés au défilé de l’Écluse. Notons aussi que le col d’Organbidexka (m 1993-2017 = 306 ind.), où passent des effectifs nettement inférieurs à ceux du défilé de l’Écluse, voit une augmentation relativement constante depuis 2011, concordant avec celle des nicheurs français (Issa & Muller 2015), qui transitent en partie par les Pyrénées."
defile-paper-2019,species,avibase-F558C7F9,"Statut européen : NT
Effectif max. : 144 (1996)
Effectif min. : 4 (2017)
Effectif moyen 1993-2017 : 40
Record journalier : 25 le 15 octobre 1996

Le passage du Busard Saint-Martin a fortement décliné au défilé de l’Écluse (fig. 6). La migration débute habituellement dans la première décade d’octobre, parfois dès fin septembre mais rarement plus tôt (trois données d’août, la première le 16), et se poursuit bien au-delà du 18 novembre (fin de la permanence officielle), comme le montrent les suivis effectués de manière plus ou moins régulière jusqu’à fin décembre certaines années (fig. 6, colonnes grises). Cette différence peut être très marquée, comme par exemple en 2012, caractérisée par d’importantes fuites hivernales de rapaces, avec 22 oiseaux dénombrés du 30 novembre au 23 décembre. Les faibles effectifs comptabilisés au défilé de l’Écluse viennent du fait que le Busard Saint-Martin migre sur un large front (Génsbøl 2005) et qu’il peut franchir facilement les massifs montagneux. Au col d’Organbidexka, les totaux 1993-2017 (m = 91), très fluctuants d’année en année (de 40 à 158 ind.), sont toutefois relativement stables, voire en légère augmentation, et susceptibles de concerner en priorité des oiseaux français, à phénologie sensiblement différente. La baisse des effectifs sur le site du défilé de l’Écluse pourrait trahir des séjours plus nordiques lors des hivers doux, qui deviennent de plus en plus fréquents. En Suisse, la tendance est d’ailleurs à la diminution du nombre des hivernants (H. Schmid, comm. pers.). Notons que la tendance européenne générale des effectifs nicheurs est elle-même à la baisse (Staneva & Burfield 2017), tandis que le nombre de migrateurs passant par Falsterbo (m 1993-2017 = 234) est plutôt stable."
defile-paper-2019,species,avibase-22647E26,"Statut européen : NT

Huit individus ont été notés, de 2009 à 2017, dont 5 cette dernière année (et 3 le même jour !). Cette augmentation de fréquence s’inscrit dans un vaste contexte ouest-européen similaire, tout à fait sensible autant en France (Réglade et al. 2015 ; www.faune-france.org) qu’en Suisse (Martinez & Maumary 2016). Bien que résultant probablement en partie d’une meilleure connaissance des critères d’identification, l’amplitude de ce phénomène apparaît comme une réalité biologique non expliquée (Réglade et al. 2015), qui s’accompagne d’une augmentation des couples nicheurs dans le nord-est du continent, à l’instar de la Finlande et de la Russie (Staneva & Burfield 2017)."
defile-paper-2019,species,avibase-63B6412E,"Statut européen : LC
Effectif max. : 33 (2014)
Effectif min. : 5 (2009)
Effectif moyen 1993-2017 : 16
Record journalier : 19 le 29 août 2014

Les effectifs annuels sont très fluctuants (fig. 7), comme sur d’autres sites de migration français, au col d’Organbidexka ou à Gruissan-Narbonne. Au détroit de Gibraltar, l’espèce passe en plutôt faible nombre en regard des populations ibériques et françaises, ce qui ne surprend guère étant donné que 65 % des migrateurs traversent la Méditerranée avant de parvenir à ce détroit (www.migraction.net ; Garcia & Arroyo 1998)."
defile-paper-2019,species,avibase-DB376A66,"Statut européen : LC
Effectif max. : 2535 (2013)
Effectif min. : 467 (2001)
Effectif moyen 1993-2017 : 1175
Record journalier : 277 le 6 novembre 2012

Malgré un passage important en 1996, la fin du XXe siècle et le début du XXIe voient des oscillations essentiellement au-dessous de la moyenne 1993-2017 . Une phase ascendante se dessine dès 2008, culminant en 2013 avec plus de 2500 individus, puis diminuant par la suite (fig. 8). Ces fluctuations sont difficiles à relier à celles de nicheurs, dans la mesure où les populations suisses (Knaus et al. 2018) et allemandes (Gedeon et al. 2014) sont stables. Peut-être reflètent-elles en partie l’augmentation des effectifs dans les pays nordiques, qui hébergent des populations essentiellement, voire exclusivement, migratrices ou des effets de l’activité d’observation (cf. Discussion) ? À Falsterbo, principal site d’observation européen pour la migration de l’Épervier, les effectifs ont augmenté d’un facteur 1,6 entre 1993-1997 (15 992 ind.) et 2013-2017 (25 022 ind.), soit dans la même proportion qu’au défilé de l’Écluse (m 1993-1997 = 1047 ind. ; m 2013-2017 = 1644 ind.) ; à Organbidexka, l’augmentation est même d’un facteur 3,8 (m 1993-1997 = 211 ind. et m 2013-2017 = 796 ind)."
defile-paper-2019,species,avibase-95DD1855,"Statut européen : LC
Effectif max. : 12
Effectif min. : 0
Effectif moyen 1993-2017 : 4

Le passage de l’Autour au défilé de l’Ecluse n’est qu’anecdotique et difficilement détectable ; il peut concerner aussi bien des déplacements locaux d’oiseaux nicheurs que de la dispersion ou de l’erratisme."
defile-paper-2019,species,avibase-5A3D91D3,"Statut européen : LC

L’espèce a été observée deux fois au défilé de l’Écluse, les 10 novembre 2008 et 1er novembre 2017. D’après les photographies que nous avons pu consulter (haute-savoie.lpo.fr et faune-lr.org), l’immature de première année vu en 2017 est peut-être le même que celui ayant hiverné en Petite Camargue (Gard) durant l’hiver 2017-2018. Les effectifs nicheurs européens ont été multipliés par deux depuis 2000 (Issa & Muller 2015), ce qui laisse espérer une augmentation des observations en migration et en hivernage."
defile-paper-2019,species,avibase-451D6FC8,"Statut européen : NT
Effectif max. : 10 738 (2017)
Effectif min. : 1279 (1994)
Effectif moyen 1993-2017 : 4539
Record journalier : 1822 le 6 octobre 2016

Avec 15 % des effectifs de rapaces en 1993-2017, le Milan royal est la quatrième espèce la plus fréquente sur le site. Les effectifs transitant par le défilé ont plus que septuplé en 25 ans (fig. 9) ! D’abord stables, aux environs de 1300 migrateurs par saison de 1993 à 1997, ils augmentent assez régulièrement, puis de manière spectaculaire dès 2011 pour atteindre une moyenne de 9680 ind. en 2013-2017. En ajoutant les données de migrateurs enregistrées sur le site après le 18 novembre, les effectifs de Milans royaux sont toujours supérieurs à 10 000 ind. depuis 2012 et atteignent même 12 376 oiseaux cette année-là. Lorsque des arrivées de froid provoquent des afflux après le 18 novembre, les effectifs au passage peuvent s’en trouver modifiés de manière importante, comme ce fut notamment le cas en 2012 et 2013, avec 13 à 20 % de l’effectif total saisonnier passés après cette date. L’augmentation des effectifs migrateurs se ressent aussi en d’autres sites de suivi européens : - à Falsterbo, m 1993-1997 = 860 ind. ; m 2013-2017 = 3433 ind. ; record en 2017 avec 4574 ind. - à Organbidexka, m 1993-1997 = 2898 ind. ; m 2013-2017 = 6105 ind. ; records en 2017 sur 3 sites du Pays Basque : Organbidexka 8796 ind. ; Lindux 6548 ind. ; Lizarrieta 4367 ind. - au Crêt des Roches (France, Doubs) – autre site majeur pour l’espèce – où ont été comptés 7216 ind. en 2017 (www.migraction.net). Le défilé de l’Écluse apparaît ainsi comme le site le plus important qui soit pour le passage postnuptial du Milan royal ! Pareils essors du nombre de migrateurs en 25 ans, en trois régions stratégiques pour le passage de cette espèce (pointe sud de la Suède ; entonnoir du Plateau suisse ; contreforts ouest-pyrénéens) reflètent la dynamique positive des populations nicheuses en Suède, en Suisse et en certaines régions de France. Le Milan royal est l’une des rares espèces endémiques au continent européen. La grande majorité des nicheurs se concentre en Espagne, France, Allemagne, Pologne, Danemark et au sud de la Suède. Depuis les années 1990, l’espèce connaît une évolution positive en Suisse (de 800-1200 couples en 1993-1996 à 2800-3500 couples en 2013-2016 ; Schmid et al. 1998 ; Knaus et al. 2018), au Danemark (rare avant 2009, 113 couples en 2014 ; Gensbøl 2009 ; Kjellén 2015), en Pologne (300 couples en 1985 à 1000-1500 actuellement ; Aebischer 2009 ; http://rapaces.lpo.fr/) et en Suède (de 650 en 1995 à 2100 actuellement ; Aebischer 2009 ; http://rapaces.lpo.fr/), mais des déclins, puis une stabilité en Allemagne (Gedeon et al. 2014) et en France (Issa & Muller 2015). Ajoutons à cela que, parallèlement, les effectifs hivernants en Suisse ont plus que doublé entre 2007 et 2018 (Aebischer 2018)."
defile-paper-2019,species,avibase-06D9A2C8,"Statut européen : LC
Effectif max. : 14 395 (2014)
Effectif min. : 2187 (2003)
Effectif moyen 1993-2017 : 6056
Record journalier : 3680 le 31 juillet 2014

Avec 20 % des effectifs de rapaces en 1993-2017, le Milan noir est la deuxième espèce la plus fréquente sur le site. En 25 ans, l’effectif migrateur a doublé, passant de 5082 ind. en 1993-1997 (mais suivi d’un déclin d’une décennie au tournant des années 2000 ; m 1998-2007 = 3615) à 10 092 ind. en 2013-2017, avec un maximum de 14 395 en 2014. La grande précocité du passage du Milan noir, dont l’essentiel des effectifs passe en juillet, rend la comparaison difficile avec d’autres sites de suivi de la migration postnuptiale qui, dans la plupart des cas, débutent leur permanence en août, voire plus tard. Ainsi, seuls le col d’Organbidexka et le détroit de Gibraltar disposent de données de suivi dès mi-juillet. Sur ces deux sites l’augmentation est manifeste, d’un facteur 3,1 de 1993 à 2017 à Organbidexka (m 1993-2017 = 23 619 ; min. = 8251 ; max. = 47 769) et du même ordre de grandeur de 1999 à 2013 à Gibraltar (m 1999-2013 = 94 800 ; min. = 47 940 ; max. = 137 073). De telles augmentations ne peuvent que refléter la bonne santé des populations nicheuses européennes. Pour ce qui concerne le défilé de l’Écluse, cette croissance traduit sans doute en partie celle, importante, des effectifs de Suisse, passés de 1200-1500 couples en 1993-1996 à 2000-3000 en 2013-2016 (Schmid et al. 1998 ; Knaus et al. 2018), et celle, plus modérée, en Allemagne (Gedeon et al. 2014), secondairement de pays d’Europe du Nord, tels que la Suède, la Norvège et la Finlande (Staneva & Burfield 2017)."
defile-paper-2019,species,avibase-3C0C325D,"Statut européen : LC
Effectif max. : 32 905 (2012)
Effectif min. : 6179 (1993)
Effectif moyen 1993-2017 : 12 938
Records journaliers : 8857 le 15 octobre 2012 (hors période : 10 717 le 11 décembre 2012) La Buse variable est le rapace migrateur le plus abondant au défilé de l’Écluse. Elle représente, en moyenne, à elle seule 42 % des rapaces (25 à 71 % selon les années) dénombrés du 18 juillet au 18 novembre. L’abondance de son passage (fig. 11), dépend en partie de la précocité des incursions hivernales, susceptibles d’intervenir avant le 18 novembre (comme ce fut le cas en 2012). Si ces dernières influencent à la hausse certains pics, elles ne suffisent cependant pas à expliquer la tendance globalement positive qui se dégage des 25 années de suivi. Le facteur d’accroissement (1,8) observé (m 1993-1997 = 9662 ; m 2013-2017 = 17 024) fait écho à celui de Falsterbo (1,6 ; m 1993-1997 = 11 446, m 2013-2017 = 17 884). En dépit des appréciations de stabilité des effectifs nicheurs sur l’ensemble du continent (Staneva & Burfield 2017), ces évolutions positives sont susceptibles de traduire des augmentations d’effectifs de plusieurs populations, comme c’est en particulier le cas en Suisse (Knaus et al. 2018) et en Allemagne (Gedeon et al. 2014). La prise en compte de données récoltées après le 18 novembre (fig. 11, colonnes grises) montre l’importance des vagues de froid sur le flux de migrateurs. En ne comptabilisant que les années où des jours de suivi ont été effectués après cette date, on obtient une moyenne 1993-2017 de 15 789 individus (+18,1 %), avec des pics à plus de 40 % en 1998 (fin du suivi le 2 décembre) et 2012 (fin du suivi le 24 décembre), plus de 40 % des individus étant passés après le 18 novembre."
defile-paper-2019,species,avibase-90B13ACF,"Statut européen : LC

Cette espèce a été observée à deux reprises, les 27 novembre 2011 et le 9 décembre 2012, dans les deux cas après le 18 novembre lors des suivis documentant les fuites de Buse variable."
defile-paper-2019,species,avibase-2DAB45B8,"Statut européen : LC
Effectif max. : 1529 (2012)
Effectif min. : 87 (2003)
Effectif moyen 1993-2017 : 394
Record journalier : 547 le 8 octobre 2012

De 1993 à 2010, le passage du Faucon crécerelle est inférieur à la moyenne 1993-2017 (fig. 12), apparemment sans refléter de fluctuations propres à l’espèce en Europe, selon l’évolution des populations de petits rongeurs ou la survenance d’hivers froids et enneigés (Maumary et al. 2007). Il connaît par la suite une augmentation soudaine, qui porte la moyenne 2013-2017 à 652 ind. (augmentation totale d’un facteur 2,2). Au-delà des oscillations annuelles périodiques bien reconnaissables en d’autres lieux, cette augmentation globale est plus marquée encore à Organbidexka (facteur 2,6 ; m 1993-2017 = 157) et à Falsterbo (facteur 2,9 ; m 1993-2017 = 794). Notons que, d’après www.migraction.net, le défilé de l’Écluse est le deuxième site d’importance français pour la migration du Faucon crécerelle, après celui de Gruissan-Narbonne (m 2006-2017 = 1112 ind.). Si le Faucon crécerelle est en déclin modéré à l’échelle européenne (Issa & Muller 2015 ; Staneva & Brufield 2017), certaines populations nordiques (Suède et Finlande) sont en forte augmentation. En revanche, la population a décliné au Danemark en 10 ans (Kjellén 2015), tandis qu’elle fluctue en Allemagne, après une augmentation de 1998 à 2009 (Gedeon et al. 2014 ; Staneva & Burfield 2017). En Suisse, les effectifs nicheurs ont augmenté de 138 % de 1999 à 2017 (Schmid et al. 2018). L’évolution des effectifs à Falsterbo, au défilé de l’Écluse et à Organbidexka reflète donc sans doute la bonne santé des populations suédoise, allemande et suisse, en dépit du fait que l’espèce migre sur un large front (Génsbøl 2005) et ne concentre que peu son passage sur des sites stratégiques."
defile-paper-2019,species,avibase-997A9437,"Statut européen : NT

Le Faucon kobez a été observé à cinq reprises (deux fois en 1996, une en 1993, 2009 et 2017), entre le 19 et le 30 septembre. Ce petit faucon demeure assez rare en migration postnuptiale en Europe occidentale."
defile-paper-2019,species,avibase-F3DA111C,"Statut européen : LC
Effectif max. : 79 (2011)
Effectif min. : 16 (2015 et 2017)
Effectif moyen 1993-2017 : 41
Record journalier : 11 le 18 octobre 1998

L’intensité du passage de ce petit faucon fluctue beaucoup d’une année à l’autre (fig. 13) et marque une diminution ces dernières années. La tendance est stable, ou en légère augmentation, à Falsterbo (m 1993-2017 = 274 ind.), stable à Organbidexka (m 1993-2017 = 26), et la stabilité prévaut aussi en hivernage en France (Issa & Muller 2015)."
defile-paper-2019,species,avibase-E91E287A,"Statut européen : LC
Effectif max. : 87 (1998)
Effectif min. : 20 (2005)
Effectif moyen 1993-2017 : 54
Record journalier : 15 le 20 septembre 2017

Comme pour les autres espèces de faucons, la variation annuelle du passage est forte et tend à la stabilité des populations, alors que la tendance est à l’augmentation à Organbidexka (m 1993-2017 = 56) comme à Falsterbo (m 1993-2017 = 56). La faiblesse des effectifs transitant par chacun de ces sites incite toutefois à la prudence dans l’interprétation de tendances. Plus encore que les autres faucons, le Hobereau passe en tous lieux et les variations observées sont susceptibles de dépendre de nombreux paramètres."
defile-paper-2019,species,avibase-47E58408,"Statut européen : LC
Effectif max. : 11 (2012 et 2013)
Effectif min. : 0
Effectif moyen 1993-2017 : 3

Ce grand faucon est mentionné comme migrateur chaque année depuis 2007. Les effectifs sont très restreints avec une moyenne 2007-2017 de 6 individus. Auparavant, seules 5 données isolées ont été enregistrées lors de 5 années. Les individus scandinaves et finlandais sont migrateurs et hivernent pour certains jusqu’en Espagne (Génsbøl 2005). Les nicheurs allemands atteignent quant à eux le sud-ouest de la France et même le Portugal (Bairlein et al. 2014). Tout comme au défilé de l’Écluse, l’effectif 1993-2017 de Faucon pèlerin comptabilisé à Falsterbo (m 1993-2013 = 67) est en augmentation sensible, comme d’ailleurs la population allemande (Gedeon et al. 2014)."
defile-paper-2020,species,avibase-760F307A,"Statut européen : LC (en augmentation).
Effectif max. : 220 978 (1993).
Effectif min. : 16 362 (2009).
Effectif moyen 1993-2019 : 59 711.
Record journalier 1993-2019 : 60 921 le 15 octobre 2010.
Record journalier hors période : 620 000 le 13 octobre 1974.

La diminution des Pigeons ramiers migrateurs au défilé de l’Écluse a été remarquée depuis les années 1980 (Charvoz et al. 1996). Après un sursaut en 1992 (119 415 individus) et 1993 (220 978) et deux saisons dépassant les 100 000 unités (1998 et 2010), le déclin s’est poursuivi jusqu’en 2009 (fig. 1). Dès lors, les totaux automnaux semblent se stabiliser aux alentours de 60 000 individus/an, ce qui est très en dessous de la norme des années 1960 à 1975 (750 000 en 1968, 800 000 en 1974). À quoi attribuer cette baisse drastique des migrateurs ? On pourrait y voir un reflet de la diminution des nicheurs dans les pays d’où proviennent les Ramiers passant par le défilé de l’Écluse, soit le centre et l’est de l’Europe (Pologne, ex-Tchécoslovaquie) selon les reprises de bagues (Duc 2003). Or, le Ramier est en augmentation dans tout notre continent (Baptista et al. 2020). Sachant que le comportement migratoire est soumis aux lois de la sélection naturelle, des facteurs peuvent le favoriser ou le défavoriser. L’une des influences négatives pourrait revenir au prélèvement de migrateurs par la chasse. Ce dernier est important, en France, comme l’établissent deux enquêtes, à 5,2 millions d’individus en 1998-1999 (Lormée et al. 2000) et à 4,7 millions en 2007-2008 (Arnauduc et al. 2011), principalement dans la grande moitié ouest du pays (Issa & Muller 2015). En tant qu’espèce, le Pigeon ramier n’est pas menacé, mais si les prélèvements cynégétiques ne faiblissent pas, les populations migratrices continueront inexorablement leur déclin (Duc 2003). Une autre influence susceptible d’affecter le nombre de migrateurs est le réchauffement climatique, qui favorise les individus hivernant dans leurs pays d’origine. La clémence hivernale, associée à une offre alimentaire intéressante, à une faible pression de prédation et à l’augmentation globale de ses effectifs, a encouragé la conquête des villes par le Ramier, où il se rencontre en densités plus élevées que dans les forêts environnantes (Knaus et al. 2018). Signalons enfin que les Ramiers migrateurs ne diminuent pas en toutes régions. De l’autre côté du Jura, au Crêt des Roches F25, où un passage record de 1 130 788 d’individus a été noté en 2019, la tendance est nettement à l’augmentation depuis 2012 ; le suivi y est systématique dès le lever du jour depuis 2008 (Lignier 2019). Cette évolution fournit un écho concordant avec celle notée à Falsterbø, à l’extrémité sud de la Suède, où les comptages ininterrompus depuis 1973 montrent une tendance clairement à la hausse depuis 2012 et un record en 2019 (999 920 ind. ; https://www.falsterbo-fagelstation.se/arkiv/strack/migr_frame.htm). Il apparaît ainsi probable que les populations de Ramier du nord de l’Europe, en augmentation et obligatoirement migratrices, aboutissent dans le sud-ouest de la France et en Espagne (Bertrand et al. 2019) par la dorsale jurassienne, tandis que celles d’Europe centrale, en voie de sédentarisation ou réduisant leurs trajets, passent par le défilé de l’Écluse en nombres de plus en plus restreints. Concernant la chronologie de la migration du Pigeon ramier au cours du suivi 1993-2019, l’analyse des dates correspondant aux passages des 10 % et des 90 % des effectifs indique un début de migration retardé de 5 jours environ et un prolongement de celle-ci de 5 jours également (fig. 2). Il est fort probable que ces reports soient liés au réchauffement climatique."
defile-paper-2020,species,avibase-68E4C0D1,"Statut européen : LC.
Effectif max. : 5102 (2013).
Effectif min. : 0 (1993).
Effectif moyen 1994-2019 : 2336.
Record journalier : 1380 le 13 octobre 1998.

Dans les vols de Ramiers, on observe des Pigeons colombins, qui ne représentent que 2 à 5 % des effectifs (Charvoz et al. 1996). Au cours des années, ce pourcentage a légèrement augmenté, variant entre 2 % et 4 % pour les années 1990, approchant les 10 % entre 2004 et 2014, puis retombant vers 4 % ces dernières années. Grosso modo, le nombre de Colombins a varié autour de la valeur moyenne de 2336, sans grands écarts. Le pourcentage plus élevé, de 2004 à 2014, de Colombins parmi les vols de Ramiers pourrait s’expliquer par la diminution graduelle de ces derniers. Depuis 2015, le pourcentage plus faible est plutôt imputable à la diminution du nombre de Pigeons colombins passant par le défilé de l’Écluse."
defile-paper-2020,species,avibase-99B8841E,"Statut européen : LC (en augmentation).
Effectif max. : 1652 (2018).
Effectif min. : 1 (1993, 1994 et 1995).
Effectif moyen 1993-2019 : 103.
Record journalier : 790 le 17 novembre 2018.

Très rare au début du suivi, la Grue cendrée a vu ses effectifs considérablement augmenter dans la dernière décennie (fig. 3). Jusqu’en 2008, une cinquantaine d’individus au maximum franchissait le site de migration chaque automne (max. de 56 en 1995 et 2003). En 2009 et 2010, une légère augmentation s’est dessinée et la barre des 100 individus est passée en 2011. La montée en puissance a eu lieu en 2013, lorsque 876 individus ont été dénombrés. Par la suite, les effectifs ont été fluctuants, mais toujours supérieurs aux 100 oiseaux, avant de connaître un nouvel essor en 2018 (1652). La Grue migrant de nuit comme de jour, il est normal que le décompte des effectifs varie fortement, ce d’autant plus qu’elle peut aisément franchir les reliefs modérés comme ceux du Jura et des contreforts préalpins. L’essor constaté au cours de la dernière décennie est lié à l’apparition, en 2011, d’une voie de migration secondaire chez cette espèce, qui passait habituellement par une bande étroite reliant les grands lacs de Champagne au Pays basque. Ce nouveau flux prend naissance à Hortobagy, passe par Vienne, suit le versant nord de la chaîne alpine en traversant la Bavière et le Bade-Wurtemberg dans leur partie méridionale, le Plateau suisse et pénètre en France après avoir convergé à Genève, entre les monts du Jura au nord et les sommets de Haute-Savoie au sud (Salvi 2016). La mise en place de cette nouvelle voie est directement liée à l’augmentation généralisée des effectifs européens. Alors qu’elle était estimée à 35 000 individus au début des années 1980, la population transitant par la voie ouest-européenne est actuellement évaluée à plus de 350 000 Grues (Salvi 2016) ; celles franchissant le défilé de l’Écluse vont vraisemblablement hiverner en Camargue et en Catalogne. En Camargue, l’effectif hivernant est passé de 200 oiseaux en 2004 à 15 500 en 2018 (Kayser et al. 2018). Il est toutefois à noter que les hivernants camarguais sont aussi alimentés par une autre voie en provenance d’Italie."
defile-paper-2020,species,avibase-E2817DAE,"Statut européen : LC (en augmentation).
Effectif max. : 201 (2017).
Effectif min. : 42 (1993).
Effectif moyen 1993-2019 : 106.
Record journalier : 32 (9 septembre 2019). Bien que plus rare que sa cousine la Cigogne blanche, la Cigogne noire passe en nombre important au défilé de l’Écluse. Les effectifs y ont été relativement stables depuis le début du suivi jusqu’en 2006, fluctuant habituellement entre 70 et 90 individus (fig. 4). L’année 2007 (132 migratrices) a marqué le début de l’augmentation et les effectifs ont été toujours supérieurs à 100 dès 2009 (dont 5 années à plus de 150 oiseaux et un record à 201 individus en 2017), même s’ils semblent diminuer récemment. Les migratrices s’observent essentiellement lors des journées ensoleillées, réduisant les facilités de détection sur ciel bleu. Les individus solitaires ou en petits groupes passent alors plus facilement inaperçus que ceux pris dans les flux de rapaces. L’augmentation des effectifs depuis 1993 s’est assortie d’un changement de la phénologie saisonnière : alors que la majorité des sujets (80 %) passait entre le 1er et le 26 septembre de 1993

à 1997, elle transite désormais (2015-2019) du 6 août au 18 septembre. La période de passage s’est élargie (44 jours au lieu de 26), avec un pic anticipé de presque un mois et qui prend fin 8 jours plus tôt. Aucun décalage de phénologie n’a par contre été noté au col d’Organbidexka (Filippi-Codaccioni et al. 2016). En France, le défilé de l’Écluse représente le quatrième site d’importance pour le passage postnuptial de l’espèce, derrière Gruissan-Narbonne F11, la Redoute de Lindus F64 et le col d’Organbidexka F64 en 2007-2017 (période où tous les sites ont bénéficié d’un suivi régulier ; www.migraction.net). Les migrateurs y sont en augmentation et ont même dépassé les 1000 individus en 2017 à Organbidexka. Cette évolution fait écho à celles des effectifs nicheurs d’Europe de l’Ouest, qui semblent toutefois résulter d’un déplacement de la population de l’est du continent, où les tendances sont au déclin (pays Baltes) ou incertaines, notamment à cause de l’intensification de l’industrie forestière (Strazds 2003). Les oiseaux transitant par le Plateau suisse proviennent en partie de la République tchèque, de la Pologne et de la Slovaquie, comme en atteste la lecture de bagues (Dolata & Posse 2006). Notons enfin que si l’évolution positive du passage est aussi ostensible dans les Pyrénées, sa perception est marginale au détroit de Gibraltar, entonnoir de la voie occidentale, où les effectifs ne sont qu’en légère augmentation ; cela trahit sans doute un hivernage pour partie en péninsule Ibérique (Martin et al. 2016). Au détroit du Bosphore, les effectifs semblent assez stables (Fülöp et al. 2014)."
defile-paper-2020,species,avibase-28825494,"Statut européen : LC (en augmentation).
Effectif max. : 3339 (2019).
Effectif min. : 40 (1998).
Effectif moyen 1993-2019 : 868.
Record journalier : 370 (25 août 2017). La Cigogne blanche est l’un des migrateurs emblématiques du mois d’août. Autrefois, son passage automnal était faible, avec moins d’une centaine d’oiseaux recensés. Depuis le début des années 2000, les effectifs n’ont cessé de progresser, passant de 296 individus en 2000

à 3339 en 2019 (fig. 5). Cette augmentation remarquable vient en partie d’une meilleure détection des migratrices, qui longent très rarement le Jura et préfèrent passer à plusieurs kilomètres à l’est du point d’observation. Il a en effet été prouvé que, lors de certaines journées chaudes d’été, des vols trop éloignés ne sont pas détectés en raison des brumes de chaleur. Depuis une dizaine d’années, nous nous sommes en effet rendu compte qu’il était important qu’une personne se concentre toute la journée sur la partie est de la sphère d’observation pour repérer efficacement le passage de cette espèce. Cette attention accrue n’est toutefois possible qu’en cas de présence d’au minimum deux observateurs et a donc gagné en importance surtout depuis l’entrée en fonction de salariés, dès 2017. Outre une meilleure détection, cette augmentation s’explique aussi par l’accroissement des effectifs nicheurs en Suisse, où le nombre de couples en 2016 est de 456, ce qui constitue un triplement de la population depuis 1996 (Knaus et al. 2018), et dans une moindre mesure, en Allemagne. Dans ce pays, le nombre de couples a crû de 10 % entre 1994 et 2005, les effectifs passant de 4063 à 4482 couples nicheurs (Kestenholz et al. 2010). Les lectures de bagues réalisées en automne en Haute-Savoie (N = 239 depuis 1994) concernent majoritairement des oiseaux nés en Suisse (29 %) et en Allemagne (68 %) (base de données LPO74, 2018). Les lectures de bagues en Franche-Comté semblent prouver que la majorité des oiseaux suisses franchissent le défilé. En effet, seulement 7% (N = 382) des cigognes contrôlées sont helvétiques et proviennent majoritairement de l’extrême nord de la Suisse (S. Mass, LPO FC, comm. pers.). Les montagnes du Jura forment une barrière naturelle que ces cigognes ne franchissent que très rarement (Maumary et al. 2007). C’est certainement pour cette raison que les individus suisses privilégient la voie du défilé de l’Écluse et que les alsaciens passent surtout par la Franche-Comté. En Haute-Savoie, les oiseaux allemands proviennent uniquement du sud et du centre (www.crbpodata.mnhn.fr, 2018). L’essor des effectifs migrateurs se ressent aussi sur les différents cols pyrénéens, notamment à Organbidexka, où 242 individus ont été observés en 2000, contre 1404 lors de l’année record de 2017 (Dupuy & Urcun 2017). Une hausse moins flagrante est aussi constatée sur le site de Gruissan, le plus important pour la migration de l’espèce en France. Depuis le début du suivi annuel en 2006, les effectifs, bien qu’irréguliers à cause notamment d’une migration non détectable les jours sans tramontane, ont une tendance à la hausse avec, depuis 2010, six années totalisant plus de 5000 individus. Depuis 2017, les effectifs y sont toujours supérieurs à 8000, avec un record à 11 445 migratrices en 2018 (migraction.net). Au détroit de Gibraltar, la tendance à la hausse est similaire à celle enregistrée sur le site du défilé de l’Écluse (malgré l’hivernage croissant en péninsule Ibérique), et s’accélère même depuis 2007 avec, dans la décennie suivante, une année record à 102 403 individus (Martin et al. 2016). A contrario, un suivi réalisé entre 2004 et 2010 en Bulgarie n’a pu mettre en évidence de réelle hausse des effectifs en raison de résultats très fluctuants selon les années (Gerdzhikov et al. 2014). Au défilé de l’Écluse, 10 % des oiseaux ont migré le 21 août, alors que le seuil des 90 % est atteint au 11 septembre (moyennes sur les 27 années de suivi). On constate que le passage des 10 % de l’effectif s’est avancé de 10 jours pendant la période 1993-2019, tandis que celui des 90 % s’est retardé de 7 jours (fig. 6). En d’autres termes, le temps nécessaire à la migration de 80 % des Cigognes blanches au défilé de l’Écluse a passé de 12 à 29 jours en 27 ans. Il paraît possible que la plus grande précocité du passage soit consécutive à un achèvement de la nidification également plus précoce. La prolongation de la durée du transit serait davantage à relier à la poursuite des conditions climatiques propices à la migration de l’espèce jusqu’en début d’automne, le paramètre température étant le premier à prendre en considération, et à la tendance croissante d’hiverner en péninsule Ibérique. À Gibraltar, entre 1976 et 2010, les Cigognes blanches ont retardé leur passage automnal de 15 jours. Si ce décalage est bien clair entre 1970 et 2000, celui de la période 2000-2010 s’inverse vers des dates légèrement plus précoces (Scholer et al. 2016)."
defile-paper-2020,species,avibase-6429024D,"Statut européen : LC (en diminution).
Effectif max. : 1779 (2017).
Effectif min. : 81 (2003).
Effectif moyen 1993-2019 : 737.
Record journalier : 1084 (18 septembre 2001). Bien que les effectifs soient irréguliers, on note une nette augmentation depuis 2017, avec trois années consécutives à plus de 1400 oiseaux et une (2017), record, à 1779 individus (fig. 7). Le défilé de l’Écluse est ainsi le site le plus important pour le passage du Héron cendré en France (www.migraction.net) et probablement en Europe occidentale. Dans le Paléarctique occidental, c’est à Besh Bermag, en Azerbaïdjan, qu’on voit passer le plus grand nombre de Hérons cendrés, 2453 en moyenne annuelle, avec un record à 8613 en 2018 (www.trektellen.nl). Comme d’autres ardéidés, le Héron cendré voit ses effectifs européens augmenter. En Suisse par exemple, l’espèce avait quasiment disparu au début du XXe siècle. Depuis sa protection intégrale, la population a commencé à croître dès 1950 (Maumary et al. 2007). Le constat est le même au début des années 2000 dans le Paléarctique occidental, où seuls trois pays (Ukraine, Albanie et Lituanie) enregistrent une diminution de leurs populations (http://citeseerx.ist.psu.edu). En Autriche, les effectifs ont toutefois chuté de près de 40 % entre 1998 et 2016, suite à des tirs et des destructions de colonies, à l’échelle locale tout au moins (Knaus et al. 2018). Quoi qu’il en soit, les contrées d’où proviennent les hivernants français connaissent pour la plupart des augmentations d’effectifs, puisque les Hérons cendrés hivernants en France et ceux transitant potentiellement par le défilé proviennent essentiellement d’Europe occidentale (Zwarts et al. 2012) et des pays Baltes (www.crbpodata.mnhn.fr). Toutefois, on constate que l’augmentation des effectifs nicheurs de Hérons cendrés est largement antérieure à cette dernière décennie et ne peut donc expliquer la hausse récente du nombre de migrateurs sur le site. Cette hausse nous paraît dès lors relever avant tout d’un suivi accru durant les soirées d’août et de septembre. En effet, le Héron cendré est majoritairement un migrateur nocturne (Maumary et al. 2007) et les groupes les plus importants sur le site sont principalement observés au lever du jour et à la tombée de la nuit. Au défilé de l’Écluse, l’espèce migre cependant régulièrement en pleine journée, ce qui n’est pas le cas sur les cols alpins (H. Schmid, Station ornithologique suisse, comm. pers.)."
defile-paper-2020,species,avibase-49D9148A,"Statut européen : LC.
Effectif max. : 467 (2019).
Effectif min. : 0 (1993, 2001 et 2002).
Effectif moyen 1993-2019 : 103.
Record journalier : 77 le 2 octobre 2013.

Au début du suivi, la Grande Aigrette était un oiseau très rare, comptant une à trois migratrices les quatre premières années, puis moins de 10 jusqu’en 2000. Par la suite, les effectifs augmentent assez rapidement et dépassent les 100 oiseaux en 2005. La barre des 200 migrateurs est franchie en 2012, celle des 300 en 2013. Le record annuel est atteint en 2019 avec 467 individus (fig. 8). Contrairement à de nombreux ardéidés, les mœurs de la Grande Aigrette sont principalement diurnes (Maumary et al. 2007), ce qui permet de détecter la majorité du flux migratoire. Le défilé de l’Écluse est le site français, et probablement ouest-européen, le plus important pour l’observation du passage de la Grande Aigrette. Ailleurs en France, les effectifs sont réduits et le deuxième site d’importance est le Banc de l’Ilette, en baie de Somme F80 (max. de 189 ind. en 2017 ; www.migraction. net). Dans le reste de l’Europe, peu de sites accueillent des nombres importants de migrateurs, et les effectifs très fluctuants sont difficiles à comparer. L’espèce est cependant notée dans de nombreux pays, mais en nombres rarement supérieurs à 200 oiseaux. Dans le Paléarctique occidental, c’est en Azerbaïdjan que l’espèce est la plus abondante avec un maximum de 12 379 individus à Besh Barmag en 2018 (www.trektellen.org). Les effectifs nicheurs et hivernants permettent d’apprécier la dynamique des populations à l’échelle européenne et donc celle des migrateurs en Haute-Savoie. Abattue en nombre au XIXe siècle pour la plumasserie, l’espèce aurait pu disparaître (Maumary et al. 2007). Cependant, les mesures de protection et l’amélioration de l’offre alimentaire à la faveur de l’eutrophisation, de l’évolution de la pêche et de l’augmentation des rizières, tout comme l’importance prise par le gagnage dans les champs à l’automne-hiver, ont permis cet essor spectaculaire. Ainsi depuis 1989, l’espèce niche dans 14 nouveaux pays de l’Europe du Nord-Est, dont 7 après 2000. Elle s’est reproduite pour la première fois en France en 1994 (Issa & Muller 2015) et en Suisse en 2013, où le nombre de couples reste très faible (0-1) (Knaus et al. 2018). D’après les contrôles de bagues, les Grandes Aigrettes observées dans la moitié sud de la France proviennent en grande majorité de Hongrie, tandis que celles de la moitié nord sont originaires des pays de la mer du Nord, de la Baltique et de la Biélorussie (www.crbpodata. mnhn.fr). Ainsi, les oiseaux transitant par la Haute-Savoie devraient être en majorité d’origines hongroise et probablement autrichienne. En 1946, l’Autriche accueillait une centaine de couples nicheurs, tandis que 33 se reproduisaient en Hongrie en 1951 ; en 2014, ce dernier pays hébergeait entre 260 et 330 couples et le précédent plus de 300 (Ławicki 2014). Un oiseau biélorusse ayant déjà été contrôlé dans le sud de la France (crbpodata.mnhn.fr), il n’est pas impossible qu’une partie de ces oiseaux et de ceux du nord de l’Ukraine viennent hiverner dans l’Hexagone. À eux deux, ces pays rassemblent la majorité des nicheurs européens (6000 à 12 000 couples en 2012 ; Ławicki 2014). La Grande Aigrette montre une migration clairement orientée de l’est à l’ouest. L’effet entonnoir du plateau vers le défilé de l’Écluse est donc moins fort que pour les autres espèces, car rien n’empêche les oiseaux de franchir le Jura s’ils ont déjà passé les Alpes de l’est à l’ouest …"
defile-paper-2020,species,avibase-3DF5C587,"Statut européen : LC (en augmentation).
Effectif max. :19 625 (2019).
Effectif min. : 2724 (2005).
Effectif moyen 1993-2019 : 6569.
Record journalier : 1644 le 10 octobre 2017.

La perception de la migration du Grand Cormoran au défilé de l’Écluse est vraisemblablement un peu brouillée par des déplacements locaux d’individus partant en pêche à l’aval du site de comptage (suivant le Rhône et l’axe de migration principal vers le sud-ouest) et revenant à son amont en cours de journée (vers le nord-est). Le nombre d’oiseaux volant en direction du nord-est est toutefois très inférieur à celui prenant une direction sud-ouest (11,4 % en automne 1993 ; Matérac et al. 1996), et ne suffit pas à remettre en cause l’image du passage reflétée en fig. 9. Ce graphique montre clairement une augmentation des effectifs depuis 2011. Avec, toutefois, une variabilité importante selon les années, ce flux de migrateurs continue à croître, pour atteindre un maximum de 19 625 individus en 2019. Cette croissance est à relier avec celle des effectifs nicheurs de la sous-espèce Ph. c. sinensis de Suisse, d’Allemagne, voire du Danemark, de Fennoscandie et des Pays-Bas, hivernant en large partie dans la péninsule Ibérique (Orta et al. 2020). Toutefois, nous n’observons pas de tassement de la courbe extrapolée du passage au défilé de l’Écluse, comme c’est le cas pour les effectifs nicheurs depuis le début de la deuxième décennie du XXIe siècle en Allemagne (Gedeon et al. 2014) et en Suisse (Knaus et al. 2018), pour ne citer que ces deux pays. Néanmoins, ce tassement est tout relatif, car, en Suisse, le nombre de couples nicheurs a passé de 1506 en 2014 à 2479 en 2019 (Müller 2020). Plus près du défilé de l’Écluse, la colonie des Grands Cormorans de la réserve naturelle du delta de la Dranse (Publier, Haute-Savoie) a crû de 2 nids en 2015 à 34 en 2019 (www.haute-savoie.lpo.fr). Il est possible que cette non-concordance, du moins pour les dernières années, entre les deux courbes soit due à la pression d’observation, en particulier en tout début de matinée où le passage du Grand Cormoran est le plus intense et de courte durée (Voisin & Posse 2005). En effet, le suivi « dès le lever du jour », qui n’était auparavant assuré qu’à partir du passage du Pigeon ramier, a été avancé dans la saison depuis que deux observateurs permanents sont présents sur les lieux, soit depuis 2017. La sous-espèce Ph. c. sinensis est principalement migratrice : les populations occidentales se déplacent en nombre croissant vers l’ouest de l’Europe, autant en Méditerranée qu’à l’intérieur des pays et sur les côtes, atteignant même le golfe Persique ; la population nichant dans le nord-est de l’Allemagne a modifié considérablement sa voie de migration depuis les années 1930 : de façon croissante, les oiseaux hivernent plus près de leurs colonies et à l’intérieur des terres, au détriment de la voie sud-est longeant la côte est de l’Adriatique (Hermann et al. 2015). L’analyse des dates correspondant aux passages des 10 % et des 90 % des effectifs au défilé de l’Écluse montre que celle du passage des 10 % (début affirmé de la migration) s’est avancé d’une vingtaine de jours, ce qui est considérable, alors que celle du passage des 90 % (fin du corps de la migration) n’a pas, visiblement, changé durant la période 1993-2019 (fig. 10). Ainsi, on constate que l’étendue du passage du Grand Cormoran au défilé de l’Écluse s’est accrue de trois semaines dans la période considérée. Hormis le biais méthodologique possible dû à la présence des permanents dès les aurores, ce décalage pourrait provenir du fait que beaucoup de Cormorans nichant maintenant en Suisse romande ont moins de chemin à parcourir pour passer le défilé de l’Écluse que ceux qui viennent d’Allemagne et de la mer du Nord. En effet, à partir d’août déjà, plus des deux tiers des oiseaux de première année et un tiers des plus âgés ont quitté leurs sites au nord de la latitude 46°N et se trouvent en dehors de la Suisse, soit en France et en Espagne, voire en Afrique du Nord (Antoniazza et al. 2012). Il se pourrait aussi que, au cours des ans, les oiseaux nicheurs d’Europe occidentale arrivent plus tôt dans leurs colonies. Dans ce cas, il est compréhensible que les départs en migration soient avancés, ce qui pourrait être dû aux changements climatiques. En se basant sur les dates des premières nidifications certaines en Suisse, excepté le Tessin (les oiseaux nichant dans ce canton ne passant pas par le défilé de l’Écluse), il semble que le début de celles-ci s’est avancé d’une bonne dizaine de jours de 2006 à 2019. Quant à la fin des nidifications certaines, on constate qu’elles sont retardées d’une cinquantaine de jours dans la même période (www.ornitho.ch)."
defile-paper-2020,species,avibase-66AA3934,"Statut européen : LC.
Effectif max. : 822 (2019).
Effectif min. : 0.
Effectif moyen 1993-2019 : 107.
Record journalier : 458 le 8 septembre 2018.

De 1993 à 1999, aucun Guêpier d’Europe n’a été signalé au défilé de l’Écluse, puis la présence de l’espèce s’est faite irrégulière de 2000 à 2012, impliquant alors moins d’une centaine d’individus. Depuis 2013, le Guêpier est annuel et en forte augmentation, atteignant 822 individus en 2019 (fig. 11). Cet essor rapide est sans doute à relier à l’extension de l’aire de nidification, notée depuis près de 60 ans, en Europe centrale et septentrionale. En Suisse, suite à la première nidification à Ottenbach ZH en 1991, le Guêpier comptait 1-5 couples en 2-3 sites en 1993-1996, contre 53 en 8 sites en 2013, et 72en 15 stations en 2016 (Knaus et al. 2018). En Allemagne, d’où doit provenir la majorité des migrateurs observés au défilé de l’Écluse, l’augmentation est particulièrement nette, avec un seul couple nicheur en 1982, 944 en 2010 et 3495 en 2019 (H.-V. Bastian, fide H. Schmid, Station ornithologique suisse, comm. pers.). En France, l’aire de reproduction a augmenté de 2,26 % en moyenne de 1985 à la fin du XXe siècle. Cette dynamique semble cependant s’achever et la population se stabilise, voire décline sensiblement au XXIe siècle (Issa & Muller 2015). Il est tentant d’attribuer cette augmentation des effectifs nicheurs au réchauffement climatique, mais pas seulement. Des mesures de protection et la création d’habitats favorables à la nidification ont été prises dans divers pays (Suisse, Allemagne, etc.). En première approche, en 2019 (fig. 12), les effectifs de Guêpiers migrateurs présentent deux pics séparés d’environ deux semaines, l’un aux alentours du 2 septembre, l’autre autour du 15 septembre. Aux cols de Cou/Bretolet VS, le 18 septembre 2019, 159 Guêpiers (nombre inhabituellement élevé) ont été observés en migration (K. Gourvennec, M.-A. Bianco, M. Maire). On remarque que cette date correspond, à 3 jours près, au 2e pic du passage au défilé de l’Écluse. Cette phénologie en deux temps vaut aussi pour le passage automnal en Suisse ; on la doit aux oiseaux allemands, qui arrivent deux à trois semaines plus tard que les populations plus méridionales sur leurs sites de reproduction et les quittent à l’automne avec le même décalage temporel (H. Schmid, comm. pers.)."
defile-paper-2020,species,avibase-D4C32F8E,"Statut européen : LC.
Effectif max. : 2231 (1994).
Effectif min. : 0 (2018).
Effectif moyen 1993-2019 : 519.
Record journalier : 433 le 29 octobre 1997.

L’effectif saisonnier du Choucas des tours accuse une diminution, d’abord assez accentuée jusqu’au milieu de la première décade du XXIe siècle, puis plus modérée, avec toutefois des nombres extrêmement faibles certaines années (fig. 13). Pendant l’automne 1994, la migration des corvidés noirs s’est répartie en 94 % de Freux et 6 % de Choucas (Charvoz et al. 1996). Bien que subissant de grandes variations au cours des ans, ce pourcentage a augmenté significativement depuis 2008 pour atteindre une valeur où le nombre de Choucas avoisine la moitié de celui des Freux. À l’exception de l’Allemagne, où les populations ont décliné jusqu’à la fin du XXe siècle pour se stabiliser ensuite (Gedeon et al. 2014), les tendances récentes des populations nicheuses sont positives en Suisse et dans ses pays voisins, alors que la population européenne est stable (Knaus et al. 2018). En France, on enregistre un déclin modéré dans la période 1989-2000, puis une forte augmentation de 2001 à 2012 (Issa & Muller 2015). La diminution du volume du passage au défilé de l’Écluse pourrait ainsi refléter le déclin des nicheurs allemands (selon ce que semblent indiquer les reprises de bagues ; Bairlein et al. 2014), comme une sédentarisation croissante des populations de Suisse et d’Allemagne."
defile-paper-2020,species,avibase-1078FFEA,"Statut européen : LC (en diminution).
Effectif max. : 37 509 (1994).
Effectif min. : 28 (1996).
Effectif moyen 1993-2019 : 5378.
Record journalier : 9350 le 30 octobre 1994.

Le Corbeau freux est de loin l’espèce de corvidé la plus abondante qui transite par le défilé de l’Écluse vers ses quartiers d’hiver (Charvoz et al. 1996). Malgré le fait qu’on observe une constante augmentation des effectifs nicheurs en Europe centrale et orientale, le nombre de migrateurs est passé de 90 000 à 100 000 dans les années 1970-1980 à une moyenne de 17 341 (8648-37 509) en 1993-1999 (excepté 1996, en raison de données brutes non disponibles) et à seulement 3636 (1808-5947) en 2000-2005. Dès lors, le passage des Freux devient anecdotique, avec moins de 2000 individus, voire de 500 depuis 2014 (fig. 14). Cette chute résulte probablement d’une plus grande proportion de Freux stationnant en hiver plus à l’est en Europe, plutôt qu’à une réduction des nicheurs dans leurs lieux d’origine (Bairlein et al. 2014), sédentarisation hivernale elle-même liée au réchauffement climatique (Maumary et al. 2007). Le temps semble révolu, où des centaines, des milliers d’oiseaux noirs se succédaient en vols serrés, et formaient parfois une procession ininterrompue dans le ciel (Géroudet 1998) ! Quant au passage du Freux de l’autre côté du Jura, au Crêt des Roches, force est de constater que, sur les dix dernières années, les effectifs sont restés assez stables et en tous cas plus importants qu’au défilé de l’Écluse. Aucune diminution drastique des migrateurs n’est à signaler non plus au nord de l’Europe, où les effectifs comptés sur tous les sites d’observation de la migration postnuptiale en Suède ont plutôt tendance à augmenter depuis 2010, après une faible diminution durant la première décennie du XXIe siècle (www.trektellen.org). À l’instar du Pigeon ramier, il semble que les populations de Freux qui transitent par le défilé de l’Écluse ne sont pas les mêmes que celles passant de l’autre côté du Jura, ces dernières provenant du nord de l’Europe. Les migrateurs transitant encore par le défilé de l’Écluse proviendraient d’Europe centrale."
defile-paper-2020,species,avibase-742EC2F1,"Statut européen : vulnérable (VU).
Effectif max. : 1944 (2013).
Effectif min. : 65 (2001).
Effectif moyen 1993-2019 : 555.
Record journalier : 980 le 17 octobre 1998.

La taille plus faible de la Lulu, et surtout sa queue nettement plus courte, la caractérisent dans les vols d’Alouettes des champs Alauda arvensis auxquels elle est souvent associée (Charvoz et al. 1996). Elle apparaît en nombres nettement moins importants, exception faite pour l’année 1993, et représente environ 12 % des effectifs de cette dernière (min. 1,15 (2018), max. 37,3 (2013)). L’histogramme de son passage annuel au défilé de l’Écluse (fig. 15) suit étonnamment bien la tendance des effectifs nicheurs en Suisse (Knaus et al. 2018) pendant la période traitée. On remarque ainsi une diminution tant des effectifs nicheurs en Suisse que des migrateurs au défilé jusqu’à la fin du XXe siècle, puis une faible remontée depuis le début du XXIe siècle. L’essentiel de la modeste population helvétique étant valaisanne, il apparaîtrait cependant étonnant que cette dernière transite par le défilé de l’Écluse, qui doit plutôt capter les oiseaux jurassiens et des populations d’Europe centrale. En effet, l’aire principale de nidification, en Allemagne, est située dans le quart nord-est du pays (Gedeon et al. 2014) et les reprises de bagues indiquent que les migrateurs germaniques empruntent une voie de l’autre côté du Jura (Bairlein et al. 2014) et ne passent pas par le défilé de l’Écluse."
defile-paper-2020,species,avibase-ED2AC04E,"Statut européen : LC (en diminution).
Effectif max. : 42 821 (1998).
Effectif min. : 486 (1993).
Effectif moyen 1993-2019 : 6289.
Record journalier : 37 670 le 17 octobre 1998.

Abstraction faite de l’exceptionnel automne 1998, force est de constater qu’on ne peut déceler aucune tendance à la baisse ou à la hausse du nombre d’Alouettes des champs passant au-dessus du défilé de l’Écluse de 1993 à 2019 (fig. 16). Pourtant, partout en Europe, on constate un effondrement des populations nicheuses depuis les années 1970, qui, de 1969 à 1991, a pu atteindre 54 % des effectifs en Grande-Bretagne et 75 % en Hollande (Donald & Garcia 2020). En France, le STOC-EPS montre que la tendance à la baisse des populations nicheuses se poursuit atteignant 30 % sur 1989-2013 (Issa & Muller 2015), 16,5 % en 2018 en région Rhône-Alpes (Vernet 2019). Or, cette chute des effectifs nicheurs ne paraît pas affecter le transit au défilé de l’Écluse. Premièrement, cela pourrait provenir du fait qu’en hiver des « contingents d’oiseaux d’Europe centrale et de Scandinavie s’ajoutent aux populations nicheuses, elles-mêmes partiellement migratrices, principalement selon un axe est-ouest » (Issa & Muller 2015). Deuxièmement, le réchauffement climatique général a entraîné une plus grande proportion d’oiseaux restant toute l’année dans leurs aires de nidification, ces dernières décades (Donald & Garcia 2020). Enfin, la migration de l’espèce est essentiellement nocturne et la part des migrateurs recensés est peut-être non représentative. Le déclin de l’Alouette des champs est largement dû à une intensification de l’agriculture, et des recherches récentes indiquent que les changements dans la conduite des cultures céréalières et des prairies (amenant à la diminution des sites de nidification et des ressources alimentaires) en sont les causes principales (Donald & Garcia 2020), sans toutefois omettre la pression de chasse dans certains pays, par exemple 468 000 oiseaux tués en France pendant la saison 2013-2014 (Eraud et al. 2017)."
defile-paper-2020,species,avibase-D8D10F2C,"Sept années d’invasions ont été enregistrées (1993, 1996, 2005, 2010, 2012, 2017 et 2019 ; fig. 17). Si celle de 1993 ne nous a permis de comptabiliser que 70 Geais, la plus importante, en 2019, en a compté 1561, ce qui est toutefois très en-deçà des effectifs dénombrés sur la rive nord du lac de Constance, plus de 130 000 ce même automne (H. Schmid, comm. pers.). Bien qu’importante, cette dernière invasion semble avoir été moins notable en Romandie et en France orientale, en témoignent d’autres sites, comme celui du Crêt des Roches F25, où 13 398 oiseaux ont été comptés (www.migraction.net), celui du col de Bretolet VS, où 135 individus ont été capturés, alors que l’espèce est habituellement très peu baguée (S. Marti, Station ornithologique suisse, comm. pers.) ou encore celui du col de Jaman VD, où 2019 a inscrit un record de captures (38 ; médiane 1991/1994-2019 : 4 ; L. Vallotton, Groupe d’Etudes faunistiques du col de Jaman, comm. pers.). Pour migrer, les Geais suivent les massifs boisés (Schmitz 1986) et se déplacent sur de larges fronts, comme en attestent les données de migration automnales récoltées sur l’ensemble de la Haute-Savoie et notamment sur le bassin genevois (haute-savoie.lpo.fr). De plus, les Geais peuvent emprunter les cols alpins, comme à Chamonix F74 (Cl. Giacomo, obs. pers.) ou à Samoëns F74 (haute-savoie.lpo.fr). L’addition de ces éléments montre que de nombreux individus passent inaperçus et que les effectifs comptabilisés sur le site de suivi sont bien inférieurs au passage réel de l’espèce. Les invasions de Geais sont liées à une faible production de glands dans les pays nordiques couplée à un bon taux de reproduction. En effet, lors d’années avec une mauvaise production de glands et à conditions météorologiques pluvieuses au printemps, la reproduction des Geais est affectée et aucune invasion n’est constatée en Norvège (Selas 2017). Il peut cependant s’y produire des invasions sans que les oiseaux n’atteignent la France, ou alors en nombre insignifiant comme en 2008, 2015 ou 2019."
defile-paper-2020,species,avibase-9BE53D34,"Six automnes d’invasions ressortent des 18 comptant des migratrices (fig. 18), la plus importante étant 2017 avec 13 106 individus recensés. La Mésange bleue est aussi notée en migration sur des cols alpins où, certaines années, des mouvements sont détectés alors qu’aucune migratrice n’est observée au défilé de l’Écluse. Ce fut notamment le cas en 2000, où 549 Mésanges bleues ont été baguées à Bretolet VS (S. Marti, comm. pers.). Cependant, l’espèce semble préférentiellement emprunter des voies de plaine, puisque le nombre de migratrices au défilé est habituellement plus élevé que celui à Bretolet. Toutefois, comme tous les passereaux, la Mésange bleue migre sur un large front et il peut alors être difficile de détecter des mouvements de faible intensité. À cela s’ajoute le fait que l’espèce apprécie se déplacer lentement de buissons en buissons (Nowakowski 2003). Ces dernières années, on constate que le nombre de migratrices tend à augmenter, tout comme la récurrence des invasions. Il en est de même en Suède, à Falsterbø, où les ornithologues expliquent cela par le fait que la population suédoise de Mésanges bleues est en pleine augmentation, provoquant alors presque annuellement des déplacements de jeunes oiseaux. Lors d’années à faible fructification de bouleaux, les mésanges sont plus nombreuses à migrer et atteignent alors l’Europe de l’Ouest (Zucca 2015)."
defile-paper-2020,species,avibase-166CD440,"Six automnes d’invasions ressortent également parmi les dix comptant un passage de Mésange noire (fig. 19). C’est aussi 2017 qui fut la plus importante (219 individus). Les effectifs de Mésanges noires sont minoritaires en regard de ceux des deux autres espèces de paridés migratrices. L’explication semble venir du fait que les Mésanges noires apprécient se déplacer au sein de milieux qui ne lui sont pas trop étrangers (Scherrer 1972), en particulier ceux abritant des conifères (Maumary et al. 2007), absents aux abords du site de suivi. Voici qui explique sans doute les effectifs bien plus fournis passant en des sites de montagne, par exemple en 2012, où seuls 42 oiseaux ont été détectés au poste du défilé de l’Écluse, alors qu’on en a compté 1244 en 10 jours de suivi au col de Balme VS/F74 (Cl. Giacomo, obs pers.) et que 3622 captures (record 1991/1994-2019 ; médiane 135) ont été réalisées au col de Jaman VD (L. Vallotton, comm. pers.) ou en 2017, lorsque 12 602 individus sont bagués au col de Bretolet VS (S. Marti, comm. pers.)."
defile-paper-2020,species,avibase-E15BC0CB,"Cinq années d’invasions s’individualisent chez cette espèce, qui a été observée lors de 8 années (fig. 19). Les premières migratrices sont notées en 2007 et la première irruption est constatée l’année suivante. On pourrait alors croire que l’espèce s’est récemment mise à migrer, mais ce n’est pas le cas puisque de nombreuses années d’invasions ont été mentionnées par le passé, avec, il est vrai, un important hiatus entre 1972 et 1993 (Maumary et al. 2007 ; S. Marti, comm. pers.). Cependant, les invasions perçues au col de Bretolet VS en 1993, 1996, 2000, et 2005 n’ont pas été remarquées au défilé de l’Écluse, tout comme en 2014. En 2018, un constat inverse prévaut, puisque 24 migratrices sont notées sur notre site, contre 4 captures à Bretolet. Le passage de Mésange charbonnière le plus important au défilé de l’Écluse est 2019 (589 migratrices). Cette même année, 339 individus ont été bagués à Bretolet (S. Marti, comm. pers). Avec 2018, il s’agit de la seule année où le contingent du défilé est supérieur à celui de Bretolet. Tout comme pour la Mésange bleue, il semble que la Charbonnière puisse emprunter différentes voies, en plaine ou en montagne. Les invasions chez cette espèce sont notamment liées à la production de faînes et de noisettes mais, contrairement à la Mésange bleue, elles ne semblent pas liées à l’augmentation des populations nordiques, celles-ci étant stables (Nowakowski 2003)."
defile-paper-1996-II,species,avibase-49D9148A,"Le 17 octobre, un individu a été observé en compagnie de huit Hérons cendrés."
defile-paper-1996-II,species,avibase-3395DCF1,"Le 18 octobre, un passe isolément (date assez tardive)."
defile-paper-1996-II,species,avibase-5EAB32D3,1 ind. le 13 nov.
defile-paper-1996-II,species,avibase-27903EF7,2 ind. le 6 septembre.
defile-paper-1996-II,species,avibase-F029489A,28 ind. le 11 novembre.
defile-paper-1996-II,species,avibase-2DABF98F,17 ind. le 25 septembre.
defile-paper-1996-II,species,avibase-082F3A63,4 ind. le 18 juillet.
defile-paper-1996-II,species,avibase-3BB5CBA6,1 ind. le 15 septembre.
defile-paper-1996-II,species,avibase-39086887,"1 adulte en phase claire, le 10 octobre."
defile-paper-1996-II,species,avibase-2D52E3A5,Un adulte le 16 septembre et un autre le 14 octobre.
defile-paper-1996-II,species,avibase-00DA9D91,"Trois immatures le 15 août, un adulte le 16 septembre, 1 immature le 11 novembre."
defile-paper-1996-II,species,avibase-FB02DD96,"Les mouvements de ce Laridé sont difficiles à analyser. Des vols de mouettes tournent longuement en prenant de l’altitude, puis redescendent ou s’en vont dans des directions variées. Cependant, en automne, surtout en septembre et octobre, certains groupes finissent par partir en formations triangulaires vers le sud-ouest."
defile-paper-1996-II,species,avibase-BC06BC0D,"Le passage, en partie nocturne, des autres Laridés n’est perçu que de manière anecdotique: Sterne caspienne, Sterna caspia. 1 adulte le 28 août."
defile-paper-1996-II,species,avibase-4E6EF3F9,"La migration a commencé déjà un peu le 18 juillet et a augmenté progressivement jusqu’au 2 août. Elle n’a vraiment été spectaculaire, ou peut-être seulement visible, que le 5 août. Ce jour-là, il y avait des Martinets noirs littéralement partout, aussi haut que jumelles et longues-vues pouvaient porter, passant en direction SO contre un vent faible. Cette migration visible, très intense, a duré jusque vers 11 h 30 pour diminuer ensuite. Les jours suivants, la présence de cette espèce n’a été que sporadique. Les deux derniers individus ont été observés les 11 et 20 septembre."
defile-paper-1996-II,species,avibase-FA1CAD29,"Ce martinet n’a été noté qu’en petits nombres: 4 le 18 juillet, 1 le 12 septembre, 3 le 17 septembre et 1 le 20 septembre."
defile-paper-1996-II,species,avibase-FA2F9125,1 ind. le 9 septembre.
defile-paper-1996-II,species,group-hirondelles-rustique-fenetre-rivage,"La migration visible de ces hirondelles a débuté le 11 septembre et s’est poursuivie, avec une bonne intensité, jusqu’au 10 octobre. Après cette date, le passage n’a été que sporadique, les dernières hirondelles (3 Hirondelles rustiques et 1 H. de fenêtre) ayant été notées le 3 novembre. Une évaluation semi-quantitative a été réalisée par un comptage d’une minute par quart d’heure, puis par extrapolation. Nous pouvons ainsi estimer qu’au moins 130’000 hirondelles ont transité dans notre sphère d’observation, avec un maximum de 50’000 le 19 septembre."
defile-paper-1996-II,species,avibase-6F2AF9D0,6 ind. le 9 octobre.
defile-paper-1996-II,species,avibase-CE71B4FF,2 ind. le 4 octobre.
defile-paper-1996-II,species,avibase-A8A85BCF,6 ind. le 4 novembre.
defile-paper-1996-II,species,avibase-89C42590,1 ind. le 17 octobre. Cette espèce est très régulière comme hivernante à Fort l’Écluse lui-même.
defile-paper-1996-II,species,avibase-D8D10F2C,"En 1993, et cela ne s’était pas produit depuis assez longtemps, des geais assez nombreux ont passé du 6 septembre au 10 octobre (224 ind. notés), avec un maximum de 70 ind. le 19 septembre."
defile-paper-1996-II,species,avibase-D9B001DF,"Quelques ind. paraissaient migrer avec les geais; 1 le 26 septembre, 3 le 5 octobre."
defile-paper-1996-II,species,avibase-94A44032,"4’152 ind. en déplacement sud-ouest du 27 septembre au 14 novembre, avec un maximum de 1’233 le 18 octobre."
defile-paper-1996-II,species,avibase-6364E4A5,"Parmi les quelque 402’000 petits passereaux migrateurs estimés, selon notre méthode d’estimation et dans notre sphère d’observation, le Pinson des arbres représente sans doute l’espèce la plus commune en migration."
defile-paper-1996-II,species,avibase-65BD2033,Noté le 27 septembre.
defile-paper-1996-II,species,avibase-9820CECA,"Quelques ind. les 27 septembre, 5 et 14 octobre."
defile-paper-1996-II,species,avibase-84E1F114,Noté le 5 octobre.
defile-paper-1996-II,species,avibase-56FB47C0,Noté le 27 septembre.
