year,category,key,text
2004,monitoring,effort,"Le suivi de la migration postnuptiale a duré du 11 juillet au 2 décembre 2004, soit 143 jours, dont il faut déduire 22 jours de pluie importante : restent 121 jours d'observation pas toujours facile en raison de la brume fréquente et parfois assez dense."
2004,weather,season,"Les jours de brume de chaleur en juillet-août n'ont pas facilité l'observation et nous ont certainement fait manquer une partie des Milans noirs Milvus migrans, tout comme la brume par froid et vent du nord, en novembre, qui nous a sans doute privé d'une partie des Eperviers Accipiter nisus, des Buses variables Buteo buteo et des Busards Saint-Martin Circus cyaneus.

22 jours de pluie importante ont été déduits du suivi. L’observation n’a pas toujours été facile en raison de la brume fréquente et parfois assez dense."
2004,results,overview,"Le passage de la Grande Aigrette Egretta alba au Fort l'Ecluse F74/F01 a battu Un nouveau record.

Les jours de brume de chaleur en juillet-août n'ont pas facilité l'observation et nous ont certainement fait manquer une partie des Milans noirs Milvus migrans, tout comme la brume par froid et vent du nord, en novembre, qui nous a sans doute privé d'une partie des Eperviers Accipiter nisus, des Buses variables Buteo buteo et des Busards Saint-Martin Circus cyaneus. Par contre, cinq espèces ont été observées en nombres importants, records même pour la Cigogne noire Ciconia nigra (122 individus), la Cigogne blanche C. ciconia (425 ind., y compris les 40 signalés par J. Dufour le à Vers F74), la Grande Aigrette Egretta alba (124 ind.) et — surtout — le Milan royal Milvus milvus (2852 ind.) ; la Bondrée Pernis apivorus fut elle aussi très abondante (6136 ind., dont un pic de 2509 le seul 31.8).

Au chapitre des oiseaux de plus faible taille, nous relèverons que les Martinets noirs Apus apus passaient déjà en grand nombre le 11 juillet, au premier jour de notre permanence. Le pic de leurs mouvements semblait se situer le 14 juillet, où plus de 20 000 oiseaux ont été remarqués ; le passage se poursuivait encore alors que le jour baissait.

Le passage des hirondelles fut très marqué en septembre et au début d'octobre, puis il a rapidement diminué. Les dernières ont été vues le 20 octobre pour l'Hirondelle de fenêtre Delichon urbica et le 8 novembre pour l'Hirondelle rustique Hirundo rustica.

Des cris de Pinsons du Nord Fringilla montifringilla ont été entendus à partir du 9 octobre. Le 22 novembre, une colonne d'environ 1000 individus se dirigeait vers le nord !"
2004,species,avibase-ED5A7E8F,"Très abondante cette année, avec 6136 individus, dont un pic de 2509 le seul 31 août."
2004,species,avibase-F558C7F9,"La brume par froid et vent du nord, en novembre, a sans doute privé les observateurs d'une partie des Eperviers, des Buses variables et des Busards Saint-Martin."
2004,species,avibase-3C0C325D,"La brume par froid et vent du nord, en novembre, a sans doute privé les observateurs d'une partie des Eperviers, des Buses variables et des Busards Saint-Martin."
2004,species,avibase-28825494,"Passage record avec 425 individus, y compris les 40 signalés par J. Dufour à Vers (Haute-Savoie)."
2004,species,avibase-E2817DAE,Passage record avec 122 individus.
2004,species,avibase-49D9148A,Passage record avec 124 individus.
2004,species,avibase-30FEC6BE,"Le passage des hirondelles fut très marqué en septembre et au début d'octobre, puis il a rapidement diminué. Les dernières ont été vues le 20 octobre pour l'Hirondelle de fenêtre Delichon urbica et le 8 novembre pour l'Hirondelle rustique Hirundo rustica."
2004,species,avibase-58C502EA,"Le passage des hirondelles fut très marqué en septembre et au début d'octobre, puis il a rapidement diminué. Les dernières ont été vues le 20 octobre pour l'Hirondelle de fenêtre Delichon urbica et le 8 novembre pour l'Hirondelle rustique Hirundo rustica."
2004,species,avibase-4E6EF3F9,"Les Martinets noirs passaient déjà en grand nombre le 11 juillet, au premier jour de notre permanence. Le pic de leurs mouvements semblait se situer le 14 juillet, où plus de 20 000 oiseaux ont été remarqués ; le passage se poursuivait encore alors que le jour baissait."
2004,species,avibase-06D9A2C8,Les jours de brume de chaleur en juillet-août n'ont pas facilité l'observation et ont certainement fait manquer une partie des Milans noirs.
2004,species,avibase-451D6FC8,Passage record avec 2852 individus.
2004,species,avibase-E16B2C03,"Des cris de Pinsons du Nord Fringilla montifringilla ont été entendus à partir du 9 octobre. Le 22 novembre, une colonne d'environ 1000 individus se dirigeait vers le nord !"
2004,species,avibase-DB376A66,"La brume par froid et vent du nord, en novembre, a sans doute privé les observateurs d'une partie des Eperviers, des Buses variables et des Busards Saint-Martin."
2005,monitoring,effort,"Le suivi de la migration post-nuptiale a duré du 10 juillet au 13 décembre (157 jours), dont il faut déduire 21 jours de pluie, 19 de brouillard matinal au sol (parfois jusqu'en début d'après-midi) et 17 de brume élevée avec brouillard (où l'on ne voyait presque rien le matin et un peu plus l’après-midi). Par ailleurs, fin novembre et début décembre, il a souvent soufflé une bise assez forte et froide, qui a décidé beaucoup de Milans royaux Milvus milvus et de Buses variables Buteo buteo à partir."
2005,weather,season,"La brume de chaleur n'est pas un vrai mauvais temps mais gêne beaucoup l'observation des oiseaux, surtout rapaces, passant très haut et peu visibles.

La saison compte 21 jours de pluie, 19 de brouillard matinal au sol (parfois jusqu’en début d’après-midi) et 17 de brume élevée avec brouillard, où l’on ne voyait presque rien le matin et un peu plus l’après-midi. Fin novembre et début décembre, une bise assez forte et froide a décidé beaucoup de Milans royaux et de Buses variables à partir."
2005,results,overview,"Le Milan royal Milvus milvus passe en nombres croissants au Fort l'Ecluse F01/F74. Il paraît peu probable que seule l'augmentation de la population suisse puisse expliquer ce phénomène.

Malgré ce « mauvais temps » (la brume de chaleur n'est pas un vrai mauvais temps mais gêne beaucoup l'observation des oiseaux, surtout rapaces, passant très haut et peu visibles), nous avons fait plus d'observations en 2005 que les années précédentes et de nouveaux records ont été enregistrés: 501 Cigognes blanches Ciconia ciconia (425 en 2004), 189 Grandes Aigrettes Egretta alba (124), 10016 Bondrées apivores Pernis apivorus (6136) et surtout 4479 Milans royaux (2852). Par contre, les oiseaux passant tôt dans la saison, isolément ou à grande hauteur sont peu nombreux: Milans noirs Milvus migrans, busards, Balbuzards pêcheurs Pandion haliaetus, faucons.

Quatre espèces (Bondrée, Milans noir et royal, Buse variable Buteo buteo) ont représenté 94% de l'ensemble des rapaces. Les Milans royaux sont en constante augmentation depuis plusieurs années, contrairement à ce qui est annoncé ailleurs en Europe (Espagne, Organbidexka, etc.)"
2005,species,avibase-1327AC55,"Les oiseaux passant tôt dans la saison, isolément ou à grande hauteur, dont les Balbuzards pêcheurs, sont peu nombreux. La brume de chaleur gêne beaucoup l'observation des rapaces passant très haut et peu visibles."
2005,species,avibase-ED5A7E8F,"Nouveau record avec 10016 individus, contre 6136 en 2004, malgré la brume de chaleur qui gêne beaucoup l’observation des rapaces passant très haut et peu visibles."
2005,species,avibase-3C0C325D,"Avec la Bondrée et les Milans noir et royal, la Buse variable représente 94 % de l'ensemble des rapaces. Fin novembre et début décembre, une bise assez forte et froide a décidé beaucoup de Milans royaux et de Buses variables à partir."
2005,species,avibase-28825494,"Nouveau record avec 501 individus, contre 425 en 2004, malgré les mauvaises conditions d’observation de la saison."
2005,species,avibase-49D9148A,"Nouveau record avec 189 individus, contre 124 en 2004, malgré les mauvaises conditions d’observation de la saison."
2005,species,avibase-06D9A2C8,"Les oiseaux passant tôt dans la saison, isolément ou à grande hauteur, dont les Milans noirs, sont peu nombreux. La brume de chaleur gêne beaucoup l'observation des rapaces passant très haut et peu visibles. Avec la Bondrée, le Milan royal et la Buse variable, le Milan noir représente 94 % de l'ensemble des rapaces."
2005,species,avibase-451D6FC8,"Le passage est en constante augmentation depuis plusieurs années au Fort l’Ecluse, contrairement à ce qui est annoncé ailleurs en Europe (Espagne, Organbidexka, etc.). Il paraît peu probable que seule l'augmentation de la population suisse puisse expliquer ce phénomène.

Un nouveau record est enregistré avec 4479 individus, contre 2852 en 2004, malgré les mauvaises conditions d’observation de la saison. Fin novembre et début décembre, une bise assez forte et froide a décidé beaucoup de Milans royaux et de Buses variables à partir.

Avec la Bondrée, le Milan noir et la Buse variable, le Milan royal représente 94 % de l'ensemble des rapaces."
2006,monitoring,effort,"Le suivi de la migration post-nuptiale a duré du 12 juillet au 13 décembre, mais l'observation n'a été continue qu'à partir du 25 juillet (142 jours). Il faut en déduire 25 jours de pluie et signaler 18 jours de vent du sud-ouest, très fort et gênant pour les migrateurs, ainsi que - et surtout — 47 jours brumeux à très brumeux (suffisamment pour entraver l'observation). I reste 99 jours effectifs de migration, y compris les jours de «brume de beau temps», lors de voiles parfois brunâtres, vers 1000 m d'altitude, en période anticyclonique. Le grand nombre de rapaces indéterminés (214) est à mettre sur le compte des oiseaux passant loin, lors des journées de brume."
2006,weather,season,"La saison compte 25 jours de pluie, 18 jours de vent du sud-ouest très fort et gênant pour les migrateurs, ainsi que 47 jours brumeux à très brumeux, suffisamment pour entraver l’observation. La « brume de beau temps » correspond à des voiles parfois brunâtres, vers 1000 m d’altitude, en période anticyclonique. Le grand nombre de rapaces indéterminés (214) est à mettre sur le compte des oiseaux passant loin lors des journées de brume."
2006,results,overview,"Le Busard St-Martin Circus cyaneus a passé en effectifs réduits cet automne.

Un peu plus de 30000 rapaces ont été détectés. Ceux qui passent tôt dans la saison (Bondrée apivore Pernis apivorus, Milan noir Milvus migrans) l'ont été dans la norme (respectivement 8303 et 4708 individus), voire bien au-delà (Busard cendré Circus pygargus, 32 ind. contre 10 à 15 d'ordinaire). Par contre, les rapaces passant en deuxième partie d'automne (Milan royal Milvus milvus 2916 ind., Epervier Accipiter nisus 735, Buse variable Buteo buteo 12184 et Busard Saint-Martin Circus cyaneus 22) ont été moins nombreux, voire aussi plus tardifs que les années précédentes; ce fut particulièrement frappant pour le Busard Saint-Martin. La douceur exceptionnelle de l'automne les à probablement induits à demeurer plus au nord. Malgré cela, les effectifs de Bondrée et des deux espèces de milans cumulés représentent 93,5% du total des rapaces (94% en 2005).

Entre autres commentaires, signalons que les Aigles royaux Aquila chrysaetos migrateurs étaient tous des immatures de 3 à 4 ans, qui ont d'ailleurs été fort mal accueillis par le couple résident.

Parmi les non-rapaces, il faut relever l'augmentation régulière de la Cigogne blanche Ciconia ciconia (573 ind.) et la présence de 2 Hérons garde-bœufs Bubulcus ibis, une nouveauté pour le site. Les pigeons apparaissent toujours en effectifs réduits (en particulier le Colombin Co/umba oenas) et les corvidés semblent s'en tenir à un passage résiduel."
2006,species,avibase-5F8E7CA8,"Les Aigles royaux migrateurs étaient tous des immatures de 3 à 4 ans, qui ont d'ailleurs été fort mal accueillis par le couple résident."
2006,species,avibase-ED5A7E8F,"Le passage, précoce dans la saison, se situe dans la norme avec 8303 individus. Les effectifs de Bondrée et des deux espèces de milans cumulés représentent 93,5 % du total des rapaces (94 % en 2005)."
2006,species,avibase-F558C7F9,"Avec 22 individus, le passage en deuxième partie d’automne a été moins fourni, voire aussi plus tardif que les années précédentes. Ce phénomène, également observé chez le Milan royal, l’Epervier et la Buse variable, a été particulièrement frappant pour le Busard Saint-Martin. La douceur exceptionnelle de l’automne les a probablement induits à demeurer plus au nord."
2006,species,avibase-63B6412E,"Le passage, précoce dans la saison, se situe bien au-delà de la norme avec 32 individus, contre 10 à 15 d’ordinaire."
2006,species,avibase-3C0C325D,"Avec 12184 individus, le passage en deuxième partie d’automne a été moins fourni, voire aussi plus tardif que les années précédentes, comme pour le Milan royal, l’Epervier et le Busard Saint-Martin. La douceur exceptionnelle de l’automne les a probablement induits à demeurer plus au nord."
2006,species,avibase-28825494,"L’augmentation régulière des effectifs se poursuit, avec 573 individus."
2006,species,avibase-06D9A2C8,"Le passage, précoce dans la saison, se situe dans la norme avec 4708 individus. Les effectifs de Bondrée et des deux espèces de milans cumulés représentent 93,5 % du total des rapaces (94 % en 2005)."
2006,species,avibase-451D6FC8,"Avec 2916 individus, le passage en deuxième partie d’automne a été moins fourni, voire aussi plus tardif que les années précédentes, comme pour l’Epervier, la Buse variable et le Busard Saint-Martin. La douceur exceptionnelle de l’automne les a probablement induits à demeurer plus au nord. Les effectifs de Bondrée et des deux espèces de milans cumulés représentent 93,5 % du total des rapaces (94 % en 2005)."
2006,species,avibase-0C24147B,"Le grand nombre de rapaces indéterminés (214) est à mettre sur le compte des oiseaux passant loin, lors des journées de brume."
2007,monitoring,effort,"Le suivi de la migration post-nuptiale a duré du 12 juillet au 5 décembre (147 jours), desquels doivent être déduits 30 jours de pluie et 11 de vent très fort du sud-ouest, contraires au sens de la migration. Restent 106 jours, dont 22 de fort vent du nord-est et de brume, ces derniers en partie dus à la pollution générée par l'agglomération genevoise. Cette brume gêne considérablement l'observation et explique le nombre des indéterminés."
2007,weather,season,"La saison compte 30 jours de pluie et 11 de vent très fort du sud-ouest, contraires au sens de la migration. Parmi les 106 jours restants, 22 sont marqués par un fort vent du nord-est et de la brume, en partie due à la pollution générée par l’agglomération genevoise. Cette brume gêne considérablement l’observation et explique le nombre des indéterminés."
2007,results,overview,"L'effectif moyen des rapaces dénombrés (23 944 individus, toutes espèces confondues) est essentiellement dû à un déficit important en Bondrées apivores Pernis apivorus et en Buses variables Buteo buteo. Au printemps déjà, la Bondrée a fait preuve d'un passage atypique, tardif et très inférieur à la moyenne. Les mouvements de retour n'ont pas été plus fournis en Suisse, comme à Falsterbo (extrémité sud de la Suède) d'ailleurs, tandis qu'ils ont été importants et précoces à Gribraltar. Ce faible nombre de Bondrées est probablement le reflet d'une très mauvaise saison de reproduction, en raison des intempéries de mai à août. D'autres espèces de rapaces ont probablement été aussi affectées. Suivant dans une certaine mesure la tendance helvétique, le Busard cendré Circus pygargus a passé en bon nombre (23), ce qui reste bien supérieur à la moyenne, même s'il est en retrait par rapport à 2006.

Les 7 Aigles royaux Aquila chrysaetos migrateurs étaient tous des jeunes avec de grandes taches blanches sur et sous les ailes, qui permettaient de les distinguer aisément du jeune issu de la nichée locale, dont l'étendue des cocardes blanches était très restreinte.

Au chapitre des non-rapaces, la Cigogne noire Ciconia nigra fait preuve d'un passage record (138 ind.). Les Martinets noirs Apus apus ont passé en grand nombre fin juin et début juillet, si bien qu'il n'y en avait presque plus en août (dernier le 24.9). De leur côté, les Martinets à ventre blanc A. melba n'ont été vus étonnamment qu'en août: ces constatations reflètent sans doute aussi les nombreux échecs de nidification cette année. A noter enfin l'absence totale de Choucas Corvus monedula en migration, pour la première fois sur le site !"
2007,species,avibase-5F8E7CA8,"Les 7 Aigles royaux Aquila chrysaetos migrateurs étaient tous des jeunes avec de grandes taches blanches sur et sous les ailes, qui permettaient de les distinguer aisément du jeune issu de la nichée locale, dont l'étendue des cocardes blanches était très restreinte."
2007,species,avibase-ED5A7E8F,"L'effectif moyen des rapaces dénombrés (23 944 individus, toutes espèces confondues) est essentiellement dû à un déficit important en Bondrées apivores Pernis apivorus et en Buses variables Buteo buteo. Au printemps déjà, la Bondrée a fait preuve d'un passage atypique, tardif et très inférieur à la moyenne. Les mouvements de retour n'ont pas été plus fournis en Suisse, comme à Falsterbo (extrémité sud de la Suède) d'ailleurs, tandis qu'ils ont été importants et précoces à Gribraltar. Ce faible nombre de Bondrées est probablement le reflet d'une très mauvaise saison de reproduction, en raison des intempéries de mai à août. D'autres espèces de rapaces ont probablement été aussi affectées."
2007,species,avibase-3C0C325D,"Un déficit important en Buses variables et en Bondrées apivores explique essentiellement l’effectif moyen des rapaces dénombrés cette saison (23 944 individus, toutes espèces confondues)."
2007,species,avibase-E2817DAE,Passage record avec 138 individus.
2007,species,avibase-4E6EF3F9,"Les Martinets noirs ont passé en grand nombre fin juin et début juillet, si bien qu'il n'y en avait presque plus en août (dernier le 24 septembre). Les Martinets à ventre blanc n'ont été vus qu'en août : ces constatations reflètent sans doute aussi les nombreux échecs de nidification cette année."
2007,species,avibase-FA1CAD29,"Les Martinets à ventre blanc n'ont été vus étonnamment qu'en août, alors que les Martinets noirs ont passé en grand nombre fin juin et début juillet et qu'il n'y en avait presque plus en août. Ces constatations reflètent sans doute aussi les nombreux échecs de nidification cette année."
2008,site,background,"Le site du défilé du Fort l’Ecluse (ou Défilé de l’Ecluse) fut mis en évidence en 1947 (J. BURNIER, P. CHARVOZ, P. GEROUDET, R. HAINARD, C. VAUCHER et al.) pour ses passages spectaculaires de pigeons et de corvidés. Suite à cela, P. CHARVOZ et J.D. FONTOLLIET consacrèrent une grande partie de leur temps libre à l’observation de la migration sur ce site privilégié.

La première synthèse fut l’œuvre du Groupe des Jeunes de Nos Oiseaux, section Genève (G. MÜLHAUSER, T. SCHMID, A. SCHUBERT ET C. VICARI) et porte sur une permanence journalière du 13 août au 30 octobre 1983. Puis c’est en 1992, après 75 jours d'observation continue et le dénombrement de plus de 11000 rapaces, qu’il est envisagé de mettre en place un suivi permanent dès l’année suivante, associant les Suisses de Nos Oiseaux (P. CHARVOZ, M. MAIRE ET AL.) et les Français du Groupe Ornithologique Haut Savoyard, futur LPO Haute-Savoie (J.P. MATERAC ET AL.).

A la fin de la saison 2007, le DR. CHARVOZ ayant exprimé son impossibilité à assurer une saison supplémentaire, la LPO Haute-Savoie formule une demande au collectif «Tête en l’air », avec pour objet, la mise en place d’un suivi salarié de la migration postnuptiale sur le site du Défilé de l’Ecluse.

2008 est une année charnière pour la LPO 74 puisque, pour la première fois de son histoire, l'association est responsable de deux sites majeurs pour la migration des rapaces diurnes : le Hucel pour le passage prénuptial et le Défilé de l’Ecluse pour le passage postnuptial.

Extrait de « CHARVOZ & AL. 1996 » « Le défilé du Fort l’Ecluse est pratiquement la sortie naturelle du Plateau suisse en direction du sud-ouest. Cet «entonnoir » géographique provoque une concentration des migrateurs en ce point, la crête du Jura paraissant les guider, surtout lorsque le plafond nuageux est bas. En effet, c’est dans cette région que la chaîne principale du Jura devient de plus en plus élevée (Le Reculet, 1717 m) et s’oriente au sud. De l’autre coté du défilé du Fort l’Ecluse, au fond duquel coule le Rhône, ce plissement se termine par le Vuache (altitude comprise entre 890 et 1101 m), qui mesure une dizaine de kilomètre de long. A l’est, le Salève (altitude : 1200-1375 m) et, bien au-delà, les Préalpes savoyardes influencent aussi le passage.

Le passage dans le défilé lui-même (altitude 343 m au Pont Carnot) est loin d’être la règle générale. En effet, un grand nombre de migrateurs ne transitent pas par le défilé mais débordent vers l’est et passent sur le Vuache. D’autres individus, surtout par temps clair, franchissent la chaîne du Jura en amont du Crêt d’Eau (1621 m). » La figure 2 montre 4 des sites les plus favorables à l'observation de la migration postnuptiale. Le site du Fort l’Ecluse a été beaucoup utilisé jusqu’au début des années 90. Bien que beaucoup moins d’oiseaux y soient décomptés, il s’agit certainement du meilleur endroit pour l'observation pure.

Les sites de Cessens et de Collonges (01) peuvent être utilisés en cas de brouillard et/ou stratus persistant."
2008,monitoring,methods,"Field protocol:

Le site d’observation se trouve au pied nord-est du massif du Vuache, sur la rive gauche du Rhône, entre le fleuve et le village de Chevrier, à une altitude de 400 mètres. Le lieu même de suivi se trouve entre les lieux dits Champ Vautier et Rogy le long de la voie SNCF. Cette position offre les meilleures conditions de visibilité à la fois sur la chaîne du Jura au nord et en direction du massif du Salève à l’est.

Les observations sont effectuées au minimum et si les conditions le permettent de 10h à 17h en été (GMT + 2) et de 9h à 16h en automne (GMT + 1).

La sphère d'observation est balayée systématiquement avec des jumelles (7x50 et 10x40) afin de repérer les groupes ou individus isolés. La longue vue (38x82 et 20-60x80) n’est utilisée que pour l’identification et le dénombrement et en aucun cas pour le repérage.

Les individus de chaque espèce en migration active sont identifiés, comptés et leur nombre (plus l’âge et le sexe si il y a lieu) est reporté par demi-heure sur une fiche de suivi conçue à cette effet.

Les rapaces et grands oiseaux (ciconiiformes, cormorans) constituent la cible principale du suivi et sont en conséquence dénombrés à l’unité. Les pigeons font l’objet d’une estimation par groupes. Toutes les autres espèces en migration active sont, dans la mesure du possible, identifiées. Leur dénombrement fait l’objet, selon les cas, d’estimations par tranches de 30 minutes (hirondelles, passereaux).

De nombreux points de repère ont été définis sur le site (relief, infrastructure, arbres isolés.) afin de faciliter le repérage par tous les observateurs présents. Le franchissement de certains de ces repères ainsi que l’observation des comportements permet de considérer, ou non, un oiseau comme migrateur.

En cas de fort passage de rapaces, une première estimation de l’effectif est effectuée, au loin, lors du repérage aux jumelles. Ensuite, le déplacement du groupe est suivi, puis compté au moment du passage, au plus près des observateurs.

Un suivi horaire des conditions météorologiques est effectué, en parallèle au comptage, par le responsable du suivi. Il consiste à relever 6 critères définis préalablement : couverture nuageuse, type de nuage, type de précipitation et intensité, direction et force du vent, visibilité (Annexe 1).

Un salarié de la LPO délégation Haute-Savoie est responsable du suivi du lundi au vendredi, du 15 juillet au 15 novembre. Il est remplacé les week-ends, les jours fériés et après le 15 novembre par un ou plusieurs bénévoles.

Data processing and analysis:

L'ensemble des observations a été saisi dans la base de donnée en ligne de la LPO 74, au jour le jour, et transmis à la Mission migration de la LPO France (migraction.net).

Afin de ne pas surcharger le présent rapport et par souci de lisibilité, seuls les rapaces et les espèces dont les effectifs le permettent font l’objet d’un histogramme et d’une description.

Dans l'objectif de faire ressortir des éléments déterminants et comparables de la migration, une rapide analyse est effectuée, à l’aide d’un histogramme présentant les résultats journaliers ainsi que les cumuls par décade, pour les espèces les plus représentatives.

Pour des raisons de temps, il n’a pas été possible d’exploiter les relevés météorologiques journaliers."
2008,monitoring,effort,"La migration visible a été enregistrée du 15 juillet au 30 novembre 2008. Durant cette période comprenant 139 jours, 130 (93,5 %) ont fait l’objet d’observation continue. Ces 130 jours totalisent 972 heures d'observation soit une moyenne de 7 heures et 40 minutes par jour.

Il y a eu 9 jours (6,5 %) sans observations du fait de conditions météorologiques très défavorables, 10 jours (8 %) où moins de 10 rapaces ont été comptabilisés et 9 jours (7,1 %) où plus de 1000 rapaces ont été dénombrés. Ces 9 journées totalisent 13339 rapaces soit 32,8 % de l'effectif total.

Le site de Champ Vautier est le plus utilisé et c’est depuis ce point, que la majorité des observations de 2008 à été réalisée.

La zone humide de l’Etournel et la zone agricole « Les Grands Prés/Sous la Grange » ont été régulièrement prospectées durant la période de suivi (en marge de la permanence). Plusieurs observations d’oiseaux en migration active y ont été réalisées. C’est la raison pour laquelle elles sont mentionnées dans le présent rapport."
2008,weather,season,"L'ensemble de la période de suivi se distingue par des conditions météorologiques relativement stables et peu d'événements défavorables à la migration, ce qui explique en partie les effectifs élevés de plusieurs espèces.

Les mois de juillet et août ont été marqués par de fortes chaleurs, gênant peu le passage et concentrant, en général, l’apparition des migrateurs en milieu de matinée et fin d’après midi.

Les épisodes orageux successifs, habituels sur les Alpes et le Jura, ont relativement peu entravé la migration dans le secteur. Ceux-ci ont même, dans certains cas, favorisé la concentration et grandement facilité le repérage des oiseaux sur un ciel nuageux.

Le mois de septembre a été relativement moins clément, avec notamment, une période s’étalant du 10 au 20, durant laquelle se sont succédés des épisodes dépressionnaires défavorables au passage.

Les premières gelées en plaine sont notées dès le 4 octobre et, à partir de cette date, les bancs de stratus matinaux vont se faire de plus en plus fréquents et tenaces.

La «bulle de froid» de début novembre n’a semble-t-il provoqué aucune fuite hivernale. Les conditions sont devenues assez mitigées courant novembre alternant épisodes neigo-pluvieux et accalmies."
2008,results,overview,"Au total durant cette période,  40706 rapaces diurnes représentant 19 espèces ont été dénombrés. Parmi ces 19 espèces, 5 représentent 97,7 % de l’effectif total. Il s’agit de la Buse variable (44 %), de la Bondrée apivore (18,4 %), du Milan noir (17,7 %), du Milan royal (13,8 %) et de l’Epervier d'Europe (3,7 %).Deux espèces n’ont été contactées qu’une seule fois : l’Aigle pomarin et le Pygargue à queue blanche.

98 rapaces indéterminés ont également été notés dont 15 faucons, 1 busard (probable Saint Martin) et 1 aigle (probable botté de forme sombre).

Une des journées les plus marquantes de la saison est celle du 9 octobre qui a vu le passage de plus de 2500 rapaces dont 988 Milans royaux. Ce chiffre constitue un nouveau record journalier pour l’espèce.

L'année 2008 est remarquable pour l’effectif total de rapaces, sans précédent depuis le début du suivi journalier en 1993, mais aussi pour l’effectif record de Milans royaux sur le site du Défilé de l’Ecluse.

Hors rapaces, ce sont 73 espèces qui ont été contactées en migration active. De 2008 on retiendra un passage exceptionnel de Cigogne blanche avec 960 individus. Ce nombre constitue un nouveau record, dépassant de loin ce qui était connu dans le bassin lémanique. Le passage de la Cigogne noire, du Héron cendré, de la Grande aigrette et de la Grue cendrée reste dans la moyenne, tout comme celui du Grand cormoran. Le passage des Pigeons ramiers a été très faible, avec moins de 25000 individus, confirmant encore une fois la baisse générale des populations migratrices dans les Alpes du nord.

Le passage des hirondelles a été relativement étalé sur le mois de septembre, sans journée d’afflux remarquable. En ce qui concerne les passereaux (en majorité indéterminés, essentiellement pour des raisons de distance d’observation), le passage a été très abondant durant la deuxième décade d’octobre, avec un pic le 19 de ce mois où l’estimation fait état de plus de 100 000 individus.

Enfin, quelques originalités ont été notées : Pélican blanc, Cisticole des joncs, Spatule blanche, Sterne caspienne."
2008,results,highlights,"Avec 5160 individus direction S-W l’année 2008 se situe dans la moyenne. Un premier pic de passage a lieu dès la dernière décade d’août, puis il faut attendre la dernière décade de septembre avant que la migration principale ne commence. La figure 16 illustre les mouvements vers le S-W et montre un passage nettement centré sur la première décade d'octobre. Ensuite, les effectifs décadaires restent élevés jusqu’à début novembre puis chutent fortement. Le maximum est enregistré le 5 octobre avec 537 individus Seulement 73 individus sont notés en direction du N-E.

Au total, 43172 individus toutes espèces confondues ont été dénombrés. Les premiers groupes de migrateurs sont observés dès la fin juillet. L'essentiel du passage est particulièrement concentré sur la fin du mois de septembre, comme le montre la figure 23. Les premières migratrices sont les Hirondelles de rivage avec 9 individus dès le 15 juillet. Les dernières Hirondelles rustiques passent le 30 octobre. Seul 1 Hirondelle de rocher a été contactée."
2008,results,discussion,"La migration postnuptiale 2008 se termine sur une note d’optimisme pour les rapaces diurnes puisque le passage n’a jamais été aussi important et dépasse pour la première fois les 40000 oiseaux.

Plusieurs nouveaux records ont été enregistrés : 7066 Milans noirs, 960 Cigognes blanches, et surtout 5580 Milans royaux.

2008 est une excellente année pour la Buse variable avec plus de 18000 individus, juste derrière le record de 19000 individu de 2003 ainsi que pour l’Epervier d'Europe avec plus de 1500 oiseaux (maximum de 1696 en 1996), en revanche, avec seulement un peu plus de 300 individus, le Busard des roseaux présente un passage assez médiocre (entre 400 et 500 oiseaux les trois dernières années).

L’Alouette lulu est passée en nombre bien supérieur à la moyenne avec un effectif de plus de 1200 individus ; la Cigogne noire, le Balbuzard pêcheur, les Busards cendrés et Saint Martin ainsi que les petits faucons montrent des effectifs dans la moyenne.

Enfin, avec environ 26 000 pigeons, 1 700 corvidés et 123 Vanneaux huppés, le déclin des espèces grégaires semble se poursuivre."
2008,species,avibase-C2565B65,1 individu de 1ère année est observé le 16/09 (sous réserve d'homologation par le CHN).
2008,species,avibase-5F8E7CA8,1 ind de 3ème année le 1er septembre et 1 sub-adulte le 23 septembre.
2008,species,avibase-F2858F9F,1 individus tardif passe avec une Grande aigrette le 4 novembre.
2008,species,avibase-ED2AC04E,"La migration s’est déroulée du 27 septembre au 10 novembre, avec un passage estimé de 7123 individus. La journée du 19 octobre se démarque nettement avec 4925 individus."
2008,species,avibase-742EC2F1,"Le passage de 1272 individus a duré du 1 octobre au 3 novembre. Le maximum est enregistré le 7 octobre entre 13h30 et 17h avec 294 individus dont 7 groupes de plus de 20 oiseaux. On notera également 128 individus le 6 octobre, 120 le 9 et 111 le 17 ce qui montre un passage très concentré sur les deux premières décades de ce mois.

Ces chiffres font de l’année 2008 un « excellent cru », 10 ans après le passage record de 1405 individus."
2008,species,avibase-95DD1855,5 individus du 18 octobre au 16 novembre.
2008,species,avibase-1327AC55,"72 individus sont passés du 10 août au 18 octobre, ce qui fait de 2008 une année plutôt moyenne. La migration du Balbuzard pêcheur est concentrée de la même manière que celle du Busard des roseaux puisque les 10 % sont atteints le 25 août, les 50 % le 3 septembre et les 90 % dès le 17 septembre soit une migration déroulée sur 25 jours. Enfin, notons deux observations hors suivi. La première est celle d’un oiseau en chasse sur l’Etournel le 25 juillet, la seconde est celle d’un individu en migration active à 18h le 3 octobre sur la Zone agricole des Grands Près. Avec ces deux observations, l’effectif total de l’espèce atteint 74 individus."
2008,species,avibase-ED5A7E8F,"Au total ce sont 7346 individus qui ont été dénombrés entre le 3 juillet et le 10 octobre. La migration des bondrées débute réellement le 13 août (4 individus avant cette date) pour se terminer le 19/09 (3 individus après cette date). La journée du 24 août est la plus marquée avec le dénombrement de 1432 individus soit 19,5 % de l’effectif total entre 8h30 et 19h. Notons que, sur le site de suivi des Conches (01), 993 individus ont été dénombrés pour la seule journée du 25 alors qu’au Défilé de l’Ecluse « seulement » 816 individus ont été notés (info migraction.net). Les bonnes conditions météorologiques de la fin août laisse donc supposer un passage sur un large front au dessus du massif du Jura. Et donc un pic réel de migration pour cette journée du 25. Suite à cela, l’effectif journalier a diminué régulièrement, pour remonter le 3 septembre (151 individus) et surtout le 5 septembre (570 individus) constituant un second pic assez tardif pour le site. La migration de la Bondrée apivore est un événement très court dans le temps puisque le plus gros de la migration se déroule entre le 23 août (10 %) et le 7 septembre (90 %) soit en seulement 16 journées. Après une saison 2007 assez médiocre (4 881 individus), le passage 2008 peut être qualifié de correct."
2008,species,avibase-F558C7F9,"48 individus sont dénombrés du 16 août au 30 novembre soit un effectif moyen, similaire aux années précédentes. Deux oiseaux sont notés en marge de la migration les 16 et 31 août. Le passage se déroule essentiellement du 3 octobre au 13 novembre. Le maximum se situe les 2 et 3 novembre avec 5 individus chacun de ces jours soit 20 % de l’effectif total. En l’absence de phénomène de fuite hivernale, la migration du Busard Saint-Martin est très diffuse comme l’attestent les nombreuses observations d’oiseaux en chasse dans les zones de cultures environnantes."
2008,species,avibase-63B6412E,"Avec 19 individus, la saison 2008 se situe dans la moyenne d’une vingtaine d’oiseaux par an. Le passage est centré sur la dernière décade d’août. Un maximum de 4 individus est noté le 27 août. La très faible abondance de cette espèce sur le site est à mettre en relation avec les faibles effectifs nicheurs au nord-est de notre région."
2008,species,avibase-E2A19474,"Avec 316 individus l’effectif de cette saison est bien inférieur à ce qui est comptabilisé en moyenne et peut être qualifié de médiocre. Deux précurseurs passent le 25 juillet et le 10 août. Le dernier est observé le 10 novembre. Le flux se met en place dès le 23 août et le pic de migration a lieu lors de la première décade de septembre avec notamment 64 individus pour la journée du 1”. Ensuite, le flux diminue nettement jusqu’à la fin du mois et le passage devient anecdotique en octobre. La migration du Busard des roseaux est très concentrée dans le temps puisque les 10 % sont atteints le 28 août, les 50 % le 2 septembre et les 90 % dès le 20 septembre. Les conditions météorologiques de la mi-septembre peuvent en partie expliquer l’absence de pic durant cette période. Il semblerait que le flux se soit déplacé plus à l’est comme l’atteste l’observation de 24 individus en migration active, à proximité des marais de Sionnet (canton de Genève), entre 16h30 et 18h30, le 14 septembre (Y.Schmidt). Durant la même journée, seuls 9 individus sont notés au Défilé de l’Ecluse."
2008,species,avibase-3C0C325D,"Avec 18275 individus, la saison 2008 se place juste derrière la saison 2003 qui avait vu le passage record de 19418 oiseaux. La première migratrice passe dès le 16 juillet, la dernière le 17 novembre. La migration visible a été une succession de pics.

Du 16 juillet au 10 septembre le passage est faible mais régulier avec un total de 113 individus Le flux se met en place durant la seconde décade de septembre et un maximum de 341 individus est noté le 20 de ce mois.

Les cinq décades suivantes (du 21 septembre au 10 novembre) sont marquées par des effectifs supérieurs à 2300 individus La deuxième décade d’octobre est la plus marquée puisque 4915 individus ont été dénombrés.

Au total, l’effectif dénombré a été supérieur à 1000 individus durant 4 journées : les 9 (1508), 10 (1164), 18 (1036) et 19(1445) octobre, représentant 29 % de l’effectif total.

La migration de la Buse variable est assez étalée dans le temps puisque les 10 % sont atteints le 27 septembre, les 50 % le 18 octobre et le 90 % le 7 novembre, soit plus des %4 du total en 44 jours."
2008,species,avibase-85625D75,2 individus le 12 octobre.
2008,species,avibase-D4C32F8E,461 individus sont dénombrés cette année.
2008,species,avibase-28825494,"Le passage de Cigogne blanche est en très nette augmentation cette année au Défilé de l’Ecluse tout comme sur d’autres sites de suivi comme les Conches (01) et Andance (07). Le premier individu est contacté le 10 août. 70 % du passage (670 individus) est concentré du 23 août au 28 août . Le flux diminue fortement par la suite mais l’on enregistre cependant un second pic la journée du 8 septembre avec plus de 100 individus Quelques retardataires passent jusqu’à la fin octobre, notamment 1 individu le 19 et 3 le 25.

On observe une très nette concentration du passage sur la dernière décade d’août et la première de septembre. La journée du 24 août voit à elle seule le passage de 279 individus en 6 groupes dont un de 148 individus (à ce jour le plus important groupe observé, à notre connaissance, en Haute-Savoie). On note également un groupe de 12 individus à Viry le 31 août (P. Martin) non comptabilisé puisque observé hors suivi. Enfin, 2 individus tentent de passer en vain le 30 novembre à l’Etournel (J.P. Matérac). Deux troupes ont stationné dans le secteur :

Le 26 août, 62 individus en migration active, se posent sur la commune de Valleiry. Les observations ultérieures donneront 30 lectures de bagues.

Le 2/09, 32 individus se tiennent dans les champs de la commune de Viry ; 18 lectures de bagues ont été effectuées."
2008,species,avibase-E2817DAE,"Après une année 2007 record avec 138 individus, la saison 2008 revient dans la moyenne avec 93 individus Les premiers oiseaux sont notés dès la fin juillet. Un premier pic est enregistré sur la première décade d’août avec 8 individus le 2. Le maximum du passage a lieu sur la dernière décade de ce mois avec notamment 12 individus le 26 août. Le passage réduit fortement par la suite avant de remonter lors de la deuxième décade de septembre. Le dernier oiseau est noté le 24 octobre."
2008,species,avibase-8372FFBA,"7 individus sont observés dont 1, probablement erratique, le 31 juillet et 6 entre le 5 et le 10 septembre relevant plus d’un réel passage migratoire comme en témoignent les dates de passage des sites de suivi situés plus au sud."
2008,species,avibase-AEE2063F,1 individu est noté le 28 juillet. Il s’agit de la première mention de l’espèce en migration active sur le site (sous réserve d'homologation par le CHR).
2008,species,avibase-1078FFEA,Avec seulement 1260 individus le flux est environ 70 fois inférieur à ce qu’il était dans les années 70 (93000 corvidés en 1976). Seules 3 journées voient un effectif supérieur à 100 individus dont le 3 novembre avec 339 individus.
2008,species,avibase-FD45C1D7,Un groupe de 25 individus passe le 29 septembre.
2008,species,avibase-082F3A63,2 individus passent le 19 août avant un orage. Notons que 3 individu ont stationné « Sous la Grange » le 5 septembre puis 2 (les mêmes) sont restés jusqu’au 18 septembre (sous réserve d'homologation par le CHR).
2008,species,avibase-2DAB45B8,"278 individus sont contactés du 17 juillet au 30 novembre, ce qui fait de 2008 une bonne année après le record de 1998 à 321 individus Le premier oiseau est contacté dès le 17 juillet mais il doit s’agir là de dispersion plus que de migration réelle. Le dernier migrateur est noté le 30 novembre.

On observe deux pics de migration. Le premier, durant la troisième décade de septembre, est marqué par deux maxima journaliers, à 20 et 28 individus respectivement les 23 et 27 du mois. Le second se déroule à la fin de la première décade d’octobre avec un maximum journalier de 26 individus le 9 octobre.

Le passage du Faucon crécerelle est assez étalé dans le temps puisque les 10 % sont atteints le 3 septembre, les 50 % le 30 septembre et les 90 % le 18 octobre ce qui montre une migration se déroulant principalement en 46 jours."
2008,species,avibase-E91E287A,35 individus sont contactés du 31 août au 10 octobre. Le maximum journalier est observé le 16 septembre avec 7 individus. Le passage est centré sur la seconde décade de septembre.
2008,species,avibase-47E58408,Les 7 individus dénombrés du 3 septembre au 9 novembre sont probablement plus des individus erratiques que de réels migrateurs. Notons tout de même 2 individus le 3 septembre.
2008,species,avibase-F3DA111C,"Avec 46 individus l’effectif de cette année se trouve dans la moyenne habituelle d’une quarantaine d’oiseaux. Le premier est noté dès le 7 septembre, le dernier, le 2 novembre. Trois pics de migration se succèdent et montrent un passage centré sur la première décade d'octobre . La journée la plus marquée est celle du 10 octobre avec le passage de 5 individus Le maximum est observé durant la deuxième décade d’octobre avec notamment 4 individus le 18 et 4 individus le 19 octobre. La migration du Faucon émerillon est très diffuse comme l’attestent les quelques observations d'oiseaux en stationnement ou en chasse dans les zones de cultures environnantes."
2008,species,avibase-68EA281A,1 individu le 29 novembre.
2008,species,avibase-2D52E3A5,1 adulte en rétromigration le 7 novembre avec les Goélands leucophées.
2008,species,avibase-E074D706,226 individus direction S-W et 36 individus direction N-E. Pas de mouvements remarquables.
2008,species,avibase-49D9148A,"Avec 145 individus du 2 août au 29 novembre l'effectif de la saison 2008 est encore supérieur à celui des années précédentes et constitue un nouveau record pour le Défilé de l’Ecluse. A titre de comparaison, en 1998, seuls 11 individus avaient été dénombrés durant la même période. Deux pics de migrations sont visibles. Le premier a lieu durant la première décade de septembre avec 25 individus soit 19 % de l’effectif total, le second a lieu durant la dernière décade de septembre et la première d’octobre avec 70 individus soit 50 % de l'effectif total.

Notons que l’hivernage de deux à trois individus est dorénavant régulier depuis plusieurs années dans le secteur de l’Etournel."
2008,species,avibase-99B8841E,"3 groupes sont observés durant le suivi : 9 le 24 octobre, 3 le 3 novembre et 37 le 15 novembre. À cela s’ajoute un groupe d’environ 70 individus observé tôt le matin du 2 novembre sur la commune de Valleiry (info Mr Granchamp) ; ce groupe a été contacté près de Genève 15 minutes plus tôt."
2008,species,avibase-66AA3934,Seulement 3 individus le 30 août.
2008,species,avibase-407E2CA8,26 individus ont été dénombrés dont 13 le 9 octobre. Difficile de savoir s’il s’agit de réels mouvements migratoires ou simplement de dispersion le long du Rhône.
2008,species,avibase-94A1C447,"Au total, 43172 individus toutes espèces confondues ont été dénombrés. Les premiers groupes de migrateurs sont observés dès la fin juillet. L'essentiel du passage est particulièrement concentré sur la fin du mois de septembre. Les premières migratrices sont les Hirondelles de rivage avec 9 individus dès le 15 juillet. Les dernières Hirondelles rustiques passent le 30 octobre. Seul 1 Hirondelle de rocher a été contactée."
2008,species,avibase-58C502EA,"Au total, 43172 individus toutes espèces confondues ont été dénombrés. Les premiers groupes de migrateurs sont observés dès la fin juillet. L'essentiel du passage est particulièrement concentré sur la fin du mois de septembre. Les premières migratrices sont les Hirondelles de rivage avec 9 individus dès le 15 juillet. Les dernières Hirondelles rustiques passent le 30 octobre. Seul 1 Hirondelle de rocher a été contactée."
2008,species,avibase-6429024D,"Au total, 976 Hérons cendrés ont été dénombrés du 22 juillet au 2 novembre, avec un maximum de 272 individus le 14 septembre. Les 10 % de l’effectif total sont atteints le 27 août, les 90 % le 27 septembre soit une migration qui se déroule principalement sur 32 journées."
2008,species,avibase-070E73F9,1 individu type parasite/longue queue de forme claire passe assez haut le 5 octobre.
2008,species,avibase-4E6EF3F9,Le passage est important dès le début du suivi puis diminue rapidement par la suite. 88 % du total passe avant le début du mois d’août. Le maximum est observé le 17 juillet avec 2370 individus Le gros de la migration se déroule probablement avant le début du suivi. Un oiseau tardif est observé avec des hirondelles le 6 octobre.
2008,species,avibase-FA1CAD29,6 individus du 2 août au 20 septembre.
2008,species,avibase-06D9A2C8,"Les premiers Milans noirs sont observés dès le 15 juillet. Lors de ce premier jour de suivi 98 individus ont été comptabilisés ce qui laisse penser que la migration de l’espèce avait déjà commencé. Le dernier oiseau est noté le 10 octobre. Au total, ce sont 7066 individus qui sont notés, ce qui constitue un nouveau record pour le site après le suivi de l’année 1997 et ses 6128 individus. La journée du 2 août est la plus marquée avec le dénombrement de 1266 individus soit 18 % de l'effectif total entre 9h45 et 19h. On observe un passage en trois temps : durant la deuxième décade de juillet l’effectif journalier n’est jamais supérieur à 100 individus, puis deux pics se succèdent durant la dernière décade de juillet et la première d’août. Enfin, le passage devient anecdotique à partir de la mi août. La migration du Milan noir a lieu dans un laps de temps assez court, puisque l’essentiel du passage s’est fait, cette année, entre le 26 juillet (10 %) et le 14 août (90 %) soit en 20 jours seulement."
2008,species,avibase-451D6FC8,"Un nouveau record est établi pour le Défilé de l’Ecluse, avec 5580 individus, confirmant une fois de plus, l'importance internationale du site pour la migration postnuptiale du Milan royal.

Le premier oiseau est noté dès le 15 juillet, le dernier le 30 novembre.

Le flux se met en place dès la fin du mois d’août avec 43 individus pour la dernière décade de ce mois. Une première vague de migrateurs est notée durant la seconde et la dernière décade de septembre et constitue un premier pic rassemblant 30 % de l’effectif total. Suite à cela, les premiers jours d’octobre sont calmes en raison de conditions défavorables puis, le passage augmente brutalement, et la seule journée du 9 octobre totalise 988 individus (17,7 %) soit un nouveau record journalier pour le Défilé de l’Ecluse.

Durant la dernière décade d’octobre la baisse d’effectifs est très nette puis, la première décade de novembre voit un dernier pic de passage. Un faible passage se poursuit jusqu’à la fin du suivi. La migration du Milan royal est assez étalée dans le temps puisque les 10 % sont atteints le 21 septembre, les 50 % le 9 octobre et les 90 % le 1 novembre, soit plus des %4 du total en 42 jours."
2008,species,avibase-052BFA8A,2 adultes en compagnie des Mouettes rieuses les 23 juillet et 10 octobre.
2008,species,avibase-FB02DD96,"Sur les 482 individus dénombrés, 340 (70 %) ont été notés entre le 17 et le 29 juillet."
2008,species,avibase-EDB4BBA6,1 individu descend du sommet du Jura le 5 octobre. Dispersion postnuptiale ou migration altitudinale ?
2008,species,avibase-68E4C0D1,1403 individus du 18 septembre au 3 novembre avec un maximum de 339 individus le 27 septembre.
2008,species,avibase-760F307A,"Le passage qui ne totalise que 24945 individus, est très inférieur à la moyenne des années passées. Il est concentré sur les deux premières décades d’octobre. Les effectifs moyens de ces dernières années sont inférieurs de 10 fois à ceux observés dans les 1970. Le maximum est enregistré le 9 octobre avec 5591 individus."
2008,species,avibase-25A20BA6,1 individu stationnant dans la zone de « Sous la Grange » est noté au passage le 27 septembre.
2008,species,avibase-5A3D91D3,Un probable individu de 2ème année a été observé le 10 novembre (sous réserve d'homologation par le CHR). Il s’agit de la première mention pour le Défilé de l’Ecluse et de la seconde pour la Haute-Savoie.
2008,species,avibase-8BAFB01E,"1 Pélican blanc Pelecanus onocrotalus adulte passe, le 8 septembre, avec 73 Cigognes blanches. Par la suite, son trajet sera suivi jusqu’au nord-est de l’Espagne (source ornitho.ch). Il s’agit de la seconde mention pour le site après celle d’un adulte le 4 septembre 2003."
2008,species,avibase-A0A584C1,2 individus le 9 octobre.
2008,species,avibase-BC06BC0D,2 adultes passent le 30 août avec des Mouettes rieuses (sous réserve d'homologation par le CHR).
2008,species,avibase-5EAB32D3,1 individu en vol direction N-E le 31 août.
2008,species,avibase-89C42590,1 individu se dirige vers le Salève le 3 novembre.
2008,species,avibase-5D1987CE,"2 individus sont observés le 18 juillet. Après plusieurs minutes d’hésitation, ces oiseaux finissent par prendre la direction du nord et disparaissent derrière la Haute Chaîne du Jura.

1 oiseau est observé stationnant dans le secteur les 11 et 12 octobre. Enfin, 1 migrateur est noté le 18 octobre."
2008,species,avibase-DB376A66,"Avec 1503 individus, la saison 2008 montre le meilleur passage observé depuis le record de 1996 (1696 individus). Le premier migrateur est noté le 14 août, le dernier le 17 novembre. Si la deuxième décade d’août reste calme, la troisième voit le premier pic de migration de l’espèce avec 202 individus (13 %) du 24 au 31 août. Les deux premières décades de septembre voient un infléchissement du passage mais celui-ci reprend dès la fin du mois et surtout durant tous le mois d’octobre avec 756 individus soit 50 % de l'effectif total. Le flux se poursuit durant la première décade de novembre (10 %), puis s’estompe. Les journées du 9 et du 24 octobre sont les plus marquées, avec respectivement 138 et 112 individus La migration de l’Epervier d'Europe est très étalée dans le temps puisque les 10 % sont atteints dès le 27 août, les 50 % le 9 octobre et les 90 % le 2 novembre."
2009,site,background,"Le site du défilé du Fort l’Ecluse (ou Défilé de l’Ecluse) fut mis en évidence en 1947 (J. BURNIER, P. CHARVOZ, P. GEROUDET, R. HAINARD, C. VAUCHER et al.) pour ses passages spectaculaires de pigeons et de corvidés. Suite à cela, P. CHARVOZ et J.D. FONTOLLIET consacrèrent une grande partie de leur temps libre à l’observation de la migration sur ce site privilégié.

La première synthèse fut l’œuvre du Groupe des Jeunes de Nos Oiseaux, section Genève (G. MÜLHAUSER, T. SCHMID, À. SCHUBERT ET C. VICARI) et porte sur une permanence journalière du 13 août au 30 octobre 1983. Puis c'est en 1992, après 75 jours d'observation continue et le dénombrement de plus de 11000 rapaces, qu'il est envisagé de mettre en place un suivi permanent dès l’année suivante, associant les Suisses de Nos Oiseaux (P. CHARVOZ, M. MAIRE ET AL.) et les Français du Groupe Ornithologique Haut Savoyard, future LPO Haute-Savoie (J.P. MATERAC ET AL.). De 1993 à 2007, le suivi a été assuré au minimum de mi-juillet à fin novembre et ce tous les jours durant lesquels les conditions météorologiques le permettaient.

À la fin de la saison 2007, le DR. CHARVOZ ayant exprimé son impossibilité à assurer une saison supplémentaire, la LPO Haute-Savoie a formulé une demande au collectif «Tête en l’air », avec pour objet, la mise en place d’une permanence salariée durant trois mois afin de poursuivre le suivi de la migration postnuptiale sur ce site remarquable.

Extrait de « CHARVOZ & AL. 1996 » « Le défilé du Fort l’Ecluse est pratiquement la sortie naturelle du Plateau suisse en direction du sud-ouest. Cet « entonnoir » géographique provoque une concentration des migrateurs en ce point, la crête du Jura paraissant les guider, surtout lorsque le plafond nuageux est bas. En effet, c’est dans cette région que la chaîne principale du Jura devient de plus en plus élevée (Le Reculet, 1717 m) et s'oriente au sud. De l’autre coté du défilé du Fort l’Ecluse, au fond duquel coule le Rhône, ce plissement se termine par le Vuache (altitude comprise entre 890 et 1101 m), qui mesure une dizaine de kilomètre de long. A l’est, le Salève (altitude : 1200-1375 m) et, bien au-delà, les Préalpes savoyardes influencent aussi le passage.

Le passage dans le défilé lui-même (altitude 343 m au Pont Carnot) est loin d’être la règle générale. En effet, un grand nombre de migrateurs ne transitent pas par le défilé mais débordent vers l’est et passent sur le Vuache. D’autres individus, surtout par temps clair, franchissent la chaîne du Jura en amont du Crêt d'Eau (1621 m). » La figure 2 montre 4 des sites les plus favorables à l’observation de la migration postnuptiale. Le site du Fort l’Ecluse a été beaucoup utilisé jusqu’au début des années 90. Bien que beaucoup moins d'oiseaux y soient décomptés, il s’agit certainement du meilleur endroit pour l'observation à proprement parler.

Les sites de Cessens et de Collonges (01) peuvent être utilisés en cas de brouillard et/ou stratus persistants."
2009,monitoring,methods,"Field protocol:

Le site d'observation se trouve au pied nord-est du massif du Vuache, sur la rive gauche du Rhône, entre le fleuve et le village de Chevrier, à une altitude de 400 mètres. Le lieu même de suivi se trouve entre les lieux dits Champ Vautier et Rogy le long de la voie SNCF. Cette position offre les meilleures conditions de visibilité à la fois sur la chaîne du Jura au nord et en direction du massif du Salève à l’est.

Les observations sont effectuées au minimum et si les conditions le permettent de 10h à 17h en été (GMT + 2) et de 9h à 16h en automne (GMT + 1).

La sphère d'observation est balayée systématiquement avec des jumelles (7x50 et 10x40) afin de repérer les groupes ou individus isolés. La longue vue (38x82 et 2060x80) n'est utilisée que pour l'identification et le dénombrement et en aucun cas pour le repérage.

Les individus de chaque espèce en migration active sont identifiés, comptés et leur nombre (plus l’âge et le sexe si il y a lieu) est reporté par demi-heure sur une fiche de suivi conçue à cet effet.

Les rapaces et grands oiseaux (ciconiiformes, cormorans) constituent la cible principale du suivi et sont en conséquence dénombrés à l’unité. Les pigeons font l’objet d’une estimation par groupes. Toutes les autres espèces en migration active sont, dans la mesure du possible, identifiées. Leur dénombrement fait l’objet, selon les cas, d’estimations par tranches de 30 minutes (hirondelles, passereaux).

De nombreux points de repère ont été définis sur le site (relief, infrastructures, arbres isolés...) afin de faciliter le repérage par tous les observateurs présents. Le franchissement de certains de ces repères ainsi que l'observation des comportements permet de considérer, ou non, un oiseau comme migrateur.

En cas de fort passage de rapaces, une première estimation de l'effectif est effectuée, au loin, lors du repérage aux jumelles. Ensuite, le déplacement du groupe est suivi, puis compté au moment du passage, au plus près des observateurs.

Un suivi horaire des conditions météorologiques est effectué, en parallèle au comptage, par le responsable du suivi. Il consiste à relever 6 critères définis préalablement : couverture nuageuse, type de nuage, type de précipitation et intensité, direction et force du vent, visibilité (Annexe 1).

Un salarié de la LPO délégation Haute-Savoie est responsable du suivi du lundi au vendredi, du 15 juillet au 15 novembre. Il est remplacé les week-ends, les jours fériés et après le 15 novembre par un ou plusieurs bénévoles.

Data processing and analysis:

L'ensemble des observations a été saisi dans la base de données en ligne de la Afin de ne pas surcharger le présent rapport et par souci de lisibilité, seuls les rapaces et les espèces dont les effectifs le permettent font l’objet d’un histogramme et d’une description.

Dans l’objectif de faire ressortir des éléments déterminants et comparables de la migration, une rapide analyse est effectuée, à l’aide d’un histogramme présentant les résultats journaliers ainsi que les cumuls par décade, pour les espèces les plus représentatives.

Pour des raisons de temps, il n’a pas été possible d'exploiter les relevés météorologiques journaliers."
2009,monitoring,effort,"La migration visible a été enregistrée du 15 juillet au 30 novembre 2009. Durant cette période comprenant 139 jours, 127 (91,4%) ont fait l’objet d'observation continue. Ces 127 jours totalisent un peu plus de 959 heures d’observation soit une moyenne de 7 heures et 30 minutes par jour.

Il y a eu 13 jours (9,3%) sans observations du fait de conditions météorologiques très défavorables et 2 jours durant lesquels aucun rapace n’a été noté. Il y à eu 10 jours (7%) où moins de 10 rapaces ont été comptabilisés, 19 jours (13,7%) ont fournis des effectifs compris entre 500 et 1000 rapaces. Enfin, seulement 2 journées voient un effectif supérieur à 1000 rapaces et totalisent 2492 individus soit 8,8% de l'effectif total.

Pour la saison 2009, la LPO à remis en place le même dispositif de suivi que pour la saison 2008, à savoir, la présence quotidienne d’au moins un ornithologue durant les quatre mois que dure la migration postnuptiale c'est-à-dire du 15 juillet au 15 novembre.

Le site de Champ Vautier est le plus utilisé et c’est depuis ce point, que la majorité des observations de 2009 a été réalisée.

La zone humide de l’Etournel et la zone agricole « Les Grands Prés/Sous la Grange » ont été régulièrement prospectées durant la période de suivi (en marge de la permanence). Plusieurs observations d'oiseaux en migration active y ont été réalisées. C’est la raison pour laquelle elles sont mentionnées dans le présent rapport."
2009,weather,july,"Le temps est instable et lourd au début du suivi avec une succession d'épisodes plus ou moins orageux, mais la dernière décade de juillet offre des conditions assez stables. Les températures sont élevées mais ne dépassent que rarement 30°C à l'ombre. Les conditions atmosphériques sont assez bonnes à bonnes pour la migration ainsi que pour la détection des oiseaux."
2009,weather,august,"Des épisodes pluvio-orageux se succèdent durant la première décade du mois, puis le temps s’alourdit durant la décade suivante. À partir du 21, le temps est plus frais et le premier jour de bise légère est noté le 23. Les conditions atmosphériques sont optimales pour le passage durant la dernière décade ce qui est probablement à l'origine de l'absence de forte concentration pour les bondrées."
2009,weather,september,"Les conditions sont assez changeantes en début de mois, puis se stabilisent dès le 5 et durant la seconde décade. La fraîcheur s’installe et le brouillard fait son apparition le long de la vallée du Rhône. La dernière décade du mois offre des conditions atmosphériques idéales pour le passage migratoire."
2009,weather,october,Les conditions sont relativement défavorables durant les premiers jours d'octobre avec notamment un fort vent inverse et une succession d'épisodes dépressionnaires. Les rares fenêtres météo permettant le passage ont probablement engendré des phénomènes de fuites sur un front relativement large. Les conditions se stabilisent à la fin de la seconde décade du mois avec l'apparition des premières neiges en montagne ainsi que des gelées matinales en plaine. Le redoux s’installe durant la dernière décade.
2009,weather,november,Dès le début du mois les conditions sont très instables et les températures relativement douces. Seule une courte fenêtre météo permet une dernière vague de passage migratoire durant la première décade du mois. À partir du 15 la pluie l'emporte et seules quelques rares journées présentent des conditions acceptables pour le suivi.
2009,results,overview,"Au total durant cette période,  28314 rapaces diurnes représentant 20 espèces ont été dénombrés. Parmi ces 20 espèces, 5 représentent 97% de l'effectif total. Il s’agit de la Buse variable (37%), de la Bondrée apivore (17,6%), du Milan noir (22,5%), du Milan royal (16,1%) et de l’Epervier d'Europe (3,6%). À titre de comparaison, le Busard des roseaux qui vient en sixième position en termes d’effectif ne représente que 1,1% du total des rapaces. Quatre espèces n'ont été contactées qu’une seule fois : l’Aigle criard, le Faucon kobez, le Busard pâle et l’Aigle botté. 72 rapaces indéterminés ont également été notés dont 11 faucons. La saison postnuptiale 2009 voit un retour à des effectifs plus conventionnels après une saison 2008 record. Cependant, malgré des chiffres inférieurs à la saison dernière, il est important de noter que les effectifs de Milan noir et de Milan royal restent particulièrement élevés par rapport à la moyenne.

Hors rapaces, ce sont 63 espèces qui ont été contactées en migration active. De 2009, on retiendra un nouveau record pour les Cigognes blanches avec 1080 individus, faisant suite à une saison 2008 déjà exceptionnelle. L’effectif de Cigogne noire est tout aussi remarquable avec 133 individus. Les effectifs de Héron cendré, de la Grande aigrette et de Grand cormoran sont bien inférieurs à ceux de 2008 mais restent cependant dans la moyenne des dix dernières années. Comme à l’accoutumée, quelques groupes de Grues cendrées ont été notés, totalisant 62 individus. Le passage des Pigeons ramiers a été très faible, avec à peine plus de 16000 individus. L’effectif de corvidés reste faible mais relativement stable.

Le passage des martinets noirs reste très concentré en début de période de suivi et l'effectif réel est probablement nettement supérieur aux quelques 8000 individus estimés.

Le passage des hirondelles a été relativement étalé sur le mois de septembre, avec une journée d’afflux relativement modeste le 9 de ce mois. L’effectif total, toutes espèces confondues, est assez faible.

En ce qui concerne les passereaux (en majorité indéterminés, essentiellement pour des raisons de distance d'observation), le passage a été relativement faible à l’exception de la journée du 25 octobre. Ceci pourrait en partie s'expliquer par des effectifs importants sur le site des Conches (01) drainant une grande partie des fringilles.

Pour les turdidés, seule la Grive musicienne a montré un passage marqué, avec des effectifs en stationnement assez importants, mais aucune migration active n’a été décelée. Enfin, quelques originalités ont été notées : Macreuse noire, Huitrier pie, Labbe à longue queue."
2009,results,highlights,"La figure 25 montre le passage des 19867 hirondelles toutes espèces confondues. Les premières mentions, durant la fin du mois de juillet, sont exclusivement des Hirondelles de rivage.

Le passage des Hirondelles de fenêtre débute le 8 août ; celui des Hirondelles rustiques le 11 août. L'Hirondelle de rochers reste la moins contactée des quatre espèces mais la plus tardive puisqu’un individus est noté le 12 novembre.

Un maximum de 5600 individus est enregistré le 9 septembre. Le passage s’étant déroulé relativement proche du site de suivi, il a été possible de dénombrer un minimum de 5100 Hirondelles rustiques."
2009,results,discussion,"Après une saison 2008 avec plus de 40000 rapaces, cette saison 2009 est quelque peu décevante avec « seulement » 28314 rapaces et ce, malgré un temps de présence et une pression d'observation comparable durant toute la période de suivi.

Pour les milans, les chiffres sont dans la moyenne, voir relativement encourageants ; les Bondrées apivores ont quelque peu « boudé » le site pour passer ailleurs. Les Buses variables n’ont pas vraiment été poussées par le froid et les éperviers restent, quand à eux, toujours aussi difficiles à repérer.

La note d’optimisme de 2009 vient bien évidemment des cigognes, qui ont ravi spotteurs et observateurs, et ont été au centre de nombreuses discussions.

L’effectif de Cigogne blanche croît de plus de 10% par rapport à celui de 2008 et confirme une fois de plus l'importance du couloir « genevois » à l'échelle de la région Rhône-Alpes, ainsi que la réussite des différents programmes de conservation de l'espèce en Europe de l’ouest.

Avec plus de 130 Cigognes noires, le suivi du site du Défilé de l’Ecluse semble montrer une fois de plus la bonne santé des populations européennes. Nous rappelons que l'effectif saisonnier durant les années 90 était d'environ 70 oiseaux.

Enfin, les aléas de la migration dus au climat, entre autre, ont fait de 2009 une année assez faible pour les passereaux et hirondelles."
2009,species,avibase-4B8CC285,1 individu sombre est noté le 20 septembre (sous réserve d'homologation par le CHR). Cet oiseau se pose sur le Vuache pour passer la nuit.
2009,species,avibase-BAC4CA22,"1 individu adulte ou sub-adulte est observé avec des Milans royaux et des Buses variables, le 22 septembre (sous réserve d'homologation par le CHN)."
2009,species,avibase-F2858F9F,1 individu est noté le 22 août.
2009,species,avibase-ED2AC04E,"On observe deux pics de migration correspondant à des phénomènes de fuites hivernales. Le passage débute avec un premier pic de plus de 500 individus le 19 octobre. Le maximum est enregistré le 31 octobre avec 531 individus. Enfin, un dernier passage est noté le 6 novembre."
2009,species,avibase-742EC2F1,"Le passage d’Alouette lulu a été nettement inférieur à celui de 2008 avec 402 individus mais il s’agit d’un retour à un effectif saisonnier habituel. Le passage débute le 7 octobre et un premier pic se dessine avec 35 individus le 11 puis, un second avec 92 individus le 19, puis 43 individus le 21. Un dernier sursaut est noté au début du mois de novembre, puis les dernières sont observées le 11 de ce mois."
2009,species,avibase-95DD1855,4 individus sont notés du 6 septembre au 22 octobre.
2009,species,avibase-1327AC55,"57 individus sont dénombrés du 31 juillet au 4 octobre, ce qui fait de 2009 une année assez médiocre pour l’espèce, la moyenne se situant plutôt entre 80 et 100 oiseaux.

On observe une assez nette concentration du passage durant la dernière décade d'août et la première de septembre. Le maximum est enregistré le 5 septembre avec 8 individus.

La migration réelle du balbuzard se déroule sur 31 jours du 25 août (10%) au 25 septembre (90%).

À noter : un individu vole vers le nord-est le 22 août, un migrateur passe avec un poisson dans les serres le 25 août, un individu en migration active se détourne puis s'arrête à l’Etournel le 3 septembre, et enfin, un individu observé en halte sur l’Etournel le 4 octobre dans l’après midi est noté quelques minutes plus tard en migration active."
2009,species,avibase-6BB94D7E,2 individus sont contactés hors suivi dans la nuit du 17 au 18 septembre (obs : R.Meinert).
2009,species,avibase-ED5A7E8F,"Au total ce sont 4995 individus qui ont été dénombrés entre le 2 août et le 5 octobre.

Le flux se met en place dès le 22 août avec 651 individus. Suite à cela, il faut attendre le 26 pour revoir un effectif comparable, puis, vraisemblablement, le flux se décale à l’ouest puisque le 27, seulement 199 individus sont dénombrés contre près de 700 individus dans le Haut-Jura (info JP.Paul, LPO Franche-Comté).

La migration réelle de la Bondrée apivore a encore une fois été un événement très court dans le temps, se déroulant, comme pour la saison 2008, en seulement 16 journées entre le 22 août (10 %) et le 6 septembre (90 %).

Suite à un blocage météo au début du mois de septembre, le maximum est noté le 5 de ce mois et comptabilise 1351 individus soit 27% de l'effectif total. Après cela, l'effectif journalier ne fait que diminuer, exception faite de la journée du 19 où un très léger sursaut est enregistré. En octobre, 2 individus sont notés le 2, puis 1 le 5.

Après une saison 2008 assez correcte (7346 individus), le passage 2009 peut être qualifié de médiocre, avec un effectif comparable à celui de 2007 (4881 individus), montrant encore une fois combien la bondrée est capricieuse en période de migration."
2009,species,avibase-F558C7F9,"Avec seulement 18 individus du 28 septembre au 25 novembre il s’agit du plus faible effectif saisonnier depuis 1993 (minimum de 22 ind. en 2006). Au total ce sont 6 mâles adultes, 1 femelle adulte et 3 individus de 1ère année qui ont pu être identifiés. Pour les 8 autres, aucune indication de plumage n’a pu être recueillie. Le maximum est enregistré le 6 novembre avec 3 individus. À noter : 2 mâles migrent ensemble le 3 novembre et 1 mâle ne passe pas le 13 novembre."
2009,species,avibase-63B6412E,"Seulement 5 individus (2 individus de 1ère année, 2 femelles adultes et 1 mâle adulte) sont notés entre le 26 août et le 12 septembre. Ce très faible effectif pourrait, en partie, s'expliquer par l’absence de flux significatif de Bondrée apivore fin août, espèce qui, dans une certaine mesure, entraîne habituellement quelques Busards cendrés dans son sillage."
2009,species,avibase-E2A19474,"Avec 328 individus l'effectif de cette saison est bien inférieur à ce qui est comptabilisé en moyenne et peut être qualifié de médiocre. Des précurseurs sont notés le 31 juillet ainsi que les 9 et 11 août. Le dernier est observé le 28 octobre.

Le flux se met en place dès le 21 août. On observe un premier pic le 26 août avec 24 individus. Un second pic de passage a lieu lors de la première décade de septembre, avec notamment 48 individus pour la journée du 5, puis 17 et 20 individus les 8 et 9. Enfin, un troisième pic se déroule le 17 avec 16 individus.

Suite à cela, le flux diminue nettement jusqu’à la fin du mois et le passage devient anecdotique en octobre.

La migration réelle du Busard des roseaux a eu lieu en 33 jours du 26 août (10 %) au 27 septembre (90 %).

Des indications de sexe et d'âge ont été apportées pour 301 individus. Bien que près du quart des oiseaux n'ait pas pu être identifié avec précision, il est intéressant de constater la part importante d'adultes dans le relevé. Les relevés bruts semblent montrer une concentration du passage des adultes, et en particulier des mâles, durant la première décade de septembre."
2009,species,avibase-22647E26,"1 individu de 1ère année est noté le 10 octobre (sous réserve d'homologation par le CHN). Il pourrait vraisemblablement s'agir de l’oiseau observé au col de Jaman (VD) la veille (source : ornitho.ch).

Il s’agit de la seconde mention sur le site après celle d’un mâle adulte le 11 septembre 1993."
2009,species,avibase-3C0C325D,"Avec 10527 individus, la saison 2009 paraît médiocre après une saison 2008 à plus de 18000 individus cependant, il s’agit là d’un retour à un effectif plus conventionnel bien que légèrement faible.

Les premiers oiseaux sont notés dès le 26 août. Un flux régulier se met en place dès le début du mois de septembre et la migration réelle se déroule sur 43 jours du 25 septembre (10%) au 6 novembre (90%). Durant cette période, 9 journées voient un effectif supérieur à 400 individus. Le maximum est enregistré le 27 octobre avec 797 individus. On observe la succession de plusieurs vagues de passage. La dernière décade de septembre représente environ 20% du flux total. Suite à cela, la première décade d'octobre voit une forte baisse puis, les deuxième et troisième décades d’octobre concentrent plus de 50% du total malgré une alternance de blocage-déblocage. Durant cette période, le flux est fortement perturbé par des conditions météorologiques instables (fort vent inverse, succession de perturbations plus ou moins actives) mais qui n’empêchent pas la migration. Ceci pourrait en partie expliquer l’absence de pic de migration soit par absence de concentration soit par déplacement d’une partie du flux ; il a été constaté, à plusieurs reprises, un déplacement vers l’est rendant la détection aux jumelles très délicate.

Pour finir, la première décade de novembre apporte une dernière vague de passage puis le flux s’estompe pour n'être plus qu’anecdotique malgré des conditions favorables pour quelques journées de la dernière décade de novembre."
2009,species,avibase-56CCA717,15 individus sont notés le 31 octobre. 1 mâle est noté en stationnement les 12 et 20 octobre à l’Etournel.
2009,species,avibase-D4C32F8E,630 individus sont dénombrés du 4 octobre au 5 novembre. Le maximum est enregistré le 27 octobre avec 155 individus.
2009,species,avibase-28825494,"Avec un total de 1080 individus, l’effectif de Cigogne blanche a augmenté de plus de 8% par rapport à celui de 2008. Ce chiffre constitue un nouveau record pour le site et s'inscrit dans la continuité de l’augmentation du passage de l’espèce dans le bassin lémanique, depuis une dizaine d'années.

Le premier individu est noté le 8 août. Un premier groupe de 90 individus est noté précocement le 14 août et le flux se met en place quelques jours plus tard, avec notamment 301 individus pour la seule journée du 19 août, soit 28% de l'effectif total. Cette journée constitue un nouveau record journalier pour le site. On observe une migration en deux temps. Les deux dernières décades d'août constituent le pic de passage avec plus de 800 individus soit 78% de l'effectif total. Suite à cela, le flux diminue brusquement, puis une seconde vague fait son apparition, avec notamment 113 individus comptabilisés le 5 septembre. Après cela, seuls quelques groupes de quelques individus sont notés courant septembre puis, une troupe de 23 individus fait halte le 6 octobre à quelques kilomètres du site de suivi. Ce groupe est noté le lendemain en migration active malgré un fort vent contraire. Au total, ce sont 4 journées à plus de 100 individus qui ont été recensées. 5 troupes ont stationné dans le secteur : - le 13 août, 90 individus se posent près de Valleiry. Aucune lecture de bague n’a pu être effectuée. - le 24 août, 57 individus se posent à Valleiry. 6 bagues ont été lues. - le 27 août, 16 individus se posent à Valleiry. Aucune n’est baguée. - les 3 et 4 septembre, 53 individus font halte dans les champs près de Saint-Julien-en-Genevois. 24 individus sont bagués mais seules 5 bagues ont pu être lues. - Le 23 octobre, 23 individus font halte dans un labour près de Viry. 15 bagues ont été lues A noter qu’un individu isolé essaie de passer, en vain, contre le vent le 13 novembre."
2009,species,avibase-E2817DAE,"De nouveau une année record pour la Cigogne noire avec 133 individus dénombrés du 20 juillet au 13 octobre.

Avec 7 individus comptés avant le 31 juillet, il semblerait que le passage de l'espèce ait débuté plus tôt qu’à l’accoutumée. Ceci est confirmé en août puisque 17 individus sont notés durant la première décade de ce mois. Suite à cela, le flux est régulier mais relativement faible jusqu’à la fin août.

On observe un très net pic de passage sur la première décade de septembre, et notamment un nouveau record journalier pour le site, avec 32 individus le 9.

Malgré ce passage très marqué, les deuxième et troisième décades de septembre fournissent encore 18% de l'effectif total.

La migration réelle se déroule en 48 jours du 8 août (10%) au 24 septembre (90%). Le dernier individu est noté le 13 octobre.

À noter : 1 individu stationne vers les Grands Prés le 1er août et 2 individus ont stationné dans le même secteur le 20 septembre (Obs : E.Granchamps)."
2009,species,avibase-8372FFBA,"4 individus sont notés migrateurs, dont un précoce le 17 août et un tardif le 13 octobre parmi les Buses variables."
2009,species,avibase-1078FFEA,"Seulement 1086 individus sont observés, du 21 octobre au 18 novembre, dont un maximum de 342 pour le 27 octobre. Il est intéressant de constater que le site des Conches (01) a comptabilisé plus de 2700 individus sur la saison dont 1325 entre le 18 et 21 novembre (migraction.net)."
2009,species,avibase-082F3A63,"3 mentions ont ponctué la saison totalisant 17 individus. Un premier oiseau est noté dès le 27 juillet, puis 5 le 9 août avec 7 Courlis cendrés et enfin 11 le 26 août."
2009,species,avibase-2DAB45B8,"251 individus sont comptabilisés du 11 août au 13 novembre ce qui fait de 2009 une année moyenne.

On observe un passage très nettement centré sur la dernière décade de septembre et représentant 42% du flux. Deux maxima sont enregistrés durant cette période avec 20 individus les 21 et 27 septembre.

Par la suite, une seconde vague survient entre le 9 et le 13 octobre totalisant 47 individus (18,5%). Ensuite, le flux réduit fortement et seuls 2 individus sont contactés en novembre. Le passage a été plus concentré qu’en 2008 puisque la migration réelle s’est déroulée sur 31 jours du 13 septembre (10%) au 13 octobre (90%), contre 46 jours pour la saison dernière."
2009,species,avibase-E91E287A,"45 individus sont notés du 31 août au 13 octobre. Le passage est centré sur la seconde décade de septembre qui représente à elle seule plus de 50% du flux.

Le maximum est enregistré le 19 septembre avec 7 individus.

Deux observations relatent des individus chassant en migration active le 15 septembre et le 1er octobre.

Le 19 septembre un migrateur attaque trois fois une Bondrée apivore migratrice."
2009,species,avibase-997A9437,1 individu de 1ère année est noté le 30 septembre. Il s’agit de la quatrième mention sur le site.
2009,species,avibase-47E58408,"8 individus sont notés du 26 septembre au 6 novembre, dont 3 pour la seule journée du 22 octobre."
2009,species,avibase-F3DA111C,"Avec 37 individus, du 14 septembre au 8 novembre, l'effectif de cette saison se situe dans la moyenne habituelle d’une quarantaine d’oiseaux.

On constate qu’il n’y a pas eu de réelle concentration dans le passage. Quatres journées ont apporté un maximum de 3 individus.

À noter : - deux individus font halte quelques minutes à proximité des observateurs : un individu de type femelle le 17 septembre et un mâle adulte le 30 octobre. - un individu chasse les insectes avant de poursuivre sa route le 1 octobre. - 2 individus se disputent un passereau le 14 octobre."
2009,species,avibase-E074D706,"Tous comme pour les Mouettes rieuses, les mouvements journaliers sont très difficiles à distinguer des réels mouvements migratoires. À partir du mois d'octobre, les mouvements entre les zones de nourrissage agricole et les dortoirs sur le Rhône et le Léman sont très marqués.

Du 19 juillet au 25 novembre ce sont 182 individus prenant la direction sud-ouest qui sont enregistrés.

Dans l’autre sens (direction nord-est) ce sont 72 individus qui sont notés du 26 juillet au 11 novembre."
2009,species,avibase-3DF5C587,"Avec 3215 individus en direction sud-ouest, la saison 2009 est nettement en dessous de la moyenne des 15 dernières années se situant autour de 4000 oiseaux.

On observe une augmentation progressive de l'effectif décadaire dès la fin du mois de septembre. La seconde décade d'octobre est la plus marquée, avec notamment un maximum de 313 individus le 15.

La migration réelle se déroule sur 62 jours du 12 septembre (10%) au 12 novembre (90%).

36 individus sont notés en direction du nord-est."
2009,species,avibase-49D9148A,"Avec 82 individus du 21 juillet au 16 novembre, la saison 2009 apporte un effectif légèrement inférieur aux années précédentes (supérieur à 100 ind.). La mention de 2 individus en juillet laisse supposer qu'il s’agit de dispersion.

On observe un passage en deux vagues, la première fin septembre, la seconde fin octobre-début novembre.

Un maximum de 19 individus est enregistré le 6 novembre.

Le stationnement dans les zones de culture des alentours est inexistant, contrairement aux années précédentes, et seul l’Etournel semble avoir été une halte appréciée pour cette saison."
2009,species,avibase-99B8841E,"5 groupes sont notés du 15 octobre au 13 novembre totalisant 62 individus. Un maximum de 18 individus est enregistré le 26 octobre. À noter qu’un groupe d'environ 50 individus a été noté, en halte près de Chaumont (10km au sud-est), le 1er novembre (Obs :JL Ducruet)."
2009,species,avibase-407E2CA8,15 individus ont été dénombrés du 21 juillet au 25 octobre. Il est difficile de savoir s'il s’agit de réels mouvements migratoires ou simplement de dispersion le long du Rhône.
2009,species,avibase-30FEC6BE,"Au total, 19867 hirondelles toutes espèces confondues ont été dénombrées. Les premières mentions, durant la fin du mois de juillet, sont exclusivement des Hirondelles de rivage.

Le passage des Hirondelles de fenêtre débute le 8 août ; celui des Hirondelles rustiques le 11 août. L'Hirondelle de rochers reste la moins contactée des quatre espèces mais la plus tardive puisqu’un individus est noté le 12 novembre.

Un maximum de 5600 individus est enregistré le 9 septembre. Le passage s’étant déroulé relativement proche du site de suivi, il a été possible de dénombrer un minimum de 5100 Hirondelles rustiques."
2009,species,avibase-94A1C447,"Au total, 19867 hirondelles toutes espèces confondues ont été dénombrées. Les premières mentions, durant la fin du mois de juillet, sont exclusivement des Hirondelles de rivage.

Le passage des Hirondelles de fenêtre débute le 8 août ; celui des Hirondelles rustiques le 11 août. L'Hirondelle de rochers reste la moins contactée des quatre espèces mais la plus tardive puisqu’un individus est noté le 12 novembre.

Un maximum de 5600 individus est enregistré le 9 septembre. Le passage s’étant déroulé relativement proche du site de suivi, il a été possible de dénombrer un minimum de 5100 Hirondelles rustiques."
2009,species,avibase-6F2AF9D0,"Au total, 19867 hirondelles toutes espèces confondues ont été dénombrées. Les premières mentions, durant la fin du mois de juillet, sont exclusivement des Hirondelles de rivage.

Le passage des Hirondelles de fenêtre débute le 8 août ; celui des Hirondelles rustiques le 11 août. L'Hirondelle de rochers reste la moins contactée des quatre espèces mais la plus tardive puisqu’un individus est noté le 12 novembre.

Un maximum de 5600 individus est enregistré le 9 septembre. Le passage s’étant déroulé relativement proche du site de suivi, il a été possible de dénombrer un minimum de 5100 Hirondelles rustiques."
2009,species,avibase-58C502EA,"Au total, 19867 hirondelles toutes espèces confondues ont été dénombrées. Les premières mentions, durant la fin du mois de juillet, sont exclusivement des Hirondelles de rivage.

Le passage des Hirondelles de fenêtre débute le 8 août ; celui des Hirondelles rustiques le 11 août. L'Hirondelle de rochers reste la moins contactée des quatre espèces mais la plus tardive puisqu’un individus est noté le 12 novembre.

Un maximum de 5600 individus est enregistré le 9 septembre. Le passage s’étant déroulé relativement proche du site de suivi, il a été possible de dénombrer un minimum de 5100 Hirondelles rustiques."
2009,species,avibase-ED663165,5 individus sont notés le 25 août. Il s’agit là d’un effectif record pour le site (sous réserve d'homologation par le CHR).
2009,species,avibase-6429024D,"Avec 352 individus du 21 juillet au 21 octobre, la saison 2009 apporte un effectif bien inférieur à 2009. Depuis 1993 seules 4 années ont fourni des effectifs inférieurs (1996, 2002, 2003, 2005).

On observe un passage nettement centré sur la seconde décade de septembre.

Un maximum de 61 individus est enregistré le 26 septembre.

Le stationnement dans les zones de des culture alentours est inexistant, contrairement aux années précédentes, et seul l’Etournel semble avoir été une halte appréciée pour cette saison."
2009,species,avibase-1D446440,Un individu clair est noté le 27 août (sous réserve d'homologation par le CHR).
2009,species,avibase-24698199,1 mâle et une femelle sont notés ensemble le 12 septembre. Il s’agit d’une première pour le site (sous réserve d'homologation par le CHR).
2009,species,avibase-4E6EF3F9,"Le flux est déjà très marqué dès le début du suivi et le maximum est enregistré le 21 juillet avec une estimation à plus de 3000 individus. Cette espèce reste très difficile à évaluer du fait de la grandeur de la sphère d'observation et de l’absence, la majorité du temps, de concentration. Au plus tard, un groupe de 4 est noté le 9 septembre."
2009,species,avibase-FA1CAD29,1 seul individu est noté migrateur le 10 août. Il est toujours difficile de différencier les nicheurs locaux d'éventuels migrateurs.
2009,species,avibase-06D9A2C8,"Les premiers Milans noirs sont observés dès le 15 juillet. Lors de ce premier jour de suivi, 88 individus ont été comptabilisés, ce qui laisse penser que la migration de l’espèce avait déjà commencé.

Au total, ce sont 6365 individus qui sont notés, ce qui constitue une excellente saison après un record à plus de 7000 individus en 2008.

On observe un passage en trois temps :

Jusqu’au 23 juillet l'effectif journalier n’est jamais supérieur à 100 individus.

Puis 12 journées de fort passage se succèdent durant la dernière décade de juillet et la première d’août représentant 78% de l'effectif total, avec un minimum de 176 individus le 30 juillet, et un maximum de 937 individus le 31 juillet qui représente 15 % de l'effectif total.

Enfin, le passage devient anecdotique à partir de la seconde décade d'août.

La migration du Milan noir est un événement assez court dans le temps, puisque la migration réelle à lieu du 24 juillet (10 %) au 9 août (90 %) soit en seulement 17 jours.

Le dernier oiseau est noté le 3 octobre dans un groupe de Milans royaux."
2009,species,avibase-451D6FC8,"Avec 4565 individus, la saison 2009 voit un retour à un effectif plus faible qu’en 2008 et ses 5580 individus, mais cependant assez élevé, puisque précédemment, seule la saison 2005 avait fournit un effectif supérieur à 4000 individus.

Le premier oiseau est noté dès le 25 juillet mais les données restent très éparses avec seulement 14 individus jusqu’à début septembre. Les derniers sont notés le 26 novembre.

Un flux régulier se met en place dès le début du mois de septembre et la migration réelle se déroule sur 38 jours du 21 septembre (10%) au 28 octobre (90%). Durant cette période, 12 journées voient un effectif supérieur à 150 individus. Le maximum est enregistré le 27 septembre avec 308 individus.

On observe une première vague de passage, centré sur la dernière décade de septembre et représentant 39% du flux. Suite à cela, une seconde vague se déroule durant la seconde décade d'octobre et représente 21% du flux. Enfin, un dernier sursaut a lieu le 8 novembre avec plus de 100 individus.

À noter : un individu consomme un cadavre à 100 mètres du site de suivi le 30 septembre et un groupe de 16 individus se nourrit dans un champ, après épandage, puis passe la nuit du 20 octobre à Vulbens."
2009,species,avibase-052BFA8A,"Un individu est noté migrateur le 16 août. Avant cela un adulte est noté les 16 puis le 27 juillet avec les Mouettes rieuses. Plus tard, un individu de 1ère année est noté le 12 octobre sur l’Etournel."
2009,species,avibase-FB02DD96,"Seulement 87 individus sont notés migrateurs du 27 juillet au 16 août.

Il est toujours aussi difficile de dénombrer cette espèce sur le site puisque les mouvements journaliers entre l’Etournel et le Rhône Genevois sont incessants.

À noter : un Faucon pèlerin adulte attaque un groupe d'environ 150 individus et capture un jeune de l’année le 16 juillet."
2009,species,avibase-4AED44E8,8 individus sont notés le 27 septembre.
2009,species,avibase-68E4C0D1,"1339 individus sont notés du 17 septembre au 8 novembre avec un maximum de 149 individus le 26 septembre.

Pour ces deux espèces il est important de noter que le protocole de suivi n’est pas adapté puisque celui-ci ne débute jamais au lever du jour. Ceci n’explique cependant pas la baisse d’effectif spectaculaire des vingt dernières années."
2009,species,avibase-760F307A,"Avec 16362 individus comptabilisés du 22 septembre au 11 novembre, il s’agit du plus faible effectif saisonnier depuis le début des suivis sur le site. Un maximum de 5019 individus est noté le 21 octobre."
2009,species,avibase-5D1987CE,Une seule et unique observation d’un individu le 19 août.
2009,species,avibase-DB376A66,"Retour à un effectif dans la moyenne, avec 1028 individus, suite à une saison 2008 exceptionnelle (1503 individus).

Le passage commence subitement le 22 août, avec 14 individus dénombrés, pour prendre fin le 24 novembre.

On observe deux pics de passage très nets. Le premier a lieu sur la dernière décade de septembre et représente 25% du flux. Le second se déroule durant la troisième décade d’octobre et représente 30% du flux. La seconde décade d’octobre ainsi que la première de novembre représentent respectivement 13% et 10% du flux.

Le maximum est enregistré le 22 octobre avec 64 individus. 12 journées ont permis d’enregistrer un effectif supérieur ou égal à 30 individus.

La migration de l’Epervier d'Europe est très étendue dans le temps puisque la migration réelle se déroule sur 56 journées du 12 septembre (10%) au 6 novembre (90%).

A noter : 6 individus tournent dans la même ascendance puis migrent ensemble le 27 octobre."
2010,site,background,"Le site du défilé du Fort l’Ecluse (ou Défilé de l’Ecluse) fut mis en évidence en 1947 (J. BURNIER, P. CHARVOZ, P. GEROUDET, R. HAINARD, C. VAUCHER et al.) pour ses passages spectaculaires de pigeons et de corvidés. Suite à cela, P. CHARVOZ et J.D. FONTOLLIET consacrèrent une grande partie de leur temps libre à l'observation de la migration sur ce site privilégié.

La première synthèse fut l’œuvre du Groupe des Jeunes de Nos Oiseaux, section Genève (G. MÜLHAUSER, T. SCHMID, À. SCHUBERT ET C. VICARI) et porte sur une permanence journalière du 13 août au 30 octobre 1983. Puis c'est en 1992, après 75 jours d'observation continue et le dénombrement de plus de 11000 rapaces, qu'il est envisagé de mettre en place un suivi permanent dès l’année suivante, associant les Suisses de Nos Oiseaux (P. CHARVOZ, M. MAIRE ET AL.) et les Français du Groupe Ornithologique Haut Savoyard, future LPO Haute-Savoie (J.P. MATERAC ET AL). De 1993 à 2007, le suivi a été assuré au minimum de mi-juillet à fin novembre et ce tous les jours durant lesquels les conditions météorologiques le permettaient.

A la fin de la saison 2007, le DR. CHARVOZ ayant exprimé son impossibilité à assurer une saison supplémentaire, la LPO Haute-Savoie a formulé une demande au collectif «Tête en l’air », avec pour objet, la mise en place d'une permanence salariée durant trois mois afin de poursuivre le suivi de la migration postnuptiale sur ce site remarquable.

Extrait de « CHARVOZ & AL. 1996 » « Le défilé du Fort l’Ecluse est pratiquement la sortie naturelle du Plateau suisse en direction du sud-ouest. Cet « entonnoir » géographique provoque une concentration des migrateurs en ce point, la crête du Jura paraissant les guider, surtout lorsque le plafond nuageux est bas. En effet, c’est dans cette région que la chaîne principale du Jura devient de plus en plus élevée (Le Reculet, 1717 m) et s'oriente au sud. De l’autre coté du défilé du Fort l’Ecluse, au fond duquel coule le Rhône, ce plissement se termine par le Vuache (altitude comprise entre 890 et 1101 m), qui mesure une dizaine de kilomètre de long. A l’est, le Salève (altitude : 1200-1375 m) et, bien au-delà, les Préalpes savoyardes influencent aussi le passage.

Le passage dans le défilé lui-même (altitude 343 m au Pont Carnot) est loin d’être la règle générale. En effet, un grand nombre de migrateurs ne transitent pas par le défilé mais débordent vers l’est et passent sur le Vuache. D’autres individus, surtout par temps clair, franchissent la chaîne du Jura en amont du Crêt d'Eau (1621 m). » La figure 2 montre 4 des sites les plus favorables à l’observation de la migration postnuptiale. Le site du Fort l’Ecluse a été beaucoup utilisé jusqu’au début des années 90. Bien que beaucoup moins d'oiseaux y soient décomptés, il s’agit certainement du meilleur endroit pour l'observation à proprement parler.

Les sites de Cessens et de Collonges (01) peuvent être utilisés en cas de brouillard et/ou stratus persistants."
2010,monitoring,methods,"Field protocol:

Le site d'observation se trouve au pied nord-est du massif du Vuache, sur la rive gauche du Rhône, entre le fleuve et le village de Chevrier, à une altitude de 400 mètres. Le lieu même de suivi se trouve entre les lieux dits Champ Vautier et Rogy le long de la voie SNCF. Cette position offre les meilleures conditions de visibilité à la fois sur la chaîne du Jura au nord et en direction du massif du Salève à l’est.

Les observations sont effectuées au minimum et si les conditions le permettent de 10h à 17h en été (GMT + 2) et de 9h à 16h en automne (GMT + 1).

La sphère d'observation est balayée systématiquement avec des jumelles (7x50 et 10x40) afin de repérer les groupes ou individus isolés. La longue vue (38x82 et 2060x80) n'est utilisée que pour l'identification et le dénombrement et en aucun cas pour le repérage.

Les individus de chaque espèce en migration active sont identifiés, comptés et leur nombre (plus l’âge et le sexe si il y a lieu) est reporté par demi-heure sur une fiche de suivi conçue à cet effet.

Les rapaces et grands oiseaux (ciconiiformes, cormorans) constituent la cible principale du suivi et sont en conséquence dénombrés à l'unité. Les pigeons font l'objet d’une estimation par groupes. Toutes les autres espèces en migration active sont, dans la mesure du possible, identifiées. Leur dénombrement fait l’objet, selon les cas, d’estimations par tranches de 30 minutes (hirondelles, passereaux).

De nombreux points de repère ont été définis sur le site (relief, infrastructures, arbres isolés...) afin de faciliter le repérage par tous les observateurs présents. Le franchissement de certains de ces repères ainsi que l’observation des comportements permet de considérer, ou non, un oiseau comme migrateur.

En cas de fort passage de rapaces, une première estimation de l'effectif est effectuée, au loin, lors du repérage aux jumelles. Ensuite, le déplacement du groupe est suivi, puis compté au moment du passage, au plus près des observateurs.

Un suivi horaire des conditions météorologiques est effectué, en parallèle au comptage, par le responsable du suivi. Il consiste à relever 6 critères définis préalablement : couverture nuageuse, type de nuage, type de précipitation et intensité, direction et force du vent, visibilité (Annexe 1).

Un salarié de la LPO délégation Haute-Savoie est responsable du suivi du lundi au vendredi, du 15 juillet au 15 novembre. Il est remplacé les week-ends, les jours fériés et après le 15 novembre par un ou plusieurs bénévoles.

Data processing and analysis:

L'ensemble des observations a été saisi dans la base de données en ligne de la Afin de ne pas surcharger le présent rapport et par souci de lisibilité, seuls les rapaces et les espèces dont les effectifs le permettent font l’objet d’un histogramme et d’une description.

Dan: l’objectif de faire ressortir des éléments déterminants et comparables de la migration, une rapide analyse est effectuée, à l’aide d’un histogramme présentant les résultats journaliers ainsi que les cumuls par décade, pour les espèces les plus représentatives.

Pour des raisons de temps, il n’a pas été possible d'exploiter les relevés météorologiques journaliers."
2010,monitoring,effort,"La migration visible a été enregistrée du 15 juillet au 17 novembre 2009. Durant cette période comprenant 126 jours, 120 (95,2%) ont fait l’objet d'observation continue. Ces 120 jours totalisent un peu plus de 1000 heures d'observation soit une moyenne de 8 heures et 20 minutes par jour.

Il y a eu 6 jours (4,8%) sans observations du fait de conditions météorologiques très défavorables et 4 jours durant lesquels aucun rapace n’a été noté. Il y a eu 6 jours (4,8%) ou moins de 10 rapaces ont été comptabilisés, 12 jours (9,5%) ont fourni des effectifs compris entre 500 et 1000 rapaces. Enfin, 6 journées voient un effectif supérieur à 1000 rapaces et totalisent 10821 individus soit 33,4% de l’effectif total.

Pour la saison 2010, la LPO Haute-Savoie a assuré une présence quotidienne avec au moins un ornithologue durant les quatre mois que dure la migration postnuptiale c'est-à-dire du 15 juillet au 15 novembre.

2 permanents se sont succédé : E. Gfeller du 15 juillet au 10 septembre et X. Birot-Colomb du 13 septembre au 15 novembre.

Le site de Champ Vautier est le plus utilisé et c’est depuis ce point, que la majorité des observations de 2009 a été réalisée.

La zone humide de l’Etournel et la zone agricole « Les Grands Prés/Sous la Grange » ont été régulièrement prospectées durant la période de suivi (en marge de la permanence). Plusieurs observations d'oiseaux en migration active y ont été réalisées. C’est la raison pour laquelle elles sont mentionnées dans le présent rapport."
2010,weather,july,"Les conditions sont estivales durant les premiers jours, puis les températures baissent et un temps plus perturbé s’installe durant la dernière décade du mois."
2010,weather,august,"Le temps perturbé perdure durant la majorité du mois d'août et les températures ne dépassent que rarement les 25°C. Durant la première quinzaine, 7 journées sont caractérisées de pluvio-orageuses et seules 4 journées sont ensoleillées. Durant la seconde quinzaine les conditions sont relativement similaires, 7 journées sont pluvieuses où orageuses. Des températures inférieures à 20°C sont enregistrées du 13 au 18."
2010,weather,september,"Durant la première décade du mois les conditions sont très perturbées et les températures ne dépassent pas 20°C. Du 10 au 23, 8 journées sont ensoleillées et les conditions atmosphériques relativement stables. Par la suite, une perturbation entraine une chute des températures qui ne dépassent plus 15°C et une alternance de conditions défavorables et moyennes."
2010,weather,october,La première décade est marquée par des conditions très stables et des températures relativement douces. À partir de la seconde décade le stratus s’installe et la neige fait son apparition sur les sommets du Jura le 16. Les gelées matinales n'apparaissent en plaine qu’à partir du 19. La dernière décade est marquée par des conditions instables et un épisode de vent de nord du 25 au 27.
2010,weather,november,Les températures remontent nettement en début de mois et les conditions sont stables durant les premiers jours. Un temps perturbé s’installe à partir du 9 et seules 3 journées sont favorables jusqu’au 17.
2010,results,overview,"Au total durant cette période,  32346 rapaces diurnes représentant 19 espèces ont été dénombrés. Parmi ces 19 espèces, 5 représentent 97,8% de l'effectif total. Il s’agit de la Buse variable (38,4%), de la Bondrée apivore (16,7%), du Milan noir (21,1%), du Milan royal (15,1%) et de l’Epervier d'Europe (5%). À titre de comparaison, le Busard des roseaux qui vient en sixième position en termes d’effectif ne représente que 1,9% du total des rapaces. Trois espèces n’ont été contactées qu'une seule fois : l’Aigle pomarin, l’Aigle royal et l’Aigle botté. 52 rapaces indéterminés ont également été notés dont 12 faucons. Hors rapaces, ce sont 61 espèces qui ont été contactées en migration active. 2010 est à nouveau une très bonne année pour la Cigogne blanche malgré un effectif légèrement inférieur à 2009 L’effectif de Cigogne noire est aussi remarquable qu’en 2009 avec 133 individus. Les effectifs de Héron cendré et de Grand cormoran reviennent dans la moyenne après une saison 2009 décevante. La Grande aigrette est LA grande absente de la saison avec seulement 32 oiseaux alors que l'effectif saisonnier de ces dernières années était plus proche de la centaine d'individus. Comme à l’accoutumée, quelques groupes de Grues cendrées ont été notés, totalisant 70 individus. Le passage des Pigeons ramiers a été remarquable, avec un effectif supérieur à 100000 individus ce qui n’était plus arrivé depuis plus de 10 ans. L’effectif de corvidés reste faible mais relativement stable.

Le passage des martinets noirs reste très concentré en début de période de suivi et l'effectif réel est probablement nettement supérieur aux quelques 10000 individus estimés.

Une saison relativement bonne pour les hirondelles, au regard des saisons précédentes, avec un effectif estimé, toutes espèces confondues, supérieur à 110000 oiseaux.

Pour les passereaux (en majorité indéterminés, essentiellement pour des raisons de distance d'observation) la diversité est, comme d’habitude, bien présente. Si le passage de Pinson des arbres ou de Mésange bleue semble représentatif, ce n’est clairement pas le cas pour des espèces comme le Serin cini, le Verdier d'Europe ou le Bec-croisé des sapins.

L’effectif élevé de Geai des chênes est à replacer dans le contexte de l'invasion ayant atteint le nord-est de la France en septembre.

Enfin, deux espèces apparaissent étonnement en migration active : un Pic noir et une Pie bavarde ont été notés car leur déplacement semblait clairement montrer une tendance à la dispersion plutôt qu’a un simple déplacement local."
2010,results,highlights,"Toutes espèces confondues, les estimations donnent plus de 113000 hirondelles au passage du 1“ août au 11 novembre. Quelques groupes sont enregistrés début août mais la migration ne commence réellement qu’à partir de la dernière décade de ce mois. L'Hirondelle de rochers reste comme d'habitude la moins contactée des quatre espèces mais la plus tardive puisqu’un individu est noté le 11 novembre.

La dernière Hirondelle de fenêtre est notée le 22 octobre, la dernière rustique le 29 octobre.

Un maximum estimé à plus de 38000 individus est enregistré le 13 septembre. Un autre pic de migration a lieu le 26 septembre avec près de 20000 oiseaux."
2010,results,discussion,"Troisième année de suivi de la migration postnuptiale au Défilé de l’Ecluse grâce au financement de l'opération Tête en l’Air et encore une bien belle saison.

Les grands chiffres de 2010 sont les suivants : plus de 460000 oiseaux de 81 espèces dont 32346 rapaces de 19 espèces, 992 Cigognes blanches, 133 Cigognes noires et plus de 100000 hirondelles, 125000 pigeons et 150000 passereaux.

Grâce au dévouement des salariés et de notre président le cap des 1000 heures de suivi a été passé et ce pour la première fois depuis le début du suivi complet de la migration sur le site en 1992. Avec une moyenne journalière de présence de 8h15, la pression d'observation n’a jamais été aussi importante.

L'arrivée, quelque peu inopinée, des Cigognes noires dans des proportions inédites dès le début du mois d'août, la succession de deux belles journées de passage pour le Busard des roseaux début septembre, l’observation successive de deux Aigles criards et d’un Aigle pomarin en octobre ou encore un passage remarquable de pigeon auront constitué les quelques temps fort de cette saison 2010.

Encore une fois le Défilé de l’Ecluse montre une importance capitale à l’échelle régionale et nationale pour le suivi de la migration active. Le site constitue un point d'entrée majeur en Rhône-Alpes pour 6 espèces de rapaces et notamment pour le Milan royal avec une moyenne de 5000 individus sur les trois dernières saisons pour une population nicheuse mondiale estimé à 19000-25000 couples.

En espérant avoir les moyens de ses ambitions pour le suivi du Défilé de l’Ecluse dans les années à venir, la LPO Haute-Savoie vous donne rendez-vous dès le 15 juillet 2011 à Champ Vautier."
2010,species,avibase-4B8CC285,1 individu sombre est noté le 31 août (sous réserve d'homologation par le CHR).
2010,species,avibase-BAC4CA22,2 individus passent relativement près du site d'observation le 11 et le 12 octobre pour le plus grand plaisir des observateurs présent. Ces deux oiseaux suivaient le flux en place (sous réserve d'homologation par le CHN).
2010,species,avibase-C2565B65,1 individu est noté migrateur le 11 octobre avec des Milans royaux et Buses variables. Cet oiseau a été contacté la veille alors qu’il arrivait du nord pour se poser sur la zone humide de l’Etournel (sous réserve d'homologation par le CHN).
2010,species,avibase-F2858F9F,1 individu est noté le 12 octobre.
2010,species,avibase-ED2AC04E,3637 individus sont enregistrés du 29 septembre au 15 novembre dont 62% le 22 octobre (2240 ind). Aucun phénomène de fuite n’est observé par la suite.
2010,species,avibase-742EC2F1,Saison moyenne comparable à la précédente pour l’Alouette lulu avec 392 individus. Le passage débute le 1er octobre et prend fin le 3 novembre. La seule journée du 15 octobre totalise 212 individus soit 55% de l'effectif total.
2010,species,avibase-95DD1855,2 individus sont notés le 27 octobre et le 13 novembre.
2010,species,avibase-1327AC55,"98 individus sont dénombrés du 21 août au 11 novembre. Cette saison voit donc un retour à un effectif moyen après 3 saisons médiocres avec moins de 75 individus.

On observe une assez nette concentration du passage durant la première décade de septembre. Le maximum est enregistré le 5 septembre avec 11 individus.

La migration réelle du balbuzard se déroule sur 36 jours du 28 août (10%) au 2 octobre (90%).

À noter : 1 femelle avec l'épaule luxée a été récupérée le 17 septembre sur la voie ferrée aux Grands Prés (Vulbens) par Mr Tibéry et acheminée au Centre de Sauvegarde de la Faune Sauvage de Mieussy."
2010,species,avibase-ED5A7E8F,"5388 individus ont été dénombrés du 6 août au 15 octobre.

La migration réelle de la Bondrée apivore a été un événement encore plus court qu’à l’accoutumée se déroulant en seulement 10 journées entre le 28 août (10 %) et le 6 septembre (90 %).

Le maximum est enregistré le 2 septembre avec 1160 individus soit 22% de l'effectif total.

Le flux se met en place dès le 21 août avec 106 individus. Suite à cela le passage reste faible et ne s’intensifie pas avant le 28 août ce qui force à croire qu’une première vague de migrateur passe ailleurs, probablement au nord-ouest comme cela avait été constaté en 2009.

Un dernier pic de passage est enregistré le 6 septembre, après cela, le passage est anecdotique et ne concerne, au mieux, que quelques dizaines d’oiseaux."
2010,species,avibase-F558C7F9,"24 individus sont notés du 7 octobre au 17 novembre ce qui représente un effectif très moyen par rapport aux années 90.

Au total ce sont 4 mâles adultes et 13 individus de 1ère année qui ont pu être identifiés.

Le maximum est enregistré le 2 novembre avec 5 individus.

7 oiseaux ont été notés entre le 30 novembre et le 4 décembre lors du phénomène de fuite.

Il est intéressant de noter que le site du Mont Mourex au N-E a vu passer 6 oiseaux de plus sur la même période."
2010,species,avibase-63B6412E,"Toujours aussi peu commun sur le site, 14 Busards cendrés ont été dénombrés du 21 août au 20 septembre. 4 mâles, 3 femelles et 7 1 années."
2010,species,avibase-E2A19474,"Après plusieurs années de « disette » pour l'espèce sur le site, 2010 voit le retour à des effectifs plus conventionnels avec 605 individus. Le premier oiseau est noté le 6 août. Les données restent très éparses avec seulement 16 individus jusqu'au 31 août alors que la première journée de passage réel totalise 27 individus. Le dernier est noté le 11 novembre.

Le flux se met en place subitement dès le 1er septembre. Un premier pic de passage a lieu durant la première décade de ce mois. Les 2 plus fortes journées de la saison, les 5 et 6 septembre, donnent respectivement 62 et 70 oiseaux soit 22% de l'effectif total.

Suite à cela, deux autres pics de passage se succèdent durant la seconde décade de septembre, puis le flux semble diminuer avant de reprendre durant la première décade d'octobre.

La migration réelle du Busard des roseaux a eu lieu en 30 jours du 2 septembre (10 %) au 2 octobre (90 %).

Des indications de sexe et d’age ont été apportées pour 399 individus. Bien que plus du tiers des oiseaux n'aient pas pu être identifiés avec précision, il est intéressant de constater la proportion d'adultes et d'individus d'immatures."
2010,species,avibase-3C0C325D,"Avec 12407 individus la saison 2010 est bonne considérant qu'il n’y a pas eu de phénomène de fuite durant la période de suivi.

La migration réelle se déroule sur 30 jours du 3 octobre (10%) au 1* novembre (90%). Durant cette période, 9 journées voient un effectif supérieur à 500 individus dont 3 avec plus de 1000 oiseaux, et totalisent 65% de l'effectif saisonnier. Le maximum journalier est enregistré le 12/10 avec 1377 individus.

Les premiers migrateurs sont notés dès la deuxième décade d'août, mais le flux réel ne se met en place qu’à partir de la deuxième décade de septembre. On observe une concentration du passage durant les 2ème et 3ème décades d'octobre. Les conditions météo et la présence d’un stratus plus ou moins tenace ont engendré une série de blocages déblocages, typique du mois d'octobre dans le secteur. Le flux s’estompe progressivement durant la première décade de novembre pour devenir anecdotique durant les derniers jours du suivi.

Les conditions météo de la fin novembre ont engendré un phénomène de fuite qui a pu être suivi partiellement dans le genevois haut-savoyard par l’un d’entre nous (JPM) : 620 ind en 2h le 30 novembre, 299 ind en 3h le 2 décembre et surtout 2025 ind en 4h30 le 4 décembre."
2010,species,avibase-C235A4D7,6 individus sont notés le 22 octobre.
2010,species,avibase-D4C32F8E,624 individus sont dénombrés du 11 octobre au 2 novembre. Le maximum est enregistré le 22 octobre avec 187 individus.
2010,species,avibase-28825494,"Avec un total de 992 individus, l'effectif de Cigogne blanche a diminué de 8% par rapport à celui de 2009.

Un premier oiseau isolé est noté le 25 juillet mais le passage ne commence réellement qu’à partir du 11 août. L’effectif journalier maximum est enregistré le 22 août avec 163 individus soit 16,4% de l'effectif total. Un premier pic, précoce pour le site est enregistré avant la mi-août et totalise plus de 100 individus sur 2 jours. Le passage est centré sur la dernière décade d’août et la première de septembre avec 78% de l'effectif total. Suite à cela, le flux diminue, un dernier pic est enregistré le 18 septembre puis quelques groupes sont encore notés jusqu’en octobre. Le dernier oiseau est noté le 19 octobre. La migration réelle à lieu en 35 jours, du 12 août au 15 septembre. Seulement 2 journées ont vu passer plus de 100 individus, le 22 août et le 2 septembre. Le stationnement, dorénavant régulier, d'oiseaux entre le site de suivi et Viry a fait l’objet d'observations spécifiques. 6 troupes ont stationné dans le secteur :

Le 11 août, 38 individus se posent près de Viry. 25 bagues ont été lues.

Le 15 août, 2 individus se posent près de Viry. 2 bagues ont été lues.

Le 1er septembre, 25 individus se posent à Valleiry. 12 bagues ont été lues.

Le 14 septembre, 18 individus se posent à Valleiry, 12 bagues ont été lues.

Le 19 septembre, 27 individus se posent à Dingy-en-Vuache, 5 bagues ont été lues.

Le 25 septembre, 18 individus se posent à Valleiry, 4 bagues ont été lues Notons enfin qu’un groupe de 11 individus stationne à Saint-Julien du 5 au 7 décembre suite à un mouvement de fuite hivernale."
2010,species,avibase-E2817DAE,"133 individus sont dénombrés du 24 juillet au 21 octobre. Il s’agit donc d’une nouvelle saison record avec un effectif saisonnier rigoureusement identique à celui de 2009 !

Le passage débute dès la première décade d’août avec notamment un groupe de 8 individus le 3 août et un groupe de 13 individus le 6 août. Des effectifs similaires à cette date sont relativement inédits sur le site.

Après cela le passage diminue, puis reprend durant la dernière décade d’août pour culminer durant la première décade de septembre.

L’effectif journalier maximum est enregistré le 13 septembre avec 21 individus soit 15,8% de l'effectif total.

La migration réelle se déroule en 55 jours du 6 août (10%) au 29 septembre (90%).

À noter : au moins 2 individus ont été notés en stationnement à l’Etournel (observé depuis le site de suivi), 1 à Minzier () et 1 à Saint-Julien (J.Bisetti). 3 individus sont notés le 25 août à Chaumont (C.Eminet) mais ne sont pas vu sur le site."
2010,species,avibase-8372FFBA,"4 individus sont notés migrateurs : 17 août, 25 août, 2 septembre et 19 septembre."
2010,species,avibase-1078FFEA,"Seulement 1180 individus sont observés, du 11 octobre au 17 novembre, dont un maximum de 232 pour le 22 octobre. Encore une fois, l'effectif des Conches est supérieur avec 1915 individus (migraction.net)."
2010,species,avibase-082F3A63,Effectif exceptionnel pour l'espèce s’expliquant en grande partie par des conditions météo très instables et donc une « tombée » avec 27 oiseaux le 14 août et 40 le 15 août. (homologué par le CHR).
2010,species,avibase-2DAB45B8,"313 individus sont comptabilisés du 22 juillet au 14 novembre ce qui fait de 2010 une très bonne saison puisque la barre des 300 oiseaux n'avait plus été franchie depuis 1998. On observe un passage très nettement centré sur la dernière décade de septembre. 5 journées voient passer plus de 20 individus et représentent 43,7% de l'effectif total.

La migration réelle s’est déroulée sur 29 jours du 14 septembre (10%) au 12 octobre (90%) montrant ainsi une très forte similarité avec la saison précédente."
2010,species,avibase-E91E287A,59 individus sont notés du 4 septembre au 13 octobre. Le passage est centré sur la seconde décade de septembre qui représente à elle seule près de 50% du flux. Le maximum est enregistré le 18 septembre avec 9 individus.
2010,species,avibase-997A9437,1 individu de 1ère année stationne du 13 au 15 octobre aux Grands Prés (Vulbens). Cette espèce est mentionnée dans ce rapport puisque l’oiseau a probablement été observé sur le site mais non identifié.
2010,species,avibase-47E58408,4 individus sont notés à l’unité du 2 septembre au 15 octobre.
2010,species,avibase-F3DA111C,"Seulement 29 individus, du 29 septembre au 2 novembre, l'effectif de cette saison se situe donc légèrement en dessous de la moyenne habituelle d’une quarantaine d'oiseaux. Le premier oiseau n’est contacté que très tardivement, habituellement la première mention de la saison a lieu entre le 10 et le 20 septembre. On observe la concentration du passage durant la première décade d'octobre et surtout durant la dernière décade de ce mois.

2 individus passent très bas en chassant au ras du sol et l’un d’eux rate une Bergeronnette grise le 10 octobre.

L'individu passe très bas et rate une chasse sur des Bergeronnettes grises avant de poursuivre sa route le 22 octobre."
2010,species,avibase-D8D10F2C,"L'invasion de Geai des chênes, qui a touché la France à partir du mois de septembre, a été perceptible lors du suivi bien que l'emplacement du site d'observation ne se soit pas révélé idéal pour la détection de cette espèce. 474 individus sont dénombrés du 18 septembre au 23 octobre. Le maximum journalier est enregistré le 30/09 avec 112 individus. Il faut remonter à 1996 pour voir un phénomène comparable pour cette espèce sur le site."
2010,species,avibase-E074D706,"Tout comme pour les Mouettes rieuses, les mouvements journaliers sont très difficiles à distinguer des réels mouvements migratoires. A partir du mois d'octobre, les mouvements entre les zones de nourrissage agricole et les dortoirs sur le Rhône et le Léman sont très marqués.

Du 15 juillet au 5 novembre ce sont 132 individus prenant la direction sud-ouest qui sont enregistrés. Seulement 18 individus sont notés en direction du nord-est."
2010,species,avibase-3DF5C587,"Après une saison 2009 décevante, retour à un effectif plus conventionnel pour le site avec 4838 individus comptabilisés du 1‘ au dernier jour de suivi ! On observe un pic début octobre avec un effectif journalier maximum de 671 individus soit 13,8% de l'effectif total. La migration réelle se déroule sur 58 jours du 5 septembre (10%) au 1* novembre (90%). 13 individus sont notés en direction du nord-est."
2010,species,avibase-49D9148A,"Seulement 32 individus du 2 août au 15 novembre. Il faut remonter à 2004 pour voir un effectif saisonnier inférieur. Tout comme pour le Héron cendré les conditions météo doivent influencer le passage.

La meilleure journée est celle du 1 octobre avec 10 individus.

Avec 39 oiseaux, la saison a été meilleure au Mont Mourex qu’au Défilé de l’Ecluse.

6 oiseaux sont dérangés par une battue effectuée dans le Réserve de chasse de l’Etournel le 22 octobre."
2010,species,avibase-99B8841E,"7 groupes sont notés du 11 octobre au 6 novembre totalisant 70 individus. Un maximum de 52 individus en 3 groupes de 32, 12 et 7 est enregistré le 28 octobre. 10 individus de 1ère année ont été identifiés dont 9 pour la seule journée du 28."
2010,species,avibase-407E2CA8,15 individus ont été dénombrés du 2 août au 17 novembre. Il est difficile de savoir s’il s’agit de réels mouvements migratoires ou simplement de dispersion le long du Rhône. Notons qu’un vol de 11 individus est noté le 20 septembre.
2010,species,avibase-30FEC6BE,"Toutes espèces confondues, les estimations donnent plus de 113000 hirondelles au passage du 1“ août au 11 novembre. Quelques groupes sont enregistrés début août mais la migration ne commence réellement qu’à partir de la dernière décade de ce mois. L'Hirondelle de rochers reste comme d'habitude la moins contactée des quatre espèces mais la plus tardive puisqu’un individu est noté le 11 novembre.

La dernière Hirondelle de fenêtre est notée le 22 octobre, la dernière rustique le 29 octobre.

Un maximum estimé à plus de 38000 individus est enregistré le 13 septembre. Un autre pic de migration a lieu le 26 septembre avec près de 20000 oiseaux."
2010,species,avibase-6F2AF9D0,"Toutes espèces confondues, les estimations donnent plus de 113000 hirondelles au passage du 1“ août au 11 novembre. Quelques groupes sont enregistrés début août mais la migration ne commence réellement qu’à partir de la dernière décade de ce mois. L'Hirondelle de rochers reste comme d'habitude la moins contactée des quatre espèces mais la plus tardive puisqu’un individu est noté le 11 novembre.

La dernière Hirondelle de fenêtre est notée le 22 octobre, la dernière rustique le 29 octobre.

Un maximum estimé à plus de 38000 individus est enregistré le 13 septembre. Un autre pic de migration a lieu le 26 septembre avec près de 20000 oiseaux."
2010,species,avibase-6429024D,"737 individus sont dénombrés du 19 juillet au 11 octobre. 2010 est une saison moyenne faisant suite à une saison 2009 médiocre (352 ind.). Essentiellement migrateur nocturne, les effectifs saisonniers varient fortement probablement en fonction des conditions météo lors des forts passages. L'espèce aurait tendance à poursuivre sa migration plus longtemps lors des journées nuageuses…

Les données sont très éparses durant les mois de juillet et août et correspondent probablement plus à de la dispersion d’immatures et d'oiseaux n'ayant pas niché qu’à de réels mouvement migratoires.

Un premier pic de passage apparaît le 1er septembre avec 96 individus et le maximum est enregistré seulement quelques jours plus tard, le 6 septembre, avec 177 individus.

Ces deux journées représentent 37% de l'effectif saisonnier.

Suite à cela, le passage est nettement moins important mais reste sensible jusqu'aux premiers jours d'octobre."
2010,species,avibase-4E6EF3F9,"Cette espèce reste très difficile à évaluer du fait de la grandeur de la sphère d'observation et de l’absence, la majorité du temps, de concentration. 4 pics de passages sont enregistrés : le 22 juillet avec 3213 ind, le 29 juillet avec 1397 ind, le 1 août avec 1497 ind. et le 8 août avec 951 ind."
2010,species,avibase-FA1CAD29,Au maximum 4 individus sont notés le 15 août. 7 mentions sur 15 sont recensées entre le 15 et le 30 août.
2010,species,avibase-06D9A2C8,"Comme d'habitude, le suivi commence avec une première vague de départ de Milans noirs. Lors des deux premiers jours de suivi, 202 individus ont été comptabilisés, ce qui montre que la migration de l’espèce a déjà bien commencé.

Au total, ce sont 6829 individus qui sont notés, ce qui constitue une excellente saison et donne un effectif moyen des 3 dernières saisons supérieur à 6700 individus.

On observe un passage en trois temps :

Mis à part le deuxième jour de suivi, l'effectif journalier n’est jamais supérieur à 100 individus jusqu’au 24 juillet.

Puis, du 24 juillet au 13 août, plusieurs pics se succèdent en raison de conditions météo instables. Un premier rush est enregistré les 30 et 31 juillet avec 1160 individus en 2 jours, puis le maximum est noté le 3 août avec 1062 individus ce qui représente 15 % de l’effectif total, enfin un troisième pic a lieu le 6 août avec 635 individus. Ces 4 journées représentent 42% de l'effectif total.

Les conditions météo très perturbées rendent le passage anecdotique entre le 15 et le 20 août puis un dernier pic, relativement tardif pour le site, est enregistré le 21 août.

La migration réelle a été un peu plus longue qu’à l’accoutumée puisqu'elle s’est déroulée sur 26 journées (contre 17 en 2009) du 25 juillet (10 %) au 19 août (90 %). Les deux derniers individus sont notés le 26 septembre."
2010,species,avibase-451D6FC8,"Au total, ce sont 4877 individus qui sont dénombrés, ce qui constitue une excellente saison et donne un effectif moyen des 3 dernières saisons supérieur à 5000 individus.

Le premier oiseau est noté dès le 30 juillet, mais les données restent très éparses avec seulement 12 individus jusqu’à début septembre. Les derniers sont notés le 17 novembre.

Le flux réel se met en place dès le début du mois de septembre. La migration réelle se déroule sur 37 jours du 20 septembre (10%) au 26 octobre (90%) montrant ainsi une très forte similarité avec la saison précédente. Durant cette période, 9 journées voient un effectif supérieur à 200 individus et représentent 49,3% de l'effectif total. Le maximum est enregistré le 15 octobre avec 405 individus.

On observe une première vague de passage à cheval sur la 2° et la 3ème décade de septembre et représentant 17% de l'effectif total. Suite à cela, le flux se met en place et plusieurs pics se succèdent durant le mois d'octobre en fonction des blocages météo tout comme pour la Buse variable.

À noter : 40 oiseaux se posent en dortoir vers Vulbens le 11 octobre Le phénomène de fuite évoqué pour la Buse variable a également entrainé quelques milans royaux : 98 ind en 2h le 30 novembre, 46 ind en 3h le 2 décembre et 15 ind en 4h30 le 4 décembre."
2010,species,avibase-052BFA8A,"Un individu est noté migrateur le 16 août. Avant cela un adulte est noté les 16 puis le 27 juillet avec les Mouettes rieuses. Plus tard, un individu de 1ère année est noté le 12 octobre sur l’Etournel.

Sur 15 journées durant lesquelles l'espèce est mentionnée, 12 sont entre le 15 juillet et le 11 août."
2010,species,avibase-FB02DD96,"1072 individus sont notés migrateurs du 15 juillet au 2 août.

Il'est toujours aussi difficile d’estimer ce qui relève du stationnement sur l’Etournel de ce qui représente de la migration active.

Les journées du 15 et 16 juillet représentent à elle seules plus de 50% de l'effectif total."
2010,species,avibase-4AED44E8,"Toujours aussi rare en migration en Haute-Savoie, 6 individus sont notés le 2 octobre et 2 le 15 octobre."
2010,species,avibase-68E4C0D1,"Les estimations donnent 3111 individus du 1er septembre au 1er novembre avec un maximum estimé de 721 individus le 15 octobre.

Lors des gros passages de Pigeon ramier, l’effectif de Pigeon colombin est obtenu par extrapolation. La proportion de colombin dans les groupes ayant pu être détaillés est reportée à l'effectif journalier estimé de pigeons.

Le passage débute dès la mi-septembre puis diminue durant la première décade d'octobre pour reprendre fortement durant la seconde décade, en lien avec le fort passage de Pigeon ramier.

Les journées du 11 et du 15 octobre représentent à elles seules plus de 44% de l’effectif total."
2010,species,avibase-760F307A,"Les estimations donnent 122624 individus comptabilisés du 22 septembre au 11 novembre. Il s’agit du plus fort effectif saisonnier depuis 1998.

Ce chiffre peut s'expliquer en partie par la plus forte pression d’observation durant cette saison. Les observateurs ont essayé de concentrer leurs efforts en début de matinée afin de mieux prendre en compte le passage de cette espèce.

Si une première vague de migrateurs arrive le 4 octobre, la migration réelle ne débute qu’à partir du 11 (10%) pour prendre fin le 21 octobre (90%) soit en 11 jours seulement. 4 journées permettent de comptabiliser plus de 9500 oiseaux, et la seule journée du 15 octobre permet d’estimer à 60921 individus soit près de 50% de l'effectif total."
2010,species,avibase-25A20BA6,2 mentions pour cette espèce toujours aussi rare en Haute-Savoie : 5 oiseau le 3 octobre et 3 le 10 octobre.
2010,species,avibase-DB376A66,"Excellente saison pour le site avec 1632 individus, ce qui fait de 2010 la deuxième meilleure saison après 1996 (1704 individus).

On observe un passage en deux temps :

De la dernière décade d'août à la dernière de septembre le flux est très « dilué » avec seulement 2 journées durant lesquelles plus de 20 individus sont comptabilisés (durant cette période plusieurs journées supérieures à 200 individus sont enregistrées à Gruissan près de Narbonne dans l’Aude).

Le flux réel se met en place durant la seconde décade d'octobre avec 3 jours successifs de fort passage totalisant 24% de l'effectif saisonnier. Après cela, le passage continue jusqu’à début novembre mais seulement 5 journées voient un effectif supérieur à 50 individus.

Le maximum est enregistré le 15 octobre avec 167 individus. Il s’agit de la deuxième meilleure journée pour le site après celle du 25/10/1997 (205 individus).

La migration de l’Epervier d'Europe a été plus concentrée que d'habitude mais reste assez étendue dans le temps puisque la migration réelle se déroule sur 33 journées (contre 56 en 2009) du 13 septembre (10%) au 15 octobre (90%)."
2011,site,background,"Le site du défilé du Fort l’Ecluse (ou Défilé de l’Ecluse) fut mis en évidence en 1947 (J. BURNIER, P. CHARVOZ, P. GEROUDET, R. HAINARD, C. VAUCHER et al.) pour ses passages spectaculaires de pigeons et de corvidés. Suite à cela, P. CHARVOZ et J.D. FONTOLLIET consacrèrent une grande partie de leur temps libre à l'observation de la migration sur ce site privilégié.

La première synthèse fut l’œuvre du Groupe des Jeunes de Nos Oiseaux, section Genève (G. MÜLHAUSER, T. SCHMID, À. SCHUBERT ET C. VICARI) et porte sur une permanence journalière du 13 août au 30 octobre 1983. Puis c’est en 1992, après 75 jours d'observation continue et le dénombrement de plus de 11000 rapaces, qu'il est envisagé de mettre en place un suivi permanent dès l’année suivante, associant les Suisses de Nos Oiseaux (P. CHARVOZ, M. MAIRE ET AL.) et les Français du Groupe Ornithologique Haut Savoyard, future LPO Haute-Savoie (J.P. MATERAC ET AL.). De 1993 à 2007, le suivi a été assuré au minimum de mi-juillet à fin novembre et ce tous les jours durant lesquels les conditions météorologiques le permettaient.

A la fin de la saison 2007, le DR. CHARVOZ ayant exprimé son impossibilité à assurer une saison supplémentaire, la LPO Haute-Savoie a formulé une demande au collectif «Tête en l'air », avec pour objet, la mise en place d’une permanence salariée durant trois mois afin de poursuivre le suivi de la migration postnuptiale sur ce site remarquable.

« Longtemps l’acquisition de connaissances sur les migrations d'oiseaux n’a pu se faire que par l’observation directe. Mais malgré le développement d’autres techniques de suivis (baguage, pose de balises, radar), l'identification et le comptage des migrateurs en des points de passage stratégiques demeure une méthode indispensable et pertinente, dans la mesure où comme tout échantillonnage, les suivis sont réalisés dans les mêmes conditions d’une année à l’autre (protocole stable), et sur une longue période (au moins cinq ans).

Alors qu'il reste encore à découvrir de nombreux aspects mal connus de la vie des oiseaux migrateurs, la connaissance apportée par les suivis constitue une base solide sur laquelle repose toute évaluation patrimoniale. Les données engrangées durant les nombreuses heures d'observation apportent des informations essentielles sur le déroulement de l’activité migratoire. Les effectifs dénombrés selon un protocole standardisé sur chaque site permettent de mesurer la chronologie de la migration et son évolution dans le temps. Ils offrent aussi la possibilité de produire des indicateurs de la dynamique des populations d'oiseaux. L'évolution du nombre d'oiseaux observés sur un site en migration active est le plus souvent corrélée à la taille de la population de laquelle ils sont issus. La combinaison de tels indicateurs provenant d’un réseau de sites offre une meilleure précision dans le calcul des tendances des effectifs et de l'évaluation de l’état de santé des espèces suivies. Ces conditions remplies, les données recueillies permettent d'évaluer l’état de santé des oiseaux migrateurs en comparant l’évolution des effectifs. Ainsi le suivi de la migration à Organbidexka, qui est conduit depuis plus de vingt ans, a permis de mesurer l’effondrement européen des effectifs du Milan royal et a conduit à l'élaboration d’un plan national de restauration de l'espèce. » source Mission Migration France Extrait de « CHARVOZ & AL. 1996 » « Le défilé du Fort l’Ecluse est pratiquement la sortie naturelle du Plateau suisse en direction du sud-ouest. Cet « entonnoir » géographique provoque une concentration des migrateurs en ce point, la crête du Jura paraissant les guider, surtout lorsque le plafond nuageux est bas. En effet, c’est dans cette région que la chaîne principale du Jura devient de plus en plus élevée (Le Reculet, 1717 m) et s'oriente au sud. De l’autre coté du défilé du Fort l’Ecluse, au fond duquel coule le Rhône, ce plissement se termine par le Vuache (altitude comprise entre 890 et 1101 m), qui mesure une dizaine de kilomètre de long. A l’est, le Salève (altitude : 1200-1375 m) et, bien au-delà, les Préalpes savoyardes influencent aussi le passage.

Le passage dans le défilé lui-même (altitude 343 m au Pont Carnot) est loin d’être la règle générale. En effet, un grand nombre de migrateurs ne transitent pas par le défilé mais débordent vers l’est et passent sur le Vuache. D’autres individus, surtout par temps clair, franchissent la chaîne du Jura en amont du Crêt d'Eau (1621 m). » La figure 2 montre 4 des sites les plus favorables à l'observation de la migration postnuptiale. Le site du Fort l’Ecluse a été beaucoup utilisé jusqu’au début des années 90. Bien que beaucoup moins d'oiseaux y soient décomptés, il s’agit certainement du meilleur endroit pour l'observation à proprement parler.

Les sites de Cessens et de Collonges (01) peuvent être utilisés en cas de brouillard et/ou stratus persistants."
2011,monitoring,methods,"Field protocol:

Le site d'observation se trouve au pied nord-est du massif du Vuache, sur la rive gauche du Rhône, entre le fleuve et le village de Chevrier, à une altitude de 400 mètres. Le lieu même de suivi se trouve entre les lieux dits Champ Vautier et Rogy le long de la voie SNCF. Cette position offre les meilleures conditions de visibilité à la fois sur la chaîne du Jura au nord et en direction du massif du Salève à l’est.

Les observations sont effectuées au minimum et si les conditions le permettent de 10h à 17h en été (GMT + 2) et de 9h à 16h en automne (GMT + 1).

La sphère d'observation est balayée systématiquement avec des jumelles (7x50 et 10x40) afin de repérer les groupes ou individus isolés. La longue vue (38x82 et 20-60x80) n’est utilisée que pour l'identification et le dénombrement et en aucun cas pour le repérage.

Les individus de chaque espèce en migration active sont identifiés, comptés et leur nombre (plus l’âge et le sexe si il y a lieu) est reporté par demi-heure sur une fiche de suivi conçue à cet effet.

Les rapaces et grands oiseaux (ciconiiformes, cormorans) constituent la cible principale du suivi et sont en conséquence dénombrés à l'unité. Les pigeons font l’objet d’une estimation par groupes. Toutes les autres espèces en migration active sont, dans la mesure du possible, identifiées. Leur dénombrement fait l’objet, selon les cas, d’estimations par tranches de 30 minutes (hirondelles, passereaux).

De nombreux points de repère ont été définis sur le site (relief, infrastructures, arbres isolés.) afin de faciliter le repérage par tous les observateurs présents. Le franchissement de certains de ces repères ainsi que l’observation des comportements permet de considérer, ou non, un oiseau comme migrateur.

En cas de fort passage de rapaces, une première estimation de l'effectif est effectuée, au loin, lors du repérage aux jumelles. Ensuite, le déplacement du groupe est suivi, puis compté au moment du passage, au plus près des observateurs.

Un suivi horaire des conditions météorologiques est effectué, en parallèle au comptage, par le responsable du suivi. Il consiste à relever 6 critères définis préalablement : couverture nuageuse, type de nuage, type de précipitation et intensité, direction et force du vent, visibilité (Annexe 1).

Un salarié de la LPO délégation Haute-Savoie est responsable du suivi du lundi au vendredi, du 15 juillet au 15 novembre. Il est remplacé les week-ends, les jours fériés et après le 15 novembre par un ou plusieurs bénévoles.

Data processing and analysis:

L'ensemble des observations a été saisi dans la base de données en ligne de la LPO 74, au jour le jour, et transmis à la Mission migration de la LPO France (migraction.net).

Afin de ne pas surcharger le présent rapport et par souci de lisibilité, seuls les rapaces et les espèces dont les effectifs le permettent font l’objet d’un histogramme et d’une description.

Dans l’objectif de faire ressortir des éléments déterminants et comparables de la migration, une rapide analyse est effectuée, à l’aide d’un histogramme présentant les résultats journaliers ainsi que les cumuls par décade, pour les espèces les plus représentatives.

Pour des raisons de temps, il n’a pas été possible d'exploiter les relevés météorologiques journaliers.

Des comparaisons sont faites avec les suivis effectués sur d’autres sites de suivi majeurs ; ces sites sont situés sur la carte en dernière page."
2011,monitoring,effort,"La migration visible a été enregistrée du 18 juillet au 30 novembre 2011. Durant cette période comprenant 136 jours, 134 (98,5%) ont fait l’objet d'observation continue. Ces 134 jours totalisent un peu plus de 1183 heures d’observation soit une moyenne de 8 heures et 40 minutes par jour. Le nombre d'heure observateur est estimé à 3945 (exemple : 2 observateurs actifs sur une journée de 10h de suivi = 20h observateur).

Il y a eu 2 jours (1,5%) sans observations du fait de conditions météorologiques très défavorables et 5 jours durant lesquels aucun rapace n’a été noté. Il y a eu 8 jours (6%) ou moins de 10 rapaces ont été comptabilisés, 16 jours (12%) ont fourni des effectifs compris entre 500 et 1000 rapaces. Enfin, 11 journées voient un effectif supérieur à 1000 rapaces et totalisent 19096 individus soit 41% de l'effectif total.

Pour la saison 2011, la LPO Haute-Savoie a assuré une présence quotidienne avec au moins un ornithologue durant les quatre mois que dure la migration postnuptiale c'est-à-dire du 18 juillet au 30 novembre.

E. Gfeller, salarié de la LPO a assuré le suivi du 18 juillet au 30 septembre et du 17 octobre au 10 novembre. X. Birot-Colomb, salarié de la LPO l’a remplacé du 3 au 14 octobre. Les week-ends, jours fériés et la période du 11 au 30 novembre ont été assurés par les bénévoles de la LPO et du Groupe Ornithologique du Bassin Genevois.

Le site de Champ Vautier est le plus utilisé et c’est depuis ce point, que la majorité des observations de 2009 a été réalisée.

La zone humide de l’Etournel et la zone agricole « Les Grands Prés/Sous la Grange » ont été régulièrement prospectées durant la période de suivi (en marge de la permanence). Plusieurs observations d'oiseaux en migration active y ont été réalisées. C’est la raison pour laquelle elles sont mentionnées dans le présent rapport."
2011,weather,july,Le temps est très perturbé durant la seconde quinzaine du mois. Les conditions pluvio-orageuses ne sont que rarement interrompues d'épisodes plus calmes. Les températures moyennes restent inférieures à 20°C.
2011,weather,august,Des conditions estivales s'installent avec une alternance classique de journées ensoleillées ponctuées d’évolutions orageuses diurnes. Le temps devient très lourd à partir du 14. Une dégradation pluvieuse accompagnée d’une chute des températures à lieu du 27 au 29.
2011,weather,september,Les conditions restent globalement stables durant la première quinzaine du mois puis une dégradation pluvieuse accompagnée d’une baisse des températures intervient du 17 au 19. La dernière décade présente des conditions très stables avec des températures moyennes comprises entre 15 et 20 °C.
2011,weather,october,La formation du stratus matinal habituel du bassin genevois débute le 3 et sera la règle jusqu’à la fin du mois. Selon la pression atmosphérique ce stratus est plus où moins tenace et se désagrège entre 9h et 14h. Une perturbation peu active intervient du 7 au 10 puis le beau temps (malgré le stratus) s’installe jusqu’à la fin du mois. Les températures restent relativement douce et il n’y a pas (ou très peu) de gelées matinales.
2011,weather,november,"Mis à part des conditions changeantes jusqu’au 8, novembre est à peu de chose près à l’image d'octobre : sec et beau. Les températures baissent sensiblement durant la seconde quinzaine."
2011,results,overview,"Au total durant cette période,  46017 rapaces diurnes représentant 17 espèces ont été dénombrés. Parmi ces 17 espèces, 5 représentent 95,7% de l'effectif total. Il s’agit de la Buse variable (35%), du Milan noir (25%), du Milan royal (19%), de la Bondrée apivore (13%) et de l’Epervier d'Europe (4%). A titre de comparaison, le Faucon crécerelle et le Busard des roseaux ne représentent chacun que 2% du total. Deux espèces n’ont été contactées qu’une seule fois : le Vautour fauve et la Buse pattue. 83 rapaces indéterminés ont également été notés dont 11 faucons.

Hors rapaces, ce sont 61 espèces qui ont été contactées en migration active. 2011 est à nouveau une excellente année pour la Cigogne blanche tout comme pour la Cigogne noire. Les effectifs de Héron cendré et de Grand cormoran reviennent dans la moyenne après une saison 2009 décevante. Les effectifs d’ardéidés sont toujours aussi fluctuants. Si le Héron cendré semble rester dans une moyenne comprise entre 500 et 1000 oiseaux, la Grande aigrette quant à elle est décevante avec seulement 46 individus alors que les effectifs hivernant en France ne cessent d'augmenter depuis les années 90. Comme à l'accoutumée, quelques groupes de Grues cendrées ont été notés, totalisant 155 individus. L’effectif de Pigeons ramiers est de retour à la normale après une saison 2010 encourageante. L’effectif de corvidés semble devenir anecdotique avec des effectifs historiquement bas pour le site.

Le passage des martinets noirs reste très concentré en début de période de suivi et l'effectif réel est probablement nettement supérieur aux 22000 individus estimés.

Une saison moyenne pour les hirondelles, au regard des saisons précédentes, avec un effectif estimé, toutes espèces confondues, proche de 70000 oiseaux.

Pour les passereaux (en majorité indéterminés, essentiellement pour des raisons de distance d'observation) la diversité est, comme d'habitude, bien présente.

Seul l'Etourneau sansonnet, facilement identifiable en vol groupé, fait l’objet d’une estimation précise avec près de 40000 individus.

Enfin, une espèce apparait étonnement dans le relevé : la Tourterelle turque."
2011,results,highlights,"La part des anatidés dans le relevé reste très marginale.

Toutes espèces confondues, les estimations donnent plus de 69000 hirondelles au passage du 22 juillet au 2 novembre.

L'Hirondelle de rivage est la seule contactée en juillet. Le passage des rustiques et fenêtre commence durant la seconde décade d’aout. La figure 25 montre une nette concentration du passage en septembre avec 4 pics. Le maximum est enregistré le 25 septembre avec 18670 individus.

La dernière Hirondelle de fenêtre est notée le 22 octobre, la dernière rustique le 2 novembre.

Un maximum estimé à plus de 38000 individus est enregistré le 13 septembre. Un autre pic de migration a lieu le 26 septembre avec près de 20000 oiseaux."
2011,results,discussion,"Quatrième année de suivi de la migration postnuptiale au Défilé de l’Ecluse grâce au financement de l’opération Tête en l’Air et un bilan exceptionnelle pour les rapaces puisqu’avec plus de 46000 oiseaux il s’agit du plus fort effectif jamais enregistré Grâce au dévouement des salariés, des bénévoles et de notre président plus 1180 heures de suivi réparties sur 134 journées du 18 juillet au 30 novembre ont été réalisée Avec en moyenne 8h40 de présence journalière, la pression d'observation a été supérieure à 2010 et le nombre d'heure observateur (évalué pour la première fois cette saison) est estimé à 3945h.

La saison a été marquée par un effectif sans précédent pour plusieurs espèces : Milan noir, Milan royal, Epervier d'Europe, Faucon crécerelle, Faucon émerillon, Cigogne blanche, Cigogne noire et Grand cormoran mais aussi par une excellente saison pour le Balbuzard pêcheur, la Buse variable, le Busard des roseaux et le Faucon hobereau.

Encore une fois le Défilé de l’Ecluse montre une importance capitale à l’échelle régionale et nationale pour le suivi de la migration active. Le site constitue un point d'entrée majeur en Rhône-Alpes pour 6 espèces de rapaces mais aussi pour les Cigognes blanches et noires.

Le suivi à long terme de la migration active en Rhône-Alpes, région majeure pour le passage migratoire en France et en Europe de l'Ouest, constitue une mission historique des ornithologues de la région. Des objectifs multiples à des fins de conservation mais aussi d'éducation à l'environnement se sont dessinés depuis plus de 2 décennies : suivi de l’évolution des populations, suivi de la phénologie de passage en lien avec les changements climatiques, formation aux méthodes d'identification, reconnaissance et protocole de récolte de données, sensibilisation aux phénomènes de la migration et plus largement à la conservation des populations d'oiseaux.

En espérant avoir les moyens de ses ambitions pour le suivi du Défilé de l’Ecluse dans les années à venir, la LPO Haute-Savoie vous donne rendez-vous dès la mi- juillet 2012 à Champ Vautier."
2011,species,avibase-ED2AC04E,6338 individus sont enregistrés du 28 septembre au 27 novembre dont 52% le 14 octobre (3305 individus). L’Alouette des champs est notée tous les jours du 14 octobre au 2 novembre.
2011,species,avibase-742EC2F1,Saison moyenne comparable aux deux précédentes avec 427 individus. Le passage débute le 29 septembre et prend fin le 30 octobre. Le passage est régulier du 9 au 27 octobre avec un maximum de 92 individus le 14 octobre.
2011,species,avibase-95DD1855,2 individus de 1è année sont notés le 23 octobre.
2011,species,avibase-1327AC55,"138 individus sont dénombrés du 6 août au 9 novembre. 2011 est une excellente saison se plaçant juste derrière 2001 (141 ind) et 1998 (142 ind).

On observe une augmentation progressive du passage entre la dernière décade d’aout et la seconde décade de septembre. Le maximum est enregistré le 13 et le 15 septembre avec 11 individus.

La migration réelle du balbuzard se déroule sur 37 jours du 27 août (10%) au 2 octobre (90%). l'individu tardif est noté le 9 novembre.

Les critères permettant l'identification individuelle (sexe et âge) demandent une certaine proximité dans l’observation. Une part importante des oiseaux passant à grande distance, cette indentification n’est pas réalisée pour cette espèce."
2011,species,avibase-ED5A7E8F,"La saison 2011 est moyenne avec 5778 individus du 9 août au 30 septembre.

La migration réelle de la Bondrée apivore a eu lieu en 15 jours, du 27 août (10 %) et le 10 septembre (90 %).

Le maximum est enregistré le 27 aout avec 1336 individus soit 23% de l'effectif total.

Le flux se met en place le 24 août avec 131 individus. À cette date, une première vague de passage à déjà été enregistrée sur d’autres sites de suivi. Le « rush » à lieu du 27 au 29 avec un total de 3352 individus soit près de 60% du total saisonnier.

Après cela, 2 pics de moindre intensité (quelques centaines d'individus) sont enregistrés durant la première et la seconde décade de septembre. À partir de la troisième décade de septembre, l'effectif journalier n’est plus que d’une dizaine d'oiseaux."
2011,species,avibase-F558C7F9,"Oiseaux) 42 individus sont notés du 9 octobre au 23 novembre la moyenne des 10 dernières années étant d’une quarantaine d'oiseaux. Parmi ces oiseaux ont pu être identifié 18 mâles, 5 femelles et 5 individus de 1? année, les 14 individus restant étant des femelles/jeunes (à grande distance la distinction n’est pas possible). Le maximum est enregistré le 26 octobre avec 11 individus."
2011,species,avibase-63B6412E,"Toujours aussi peu commun sur le site, 11 Busards cendrés ont été dénombrés. Très irrégulier sur le site, l’effectif saisonnier oscille entre 5 et 29 individus depuis 2000. Le premier oiseau est noté le 1# aout. Les 10 autres passent entre le 18 et le 29 aout. Malgré un très faible effectif, la phénologie de passage est très similaire à celle des sites français représentatifs, Gruissan (Aude) et Organbidexka (Pyrénées-Atalntiques) ou la date moyenne de passage se situe entre le 29 et le 31 aout."
2011,species,avibase-E2A19474,"Avec 729 individus, la saison 2011 peut être considérée comme très bonne. Voici 2 saisons que le Busard des roseaux montre des effectifs comparables à ceux des années 90, alors que la moyenne des années 2000 se situait autour de 340 individus (exception faite de la saison 2001).

Les premiers oiseaux sont notés durant la seconde décade d’aout mais le passage ne commence réellement qu’à partir du 25 de ce mois.

On observe deux pics de passage. Le premier a lieu du 3 au 8 septembre avec un maximum de 88 individus le 4 et représente 30% du total, le second a lieu du 12 au 17 septembre avec un maximum de 121 individus le 13 et représente 34% du total.

Suite à cela le passage reste sensible jusqu’à la fin du mois puis s’estompe en octobre. Un dernier sursaut est enregistré durant la seconde décade d'octobre puis le dernier oiseau est noté le 24.

La migration réelle du Busard des roseaux a eu lieu en 23 jours du 1er (10 %) au 23 septembre (90 %). Des indications de sexe et d’âge ont été apportées pour 684 individus. Bien que près du tiers des oiseaux n'aient pas pu être identifiés avec précision (type femelle = femelle, immature ou 1ère année), il est intéressant de constater la proportion d'adultes et d’individus immatures."
2011,species,avibase-90B13ACF,1 femelle adulte le 27/10 (sous réserve CHN). Il s’agit de la première mention de l’espèce sur le site en migration post-nuptiale.
2011,species,avibase-3C0C325D,"Excellente année pour la Buse variable puisqu’avec 16143 individus 2011 est la 4ème saison à dépasser les 15000 oiseaux depuis le début du suivi des rapaces en 1993.

Le phénomène de « fuite hivernale » (conditions météo rigoureuses poussant les migrateurs partiels à descendre plus au sud) semble jouer un grand rôle pour l'effectif saisonnier de Buse variable sur le site.

Si les premiers migrateurs sont notés dès la fin du mois d’aout, le flux ne s'active réellement qu'à partir de la dernière décade de septembre mais les effectifs restent inférieurs à 100 individus. La première décade d'octobre reste globalement identique à la précédente et il faut attendre le 12/10 pour que l'effectif journalier soit supérieur à 200 individus. À partir de cette date le passage commence vraiment. On observe trois pics de passage durant les 2ème et 3ème décades d'octobre. Durant cette période, 6 journées permettent de compter plus de 1000 individus et totalisent 57% de l'effectif saisonnier.

Le maximum est enregistré le 26/10 avec 2020 individus.

En novembre le passage s’estompe mais reste sensible et un sursaut est encore enregistré le 18/11 avec 340 individus.

La migration réelle se déroule sur 20 jours du 11 octobre (10%) au 30 octobre (90%)."
2011,species,avibase-56CCA717,Un vol de 65 oiseaux est noté le 13 octobre.
2011,species,avibase-D4C32F8E,"Seulement 80 individus sont dénombrés du 15 octobre au 2 novembre. Ce très faible effectif est à mettre en relation avec celui du Corbeau freux (les deux espèces formant souvent des groupes mixtes), bien que le site des Conches n'ai pas vu d'augmentation significative."
2011,species,avibase-28825494,"Avec un total de 1641 individus, l'effectif de Cigogne blanche progresse à nouveau par rapport aux saisons précédentes. Tout comme pour le Milan royal, les Cigognes blanches passent soit par le plateau Suisse soit par la Franche-Comté. Cette augmentation notable correspond probablement à un « choix » qu’effectuent les groupes de cigognes à la latitude de Bâle (CH).

A cet effectif élevé il faut ajouter au moins 3 groupes notés sur le canton de Genève ou dans l'Albanais (au sud) et n’ayant pas été contacté sur le site de suivi. On peut donc considéré qu’un effectif de 1800 à 2000 Cigognes blanches a transité par le bassin genevois durant cette saison.

Le passage débute le 17 aout et plus de 1000 oiseaux sont comptabilisés durant la dernière décade de ce mois. Un second pic est enregistré durant la 2"" décade de septembre avec notamment 110 individus le 13.

L'effectif journalier maximum est enregistré le 25 août avec 352 individus soit 21% de l'effectif total. Il s’agit là d’un nouveau record pour le site.

Un groupe tardif de 7 oiseaux est noté le 14 octobre.

La migration réelle à lieu en 25 jours, du 20 août (10%) au 13 septembre (90%).

2 groupes en halte : 60 individus le 30 aout à Viry, 29 individus à Vulbens le 13 septembre puis 5 individus stationne du 21 au 24 septembre à Vulbens."
2011,species,avibase-E2817DAE,"189 individus sont dénombrés du 26 juillet au 29 novembre. Il s’agit donc d’une nouvelle saison record. Les effectifs de plusieurs sites de passage augmentent régulièrement depuis les années 90 et confirment à nouveau la progression de l'espèce en Europe Occidentale. Le Défilé de l’Ecluse fait partie des sites clés pour le passage postnuptial de l’espèce en France.

On observe une phénologie décadaire originale avec une répartition assez homogène de fin juillet à fin septembre avec cependant un maximum centré sur le mois de septembre. L'effectif journalier maximum est enregistré le 5 aout avec 16 individus soit 8% de l'effectif total. Les 5 journées dépassant 10 individus représentent le Tiers du total.

La migration réelle se déroule en 59 jours du 29 juillet (10%) au 25 septembre (90%).

L’immature noté le 29 novembre constitue à ce jour la donnée la plus tardive du département."
2011,species,avibase-8372FFBA,"4 individus sont notés migrateurs : 28 juillet, 9 août, 9 septembre et enfin 1 tardif le 20 octobre."
2011,species,avibase-1078FFEA,"Seulement 657 individus sont observés, du 5 octobre au 19 novembre, dont un maximum de 119 pour le 29 octobre. 7777 individus sont dénombrés aux Conches (01) et constitue apparemment une très bonne saison. Le choix d’une voie plus occidentale peut en partie expliquer le très faible effectif saisonnier. Le passage de cette espèce est en constante diminution puisque jusqu’en 1997 l'effectif saisonnier était régulièrement supérieur à 15000 individus."
2011,species,avibase-2DAB45B8,"Saison hors norme pour le crécerelle avec 827 individus du 28 juillet au 27 novembre, le précédent maximum ayant été enregistré en 1993 avec 376 individus.

Les données restent très éparses en juillet-aout et le passage ne débute vraiment qu’à partir de la seconde décade de septembre.

Un premier pic de passage est atteint le 25 septembre avec 56 individus et laisse supposer qu’il s'agit d’un pic saisonnier classique malgré une avance de quelques jours par rapport à la moyenne. Début octobre le flux reste sensible mais rien ne laisse supposer le « rush » qui va suivre avec 70 individus le 9 puis 286 le 10 octobre. (Précédent record du site le 21/09/1995 79 individus). Ce phénomène, que l’on pourrait qualifier de « fuite automnale » a également été enregistré au Crêt des Roches puis 137 individus ont été notés durant la journée du 9.

Malgré l'aspect exceptionnel de cette saison, la migration réelle a lieu sur 24 jours du 20 septembre (10%) au 13 octobre (90%) montrant une très forte similarité avec les deux saisons précédentes."
2011,species,avibase-E91E287A,"74 individus sont notés du 24 aout au 21 octobre, ce qui constitue une excellente saison pour l'espèce. Le passage est centré sur la 24 et 3ème décade de septembre qui concentrent respectivement 39% et 30% de l'effectif saisonnier.

Le maximum est enregistré le 20 septembre avec 8 individus."
2011,species,avibase-47E58408,Faucon pèlerin Fa/co peregrinus 8 individus sont notés du 18 octobre au 27 novembre.
2011,species,avibase-F3DA111C,"Avec 79 individus, du 9 septembre au 20 novembre, la saison constitue un nouveau record devant la saison 1994 avec 71 oiseaux.

Si le premier oiseau noté le 9 septembre parait quelques peu hatif, les suivants n’arrivent que le 25 septembre et le passage est réellement concentré sur la 2rd et 3ème décade d'octobre.

On observe une très nette concentration du passage entre le 10 et le 14 octobre avec 31 individus soit près de 40% du total.

2 individus chassent en migration le 11 octobre.

2 individus en migration se chamaillent et effectuent des piqués le 23 octobre. - l'individu est attaqué par une Corneille noire le 7 novembre."
2011,species,avibase-A96692E0,Un vol de 10 individus le 13 novembre.
2011,species,avibase-3DF5C587,"Avec 7728 individus la saison 2011 est un nouveau record loin devant 1993 avec 5774 oiseaux. Alors que les populations européennes sont en constante évolutions depuis la fin des années 90, le suivi a toujours montré un effectif compris entre 3000 et 5500 individus avec une moyenne légèrement inférieure à 4000 individus (de 1993 à 2010) et sans tendance particulière. Cette brusque augmentation n’a pour l’heure pas d'explication.

Le passage commence dès le mois d’aout mais reste de très faible ampleur. Un premier pic est enregistré durant la première décade de septembre mais il faut attendre la troisième décade de ce mois pour voir un flux plus régulier s'installer.

Le « rush » est enregistré entre le 11 et le 15 octobre avec près de 2500 individus soit 32% de l'effectif total. Après cela le passage perdure jusqu’à un nouveau et dernier pic le 6 novembre.

La migration réelle se déroule sur 49 jours du 15 septembre (10%) au 2 novembre (90%)."
2011,species,avibase-49D9148A,Seulement 46 individus du 19 juillet au 6 novembre. Tout comme pour le Héron cendré les conditions météo doivent notablement influencer le passage. La meilleure journée est celle du 24 septembre avec 9 individus.
2011,species,avibase-99B8841E,"Bien qu’anecdotique si on les replace dans un contexte national, les 155 Grues cendrées de cette saison constitue un nouveau record, les meilleures saisons depuis 1993 donnant entre 50 et 70 individus. L'espèce est notée durant 9 journées du 14 octobre au 13 novembre avec un maximum de 28 individus le 13 novembre."
2011,species,avibase-407E2CA8,33 individus ont été dénombrés du 3 septembre au 6 novembre. Bien que ce chiffre paraisse faible il s’agit de l'effectif le plus élevé jamais enregistré sur le site. La progression récente de l'espèce le long de la moyenne vallée du Rhône (jusqu’à la région lyonnaise) ainsi que le bon état de conservation des populations Suisse sont deux arguments plausible pour expliquer ce chiffre.
2011,species,avibase-30FEC6BE,"Toutes espèces confondues, les estimations donnent plus de 69000 hirondelles au passage du 22 juillet au 2 novembre.

L'Hirondelle de rivage est la seule contactée en juillet. Le passage des rustiques et fenêtre commence durant la seconde décade d’aout. On observe une nette concentration du passage en septembre avec 4 pics. Le maximum est enregistré le 25 septembre avec 18670 individus.

La dernière Hirondelle de fenêtre est notée le 22 octobre, la dernière rustique le 2 novembre.

Un maximum estimé à plus de 38000 individus est enregistré le 13 septembre. Un autre pic de migration a lieu le 26 septembre avec près de 20000 oiseaux."
2011,species,avibase-94A1C447,"Toutes espèces confondues, les estimations donnent plus de 69000 hirondelles au passage du 22 juillet au 2 novembre.

L'Hirondelle de rivage est la seule contactée en juillet. Le passage des rustiques et fenêtre commence durant la seconde décade d’aout. On observe une nette concentration du passage en septembre avec 4 pics. Le maximum est enregistré le 25 septembre avec 18670 individus.

La dernière Hirondelle de fenêtre est notée le 22 octobre, la dernière rustique le 2 novembre.

Un maximum estimé à plus de 38000 individus est enregistré le 13 septembre. Un autre pic de migration a lieu le 26 septembre avec près de 20000 oiseaux."
2011,species,avibase-6429024D,"Avec 638 individus du 24 juillet au 2 novembre 2011 est une saison moyenne. Essentiellement migrateur nocturne, les effectifs saisonniers varient fortement probablement en fonction des conditions météo lors des forts passages. L'espèce aurait tendance à poursuivre sa migration plus longtemps lors des journées nuageuses…

Les données sont très éparses durant les mois de juillet et août et correspondent probablement plus à de la dispersion d’immatures et d’oiseaux n'ayant pas niché qu’à de réels mouvement migratoires.

On observe 3 pics : le 31 aout, les 3 et 4 septembre puis les 15 et 16 septembre.

L’effectif journalier maximum est enregistré le 15 septembre avec 245 individus soit 38% de l'effectif total."
2011,species,avibase-06D9A2C8,"Avec 11413 individus 2011 constitue un nouveau record pour le site, la moyenne des 4 dernières saisons se situant autour de 6500 individus. Il est très probable qu’une bonne saison de reproduction alliée aux conditions météo particulière de juillet (concentration du passage) soit à l’origine de cet effectif inédit. Le suivi du site de Creste en Auvergne qui voit également un effectif record dépassant les 10000 individus, plaide également en faveur d’une bonne saison de reproduction.

Comme chaque année le suivi débute avec les premiers départs. Le flux se met rapidement en place dès le 22 juillet. Durant les 7 jours suivants l'effectif journalier ne sera jamais inférieur à 400 individus et le record journalier du site est battu à 2 reprises, le 25 puis le 26 avec 1281 individus. 68% de l'effectif saisonnier est comptabilisé durant la dernière décade de juillet.

Durant les deux premières décades d’aout le passage reste soutenu malgré quelques jours de creux et le flux reste sensible jusqu’au 18 aout, dernier jour avec plus de 100 individus.

La migration réelle a eu lieu sur 20 journées du 22 juillet (10 %) au 10 août (90 %). Le dernier individu est noté le 26 octobre avec des Milans royaux."
2011,species,avibase-451D6FC8,"Saison exceptionnelle pour le Milan royal avec 8823 individus du 26/07 au 30/11, très nettement au-dessus de la moyenne des 3 dernières années, ce chiffre représente une augmentation de 37% par rapport au précédent record de 2008 (5580 ind).

A ce jour, 2 voies d’entrée principales sont connues à l’est de la France pour les populations du nord de l’Europe :

Le« sud Jura » passe par le plateau Suisse puis le Défilé de l’Ecluse.

Le« nord Jura » passe par le Crêt des Roches (Doubs) Une telle augmentation aurait pu s'expliquer par une forte diminution au Crêt des Roches, or, le suivi effectué sur ce site ne montre un effectif inférieur que de 12% par rapport à 2010. Il semblerait que l’augmentation constante de l'effectif sur le site ne puisse plus s'expliquer par la seule expansion de la population nicheuse de Suisse.

Le flux se met en place durant la dernière décade de septembre. La migration réelle se déroule sur 49 jours du 25 septembre (10%) au 12 novembre (90%) montrant ainsi une singularité en comparaison des saisons 2009 et 2010 durant lesquelles cette période était plus courte de 8 jours.

Le maximum est enregistré le 14 octobre avec 967 individus soit 11 % du total saisonnier.

On observe une première vague de passage durant la 3ème décade de septembre pouvant correspondre aux populations Scandinaves (comparaison avec le site de Falsterbo). Le second et plus important pic de passage intervient vers la mi-octobre. Puis, alors qu’habituellement le passage s’estompe progressivement jusqu’en novembre, le passage reste marqué avec encore 200 individus le 6 novembre et plus de 160 les 17 et 18 novembre."
2011,species,avibase-4AED44E8,"Toujours aussi rare en migration en Haute-Savoie, 3 individus sont notés le 18 octobre."
2011,species,avibase-68E4C0D1,"Les estimations donnent 2880 individus du 13 septembre au 9 novembre avec un maximum estimé de 380 individus le 15 octobre.

Lors des gros passages de Pigeon ramier, l'effectif de Pigeon colombin est obtenu par extrapolation. La proportion de colombin dans les groupes ayant pu être détaillés est reportée à l'effectif journalier estimé de pigeons.

Contrairement au Pigeon ramier, le passage est beaucoup plus étendu dans le temps puisque le flux devient sensible dès la seconde décade de septembre pour ne prendre fin qu’à la dernière décade d'octobre.

On observe une première vague de passage (les vols sont constitués presque uniquement de colombins) centrée sur la dernière décade de septembre puis une seconde vague durant la seconde décade d'octobre correspondant au pic de passage du Pigeon ramier (les 2 espèces sont mêlées).

L’effectif journalier est supérieur à 200 individus durant les journées du 25 septembre et du 5, 14 et 15 octobre et totalisent 41% de l'effectif total."
2011,species,avibase-760F307A,"Les estimations donnent 28725 individus comptabilisés du 3 octobre au 9 novembre. Après une très belle saison 2010 (plus de 120000 individus) la saison 2011 correspond à un retour à la moyenne des saisons 2004 à 2009.

On observe 3 vagues de passage durant la seconde et troisième décade d'octobre. La première est la plus forte avec près de 13000 individus du 13 au 15. La seconde est de moindre intensité mais totalise près de 7300 individus du 20 au 23. Enfin, la troisième est nettement moins marquée avec un plus de 3400 individus du 27 au 29.

Le maximum est enregistré le 14 octobre avec 6901 individus soit 24% de l'effectif saisonnier."
2011,species,avibase-DB376A66,"Nouveau record pour le site avec 1861 individus du 25 juillet au 30 novembre. Le précédent record datait de 1996 avec 1704 individus.

Le passage débute fin aout mais reste anecdotique avec une moyenne journalière inférieure à 10 individus.

Ce n'est qu'à partir de la troisième décade de septembre que le flux devient réellement perceptible avec plusieurs journées dépassant 20 individus. Après une première décade d'octobre étrangement calme, le passage se met réellement en place et la seconde et troisième décade d'octobre voient se succéder 4 pics de passage.

En novembre le passage devient anecdotique avec seulement 3 journées avec plus de 10 oiseaux.

Le maximum est enregistré le 21 octobre avec 206 individus (11% du total) et constitue un nouveau record journalier juste devant la journée du 25/10/1997 avec 205 individus.

Le passage de l’Epervier d'Europe reste très étendu dans le temps puisque la migration réelle se déroule sur 46 journées du 15 septembre (10%) au 30 octobre (90%)."
2012,site,background,"Le site du défilé du Fort l’Ecluse (ou Défilé de l’Ecluse) fut mis en évidence en 1947 (J. BURNIER, P. CHARVOZ, P. GÉROUDET, R. HAINARD, C. VAUCHER et al.) pour ses passages spectaculaires de pigeons et de corvidés. Suite à cela, P. CHARVOZ et J.D. FONTOLLIET consacrèrent une grande partie de leur temps libre à l'observation de la migration sur ce site privilégié.

La première synthèse fut l’œuvre du Groupe des Jeunes de Nos Oiseaux, section Genève (G. MÜLHAUSER, T. SCHMID, À. SCHUBERT ET C. VICARI) et porte sur une permanence journalière du 13 août au 30 octobre 1983. Puis c’est en 1992, après 75 jours d'observation continue et le dénombrement de plus de 11000 rapaces, qu'il est envisagé de mettre en place un suivi permanent dès l’année suivante, associant les Suisses de Nos Oiseaux (P. CHARVOZ, M. MAIRE ET AL.) et les Français du Groupe Ornithologique Haut Savoyard, future LPO Haute-Savoie (J.P. MATÉRAC ET AL.). De 1993 à 2007, le suivi a été assuré au minimum de mi-juillet à fin novembre et ce, tous les jours durant lesquels les conditions météorologiques le permettaient.

A la fin de la saison 2007, le DR. CHARVOZ ayant exprimé son impossibilité à assurer une saison supplémentaire, la LPO Haute-Savoie a formulé une demande au collectif «Tête en l'air », avec pour objet, la mise en place d’une permanence salariée durant trois mois afin de poursuivre le suivi de la migration postnuptiale sur ce site remarquable.

« Longtemps, l'acquisition de connaissances sur les migrations d'oiseaux n’a pu se faire que par l'observation directe. Mais malgré le développement d’autres techniques de suivis (baguage, pose de balises, radar), l'identification et le comptage des migrateurs en des points de passage stratégiques demeure une méthode indispensable et pertinente, dans la mesure où, comme tout échantillonnage, les suivis sont réalisés dans les mêmes conditions d’une année à l’autre (protocole stable), et sur une longue période (au moins cinq ans).

Alors qu'il reste encore à découvrir de nombreux aspects mal connus de la vie des oiseaux migrateurs, la connaissance apportée par les suivis constitue une base solide sur laquelle repose toute évaluation patrimoniale. Les données engrangées durant les nombreuses heures d'observation apportent des informations essentielles sur le déroulement de l’activité migratoire. Les effectifs dénombrés selon un protocole standardisé sur chaque site permettent de mesurer la chronologie de la migration et son évolution dans le temps. Ils offrent aussi la possibilité de produire des indicateurs de la dynamique des populations d’oiseaux. L'évolution du nombre d'oiseaux observés sur un site en migration active est le plus souvent corrélée à la taille de la population de laquelle ils sont issus. La combinaison de tels indicateurs provenant d’un réseau de sites offre une meilleure précision dans le calcul des tendances des effectifs et de l'évaluation de l’état de santé des espèces suivies. Ces conditions remplies, les données recueillies permettent d'évaluer l’état de santé des oiseaux migrateurs en comparant l’évolution des effectifs. Ainsi le suivi de la migration à Organbidexka, qui est conduit depuis plus de vingt ans, a permis de mesurer l'effondrement européen des effectifs du Milan royal et a conduit à l'élaboration d’un plan national de restauration de l'espèce. » source Mission Migration France Extrait de « CHARVOZ & AL. 1996 » « Le défilé du Fort l’Ecluse est pratiquement la sortie naturelle du Plateau suisse en direction du sud-ouest. Cet « entonnoir » géographique provoque une concentration des migrateurs en ce point, la crête du Jura paraissant les guider, surtout lorsque le plafond nuageux est bas. En effet, c’est dans cette région que la chaîne principale du Jura devient de plus en plus élevée (Le Reculet, 1717 m) et s’oriente au sud. De l’autre côté du défilé du Fort l’Ecluse, au fond duquel coule le Rhône, ce plissement se termine par le Vuache (altitude comprise entre 890 et 1101 m), qui mesure une dizaine de kilomètre de long. A l’est, le Salève (altitude : 1200-1375 m) et, bien au-delà, les Préalpes savoyardes influencent aussi le passage.

Le passage dans le défilé lui-même (altitude 343 m au Pont Carnot) est loin d’être la règle générale. En effet, un grand nombre de migrateurs ne transitent pas par le défilé mais débordent vers l’est et passent sur le Vuache. D’autres individus, surtout par temps clair, franchissent la chaîne du Jura en amont du Crêt d'Eau (1621 m). » La figure 2 montre 4 des sites les plus favorables à l'observation de la migration postnuptiale. Le site du Fort l’Ecluse a été beaucoup utilisé jusqu’au début des années 90. Bien que beaucoup moins d'oiseaux y soient décomptés, il s’agit certainement du meilleur endroit pour l'observation à proprement parler.

Les sites de Cessens et de Collonges (01) peuvent être utilisés en cas de brouillard et/ou stratus persistants."
2012,monitoring,methods,"Field protocol:

Le site d'observation se trouve au pied nord-est du massif du Vuache, sur la rive gauche du Rhône, entre le fleuve et le village de Chevrier, à une altitude de 400 mètres. Le lieu même de suivi se trouve entre les lieux dits Champ Vautier et Rogy le long de la voie SNCF. Cette position offre les meilleures conditions de visibilité à la fois sur la chaîne du Jura au nord et en direction du massif du Salève à l’est.

Les observations sont effectuées au minimum et si les conditions le permettent de 10h à 17h en été (GMT + 2) et de 9h à 16h en automne (GMT + 1).

La sphère d'observation est balayée systématiquement avec des jumelles (7X50 et 10x40) afin de repérer les groupes ou individus isolés. La longue vue (38x82 et 20-60x80) n’est utilisée que pour l'identification et le dénombrement et en aucun cas pour le repérage.

Les individus de chaque espèce en migration active sont identifiés, comptés et leur nombre (plus l’âge et le sexe si il y a lieu) est reporté par demi-heure sur une fiche de suivi conçue à cet effet.

Les rapaces et grands oiseaux (ciconiiformes, cormorans) constituent la cible principale du suivi et sont en conséquence dénombrés à l’unité. Les pigeons font l’objet d’une estimation par groupes. Toutes les autres espèces en migration active sont, dans la mesure du possible, identifiées. Leur dénombrement fait l’objet, selon les cas, d’estimations par tranches de 30 minutes (hirondelles, passereaux).

De nombreux points de repère ont été définis sur le site (relief, infrastructures, arbres isolés.) afin de faciliter le repérage par tous les observateurs présents. Le franchissement de certains de ces repères ainsi que l'observation des comportements permet de considérer, ou non, un oiseau comme migrateur.

En cas de fort passage de rapaces, une première estimation de l'effectif est effectuée, au loin, lors du repérage aux jumelles. Ensuite, le déplacement du groupe est suivi, puis compté au moment du passage, au plus près des observateurs.

Un suivi horaire des conditions météorologiques est effectué, en parallèle au comptage, par le responsable du suivi. Il consiste à relever 6 critères définis préalablement : couverture nuageuse, type de nuage, type de précipitation et intensité, direction et force du vent, visibilité.

Un salarié de la LPO délégation Haute-Savoie est responsable du suivi du lundi au vendredi, du 15 juillet au 15 novembre. Il est remplacé les week-ends, les jours fériés et après le 15 novembre par un ou plusieurs bénévoles.

Data processing and analysis:

L'ensemble des observations a été saisi dans la base de données en ligne de la LPO 74, au jour le jour, et transmis à la Mission migration de la LPO France (migraction.net).

Afin de ne pas surcharger le présent rapport et par souci de lisibilité, seuls les rapaces et les espèces dont les effectifs le permettent font l’objet d’un histogramme et d’une description.

Dans l’objectif de faire ressortir des éléments déterminants et comparables de la migration, une rapide analyse est effectuée, à l’aide d’un histogramme présentant les résultats journaliers ainsi que les cumuls par décade, pour les espèces les plus représentatives.

Pour des raisons de temps, il n’a pas été possible d'exploiter les relevés météorologiques journaliers.

Des comparaisons sont faites avec les suivis effectués sur d’autres sites de suivi majeurs ; ces sites sont situés sur la carte en dernière page."
2012,monitoring,effort,"La migration visible a été enregistrée du 16 juillet au O1 décembre 2012.

Durant cette période comprenant 139 jours, 129 (93%) ont fait l’objet d'observation continue avec toutefois 8 jours d'observations non continue (moins de 7h journalière du fait de conditions météorologiques défavorables). Ces 129 jours totalisent un peu plus de 1140 heures d'observation soit une moyenne de 8 heures et 50 minutes par jour. Le nombre d’heures observateurs est estimé à 3089 (exemple : 2 observateurs actifs sur une journée de 10h de suivi = 20h observateur).

On note 26 jours (20,2%) avec moins de 10 individus comptabilisés dont 14 jours durant lesquels aucun individu n’a été observé. Des effectifs de 500 à 1000 rapaces ont été recensés sur 18 journées et de plusieurs milliers de rapaces sur 15 journées ; l’ensemble de ces journées représentant 42,7% de l'effectif total des rapaces. Enfin, une journée record comptabilise un effectif de 10 662 individus soit 41% de l'effectif total.

Pour la saison 2012, la LPO Haute-Savoie a assuré une présence quotidienne avec au moins un ornithologue durant les quatre mois que dure la migration postnuptiale c'est-à-dire du 16 juillet au O1 décembre.

Emmanuel Gfeller, salarié de la LPO, a assuré le suivi du 16 juillet au 3 septembre, du 15 au 02 octobre et du 24 octobre au 09 novembre. Baptiste Doutau, salarié également, l’a remplacé pendantl0 jours du 03 au 12 septembre et 10 jours entre le 03 et le 22 octobre. Les autres jours sans salariés, les Week-ends, jours fériés et la période du 10 novembre au 01 décembre ont été assurés par les bénévoles de la LPO.

Le site de Champ Vautier est le plus utilisé et c'est depuis ce point, que la majorité des observations de 2012 a été réalisée."
2012,weather,july,"La seconde quinzaine est assez sèche et lumineuse. Les températures sont ensuite estivales au milieu de la troisième décade. Dans l’ensemble, les précipitations sont plutôt excédentaires avec des températures moyennes fraîches. Peu d'épisodes venteux seront retenus pour ce mois-ci."
2012,weather,august,Des conditions estivales s'installent avec un épisode de canicule en seconde partie du mois. La pluviométrie est dans l’ensemble peu élevée mais des averses orageuses provoquent ponctuellement de fortes précipitations. L’ensoleillement est majoritairement excédentaire mis à part une troisième décade plus grise. Les activités orageuses associent quelques rafales de vent en fin de mois.
2012,weather,september,La première décade est plutôt clémente à l'inverse de la seconde qui est plus perturbée. La troisième est pluvieuse (dans les normales de saison) avec un ensoleillement déficitaire. Ce mois est une alternance de fraicheur et de chaleur. On notera quelques gelées (la nuit du 20 est la plus froide ainsi que les 27 et 28 septembre).
2012,weather,october,Mois peu ensoleillé mais relativement doux mis à part un épisode hivernal à partir du 27. Les précipitations sont irrégulières et plutôt déficitaires (de 30% en Rhône-Alpes). Quelques flocons iront jusqu’en plaine sur cette fin de mois. On notera des vents forts dans la deuxième décade avec de violentes rafales sur le lac Léman (114 km/h le 28 à Usinens).
2012,weather,november,Des précipitations ont lieu en début de mois et dans la dernière décade. Les premières chutes de neige commencent en altitude. L’ensoleillement reste faible. Les températures sont plutôt dans les valeurs de saison.
2012,weather,december,Les degrés chutent au tout début du mois de décembre avec des températures négatives en plaine. Les précipitations sont sous forme neigeuses à basse altitude pendant plusieurs jours de la première décade de décembre.
2012,results,overview,"Au total durant cette période,  63 048 rapaces diurnes représentant 17 espèces ont été dénombrés. Une espèce de rapace nocturne a également été observée : le Hibou des marais.

Parmi ces 18 espèces, 4 représentent 95,9% de l'effectif total des rapaces diurnes. La Buse variable a atteint un chiffre record cette année et représente à elle seule plus de la moitié des effectifs de rapaces soit 55,1% du total. Suivent ensuite le Milan royal (18,4%), le Milan noir (13,2%), la Bondrée apivore (5,5%) et l’Epervier d'Europe (3,8%). Le Faucon crécerelle représente un faible pourcentage (2 %) mais étant donné le nombre record de rapaces cette l’année, l'effectif total d'individus observés reste important (effectif supérieur à 2011).

Trois espèces n’ont été contactées qu’une seule fois : le Vautour fauve, l’Aigle criard et le Hibou des marais. 83 rapaces indéterminés ont également été notés dont 3 faucons et 1 aigle."
2012,results,highlights,"Ce sont 69 espèces qui ont été identifiées et contactées en migration active .

La Cigogne blanche (record 2012) et la Cigogne noire ont atteint des effectifs quasiment similaires à 2011, une saison encore satisfaisante pour les 2 espèces.

L’effectif de Grand Cormoran est le plus important jamais compté ; lorsque l’on compare avec l'effectif moyen des 4 années précédentes (x= 5247 individus/an) et avec l’année 2011 (effectif multiplié par 1,5 en 2012), cette année est exceptionnelle pour l'espèce.

Les effectifs d’ardéidés, malgré des variations annuelles, sont supérieures aux 4 années précédentes (effectifs cependant assez proche de 2008). Le Héron cendré reste toujours dans une moyenne comprise entre 500 et 1000 oiseaux. La Grande aigrette représente un effectif très satisfaisant et la meilleure année de suivi. Ces effectifs sont toutefois influencés par la pression d'observation plus importante cette année en début et fin de journée (ces espèces migrent en effet également la nuit).

Plusieurs groupes de Grues cendrées ont été notés, totalisant 209 individus, un effectif de nouveau exceptionnel pour le site.

L’effectif de Pigeon ramier est encore en progression par rapport à 2011 mais reste dans une tendance à la baisse par rapport aux dernières décennies.

Le passage des Martinets noirs reste très concentré en début de période de suivi. L'effectif 2012 correspond à une année moyenne.

En comptabilisant toutes les espèces d’hirondelles, l'effectif saisonnier atteint un résultat bien supérieur aux dernières années qui généralement comprenait des effectifs autour de plusieurs dizaines de milliers d'oiseaux. L'année 2011 dépassait 100 000 individus.

2012 est donc une année encore plus favorable et exceptionnelle pour les hirondelles avec une estimation de 321 025 oiseaux. L'Hirondelle de rivage (Riparia riparia) est, comme à l’accoutumée, la première des hirondelles à passer en juillet et la seule espèce. Les autres espèces suivent dans la deuxième décade d'août et le flux se concentre surtout à partir de mi-septembre jusqu’à début octobre. On observe sur la figure suivante un premier pic le 08 septembre à 17577 individus. L’effectif journalier le plus marquant est celui du 19 septembre avec un passage de 153 246 hirondelles soit presque la moitié de l'effectif total (47,7%).

On retiendra pour l’Hirondelle rustique (Hirundo rustica), une période de migration plus importante que pour l’Hirondelle des fenêtres (Delichon urbicum) et un effectif saisonnier presque 4 fois supérieur à celle-ci.

L'Hirondelle des rochers (Ptyonoprogne rupestris) est vraiment anecdotique puisque seulement 5 individus sont notés. Les hirondelles les plus tardives sont les Hirondelles rustiques et les derniers individus sont observés le 06 novembre.

Les Hirondelles, toutes espèces confondues, comptabilisent 321025 individus. L'effectif de l'année dernière représentait seulement 10, 8 % de celui de 2012.

Les Passereaux représentent toujours une diversité importante avec cependant un très grand nombre d'indéterminés (365 503). Cette année est marquée par un passage de pinson des arbres : 457 597 individus comptés.

Les effectifs de corvidés restent peu élevés malgré une légère augmentation par rapport à 2011, notamment pour le Corbeau freux. L'effectif élevé du Geai des chênes s'explique par les phénomènes d'invasion, variable selon les années.

Certaines espèces hivernantes sont marquées en migration active car leur déplacement semble clairement montrer une tendance à la dispersion plutôt qu’a un simple déplacement local. C'est le cas cette année pour un Pic épeiche et 3 Sittelles torchepot.

Enfin, quelques observations remarquables ont été réalisées : Pélican blanc, Labbe parasite, Bruant ortolan."
2012,results,discussion,"Le suivi de la migration postnuptiale au Défilé de l'Ecluse a, pour sa cinquième année, permis de réaliser un bilan saisonnier exceptionnel. Les résultats du travail des salariés et des bénévoles ne seraient possibles sans le financement de l'opération Tête en l'air. Les nombreux records atteints montrent d'autant plus l'importance de ce site migratoire et le rôle primordial des observateurs qui apportent chaque année des connaissances supplémentaires sur les espèces migratrices. Ces données précieuses permettent d'établir des comparaisons entre les effectifs annuels et les résultats des différents sites de migration dans l'objectif de suivre l'évolution des populations d'oiseaux, leur état de conservation et l'influence des changements climatiques sur leurs comportements migratoires. Les animations Tête en l'air sensibilisent chaque année un peu plus le grand public et les scolaires et valorisent l'implication de la population locale sur ce site.

Afin de respecter une périodicité dans le protocole nous avons relaté, dans ce présent rapport, les résultats allant du 16 juillet au 01 décembre. Cependant Jean-Pierre Matérac (président de la LPO Haute-Savoie), malgré ses très nombreuses heures d'observations pour cette saison, a souhaité prolonger le suivi sur le site de migration pour le début du mois de décembre. Ce sont des résultats inattendus qui en découlent et qui accentuent les records déjà réalisés. Le mois de décembre s’avérerait également intéressant pour la migration.

Tout d'abord l'effectif des rapaces a dépassé le record du site atteint en 2011 (46 017 oiseaux) avec 63049 individus au 01 décembre, cumulés aux chiffres du mois de décembre, ce sont presque 85000 individus recensés au 13 décembre !

La Buse variable est l'espèce phare de cette année qui a connu tous les records: l'effectif journalier le plus élevé jamais recensé pour l'espèce avec 10717 individus le 11 décembre ; le plus grand effectif saisonnier jamais recensé soit 34722 individus au Îer décembre et 55791 individus au 13 décembre. Ces résultats placent le site du Défilé de l'Ecluse en tête de tous les sites de migration européens (Les précédents records saisonniers étaient de 36 000 Buses variables à Falsterbo en Suède en 1950, 31 300 à Stignaes au Danemark (1974), 27 121 à Hellebaek au Danemark (2008) et 23 512 à Falsterbo (2010). Les records français étaient de 19 125 Buses au défilé de l'Ecluse (2003) et de 12 013 en migration prénuptiale au Hucel (2003)). La « fuite hivernale » semble expliquer les chiffres si importants du mois de décembre avec des conditions météorologiques rigoureuses dans l'Europe du Nord et de l'Est et une période de grands froids en Russie.

La saison est également exceptionnelle pour le Milan royal avec un effectif saisonnier plaçant le site du Défilé devant tous les sites européens, du jamais vu avec 11607 oiseaux (au 1er décembre) et 12322 oiseaux (au 13 décembre). Cette espèce, emblématique du site, a également connu un record journalier.

D'autres espèces auront marqué la saison avec des effectifs saisonniers pour le site, supérieurs aux années précédentes : l'Epervier d'Europe, le Faucon crécerelle, le Grand cormoran, les Hirondelles (toutes espèces confondues), le Pinson des arbres, la Grande aïigrette et la Grue cendrée. La Cigogne blanche est en progression.

2012 prouve une nouvelle fois la place majeure du site du Défilé de l’Ecluse tant sur le plan national qu'européen. Le protocole mis en place depuis 2008 révèle l'intérêt d’un suivi scientifique sur le long terme et mérite d'être prolongé les années qui suivent. Les enjeux sont de taille. En effet, le site du Défilé de l’Ecluse, nous permet, pour le Milan royal, espèce qui bénéficie d'un plan d'action national et dont les effectifs en France se sont effondrés ces dernières années, de confirmer et de suivre l'évolution favorable des populations provenant principalement de Suisse et d'Allemagne, qui se décline en Haute-Savoie par l'installation prometteuse d’une petite population nicheuse, la seule en croissance en région Rhône-Alpes. Un autre enjeu majeur est l'étude des populations d'oiseaux dont les stratégies migratoires et d'hivernages semblent être influencées par les changements climatiques. Notre responsabilité est donc de poursuivre cet engagement en faveur de la conservation de l'avifaune sauvage, sur ce site d'importance nationale, européenne, et même mondiale en ce qui concerne le Milan royal et la Buse variable de la sous espèce « buteo ».

La LPO remercie toutes les personnes qui ont contribué à ces cinq années de suivi et espèrent vivement renouveler cette action dès 2013. Préparez-vous pour de nouvelles observations à Champ Vautier la prochaine saison à partir de mi-juillet!"
2012,species,avibase-ED2AC04E,"Alouette des champs A/auda arvensis 7590 individus sont observés pour cette saison d'observation du 02 octobre au O1 décembre. Le passage est régulier jusqu’au 12 novembre. La journée du 14 octobre compte 2256 oiseaux soit 29,7% de l'effectif total. Suivra ensuite encore un pic de passage le 18 octobre avec 1047 individus."
2012,species,avibase-742EC2F1,Cette année est légèrement supérieure aux trois années précédentes avec 528 individus mais reste une saison inférieure à 2008 qui s'était avérée très intéressante (1272 individus). Les oiseaux sont passés entre le 05 octobre et le 12 novembre. Les effectifs sont réguliers et les observations sont quasiment quotidiennes sur cette même période. Le plus gros effectif ae journalier est compté le 15 octobre avec 137 alouettes.
2012,species,avibase-95DD1855,"6 individus sont observés au total : 1 femelle adulte le 10 octobre, 2 individu le 11 et 1 le 16 octobre, 1 femelle adulte le 29 octobre et un mâle adulte le 12 novembre."
2012,species,avibase-1327AC55,"86 individus sont dénombrés du 12 août au 14 octobre. L'année 2012 est plutôt inférieure aux effectifs des meilleures années (plus de 130 individus en 1998, 2001 et 2011). On observe un passage en « dents de scie » avec plusieurs pics journaliers de façon irrégulière. Le maximum est atteint le 26 août avec 7 individus.

La migration réelle du Balbuzard se déroule du 25 août (8% de l'effectif total) au 05 octobre (10%) sur 39 jours.

Les critères permettant l'identification individuelle (sexe et âge) demandent une certaine proximité dans l’observation. Une part importante des oiseaux passant à grande distance, cette indentification n’est pas réalisée pour cette espèce (seulement un individu adulte a pu être identifié)."
2012,species,avibase-ED5A7E8F,"La saison 2012 est peu élevée avec 3489 individus du 2 août au 29 septembre. La Bondrée connait pour ce site un effectif bien inférieur aux autres années. Cette baisse s’est également observée sur d’autres sites de migrations comme Organbidexka, La Sardagne ou Gruissan et même observation à Greifvogel en Autriche. Des conditions météorologiques peu favorables au printemps sembleraient avoir fait chuter le taux de réussite de la reproduction.

La migration réelle de la Bondrée apivore a eu lieu en 17 jours, du 23 août (17 %) au 08 septembre (99 %). Le maximum est enregistré le 26 août avec 850 individus soit 24% de l'effectif total.

Le flux se met en place le 23 août avec 344 individus. Les trois jours du 26 au 28 août suivent avec des effectifs totalisant 1462 soit près de 42 % du total.

Une deuxième vague passe entre le 31 août et le 08 septembre avec un deuxième pic important à 790 individus le 02 septembre. À partir de la première décade de septembre, les effectifs sont réduits à moins de 10 individus par jour."
2012,species,avibase-F558C7F9,"C’est un effectif total de 46 individus qui a été compté entre le 18 septembre et le 01 décembre. Cette année a vu un passage un peu plus étendu que les années précédentes. L’effectif reste quant à lui dans la moyenne habituelle. Plusieurs individus ont pu être identifiés au niveau du sexe et de l'âge : 8 mâles et 3 femelles adultes, 10 individus de 1ère année et 25 individus de type femelle (distinction pas possible à une certaine distance). Le maximum est enregistré le 14 novembre octobre avec 7 individus.

On observe un décalage des passages journaliers entre les deux espèces proches que sont le Busard cendré et le Busard St-Martin."
2012,species,avibase-63B6412E,"Le Busard cendré reste anecdotique dans le passage de rapaces sur le site du Défilé de l’Ecluse. Au total, 7 Busards cendrés ont été dénombrés en cette saison 2012. Ce chiffre est compris dans l'effectif moyen habituel (5 à 29 individus depuis 2000).

Le 23 aout est marqué par le passage des 3 premiers oiseaux. Les 4 autres passent entre le O1 et le 11 septembre. La phénologie de passage semble cette année légèrement plus tardive (habituellement plutôt entre la moitié et la fin du mois d'août). Sur les autres sites de passage français, les plus gros effectifs journaliers ont été observés autour du O1 septembre pour celui d'Organbidexka (Pyrénées-Atlantiques) et entre le 26 aout et le 07 septembre pour le site de Gruissan (Aude). Le passage de l’espèce semble varier de quelque peu chaque année mais reste compris dans une période du 15 août au 15 septembre."
2012,species,avibase-E2A19474,"La saison 2012 compte un total de 628 individus, effectif inférieur à la saison 2011 mais néanmoins positif pour l'espèce car les autres années 2000 se situaient plutôt autour de 300 individus.

Les premiers oiseaux sont notés durant la dernière décade d’aout mais le passage commence réellement qu’en septembre.

On observe deux pics dans la première décade de septembre (20 individus les 02 et 34 individus le 04). C’est dans les deux décades suivantes que le plus gros du passage s’effectue avec 2 jours à 42 individus (les 20 et 25 septembre), ainsi que le maximum journalier à 79 individus le 27, suivi le lendemain avec un effectif de 65 individus. Ces deux derniers jours représentent 21 % de l’effectif total.

Suite à cela le passage diminue nettement avec cependant encore quelques journées à plus de 20 individus, au cours des deux premières décades d'octobre. Les observations après mi-octobre sont vraiment minimes. Les derniers oiseaux sont notés le 12 novembre après deux semaines à effectif quasiment nul.

La migration réelle du Busard des roseaux a eu lieu en 36 jours du 04 septembre (11 %) au 11 octobre (90 %), plus tardivement qu’en 2011 (la majorité était passée en septembre).

La détermination précise des individus observés permet de différencier le sex-ratio au sein de plusieurs classes d'âges. Ces indications ont été apportées pour 565 individus. Environ un tiers des oiseaux observés correspond à des adultes et que plus d’un quart est représenté par des individus de 1ère année. Des oiseaux de 2ème année ont également été observés mais en moindre proportion (2%). Les oiseaux indéterminés et de type femelle ne permettent pas de conclure sur le sex-ratio de l’ensemble des individus comptés. Les oiseaux type femelle permettent tout de même de voir une probable proportion supérieure aux mâles.

Parmi les individus dont le sexe a pu être déterminé selon les classes d’âge, on observe dans l’ensemble un sex-ratio en faveur des mâles. Ce constat est toutefois à modérer car les individus de type femelle et les oiseaux indéterminés ne sont pas pris en compte, ce qui ne peut pas permettre de confirmer le sex-ratio de l’ensemble des oiseaux observés. On peut ainsi seulement constater des tendances."
2012,species,avibase-3C0C325D,"Record historique pour la Buse sur le site du Défilé de l’Écluse en 2012. C'est un chiffre jamais atteint de 34 722 individus; ce qui représente plus du double de l'effectif de l'an passé (2011 étant la quatrième année seulement depuis 1993 à dépasser 15 000 oiseaux).

Quelques individus sont notés au mois d'août mais de façon très ponctuelle. Ce n'est qu'à partir de la deuxième décade d'octobre que des effectifs journaliers dépassent la centaine d'individus. Du 02 octobre (10% de l'effectif total) au 20 octobre (55 %), on distingue 3 pics de passage dépassant plus de 1000 d'individus dont le plus important a eu lieu le 15. Cette journée permet de compter 8857 individus, effectif journalier jamais atteint jusqu'à présent (environ 5 à 7 fois plus important que les maximums journaliers atteints les années précédentes). Cette journée du 15 comporte à elle seule 4 de l'effectif de la saison 2012 et dépassent des effectifs annuels.

Ainsi, le flux principal est passé dans la deuxième décade d'octobre et la première de novembre réunissant le plus gros de l'effectif total. La migration réelle s'est déroulée du 02 octobre (10%) au 08 novembre (90%). Les observations de Buse variable ont été réalisées sur plus de 80 jours au total. À la fin de la période de suivi, le passage s’estompe mais la journée du 30 novembre enregistre encore plus d'un millier d'individus : effectif probablement lié aux conditions météorologique rigoureuses les jours précédents (températures en baisse et neige), poussant les migrateurs à descendre plus au sud. Ce phénomène de « fuite hivernale » influence l'effectif saisonnier de Buse variable sur le site et cette année sera particulièrement marquante car même au début du mois de décembre des journées à plusieurs milliers d'individus seront encore observées."
2012,species,avibase-85625D75,2 oiseaux sont observés le 19 octobre.
2012,species,avibase-56CCA717,L'individu est noté le 10 octobre.
2012,species,avibase-D4C32F8E,"C'est un effectif moyen de 529 Choucas des tours qui est dénombré cette année. Les oiseaux ont été comptés entre le 13 octobre et le 14 novembre avec un maximum enregistré le O1 novembre avec 135 individus. Les effectifs de corvidés notés sur le site des Conches dans l’Ain semblent assez similaires (1263 Corbeaux freux et 775 Choucas des tours) et ne peuvent peut-être pas traduire, comme certaines années, un passage en faveur de ce site plutôt que celui du Défilé."
2012,species,avibase-28825494,"L’effectif saisonnier continue sa progression d'année en année avec 1796 oiseaux pour 2012. Les oiseaux de passage dans l’Albanais peuvent être signalés en complément car ils n’ont probablement pas été contactés au Défilé de l’Ecluse. Le 12 aout, 11 cigognes ont été observées à Marigny-st-Marcel. Le 22 à St Félix, 40 individus font une halte pour y rester la nuit. Puis à Bloye, c’est au moins 80 oiseaux qui sont notés les 23 et le 24 août. Le passage débute le 09 aout et presque la moitié de l'effectif total passe dans la deuxième décade de ce même mois avec 895 individus (49,8%). Quelques pics sont encore notables dans la dernière décade d’août (103 individus le 29) et dans la première de septembre (plus de 60 cigognes les 04 et 08 et 84 oiseaux le 13). L’effectif journalier maximum est enregistré dès le quatrième jour de passage avec 213 individus le 12 août (soit 11.9% de l'effectif total).

On notera un passage un peu plus tardif de quelques individus entre le 17 et le 31 octobre. La migration réelle à lieu en 22 jours, du 10 août (13%) au 13 septembre (92%). Plusieurs sites à proximité du site de migration ont fait l’objet de belles observations avec des groupes d'oiseaux en halte migratoire:

11 aout : 13 oiseaux sont posés dans des prés à Copponex.

12 aout : 94 individus sont notés en dortoir au château de Vulbens.

16 aout : 38 individus s'arrêtent au village de Chêne-en-Semine et y resteront la nuit.

Du 25 au 29 août : plus de 100 individus se préparent pour la migration à Viry (observés en train de s’alimenter et en dortoirs sur des toits).

Le 8 septembre : 19 cigognes sont stationnées à Valleiry et un individu est observé dans un champ à Minzier.

Du 25 au 27 septembre : 15 individus s’alimente dans des prairies à Vulbens et trouvent un dortoir près de Dingy-en-Vuache. Parmi ces oiseaux, plusieurs bagues ont pu être lues."
2012,species,avibase-E2817DAE,"Du 30 juillet au 16 octobre, 167 individus ont été dénombrés. Par rapport à 2011, la Cigogne noire obtient en 2012 une période plus courte de passage et un effectif un peu moins élevé. Les effectifs de plusieurs sites de passage augmentent régulièrement depuis les années 90 et confirment à nouveau la progression de l'espèce en Europe Occidentale. Le Défilé de l’Ecluse reste un des sites clés pour le passage postnuptial de l'espèce en France.

On observe une phénologie assez régulière de fin juillet à fin septembre avec des pics d'effectifs sur plusieurs décades : le 02 août (14 individus), le 12 août (16 individus), le 04 septembre avec l'effectif journalier maximum de 17 individus (10,2% de l’effectif total) et le 27 avec 15 individus. Les 6 journées dépassant 10 individus représentent un peu plus de la moitié de l'effectif total (51.5%).

La migration réelle se déroule entre le 02 août (10%) et le 05 octobre (90%). Sur cette période, 18 jours auront fait l’objet d'observations de la Cigogne noire."
2012,species,avibase-8372FFBA,"7 individus sont notés migrateurs: 26 juillet, 23 août, les 02, 17, 20 et 28 septembre. L’ individu du 20 septembre a été observé en train de se faire attaquer par 2 Milans royaux qui migraient avec lui."
2012,species,avibase-1078FFEA,"Avec 1945 individus notés, l'effectif saisonnier est supérieur à l'effectif moyen des quatre dernières années (x= 1046 individus/an). Le passage s'effectue du 11 octobre au O1 décembre avec un pic le O1 novembre (408 corbeaux). Début novembre continue avec quelques journées dépassant la centaine d'individus (les 02, 03, O5 et 06). Les effectifs diminuent ensuite progressivement."
2012,species,avibase-3BB5CBA6,7 individus sont notés entre le 18 juillet et le 19 novembre.
2012,species,avibase-082F3A63,L'individu passe le 18 juillet.
2012,species,avibase-2DAB45B8,"Une année de plus, le Faucon crécerelle connait une saison exceptionnelle dépassant tous les effectifs déjà comptés sur le site. 2011 était déjà une année record avec 827 individus. C’est donc 1531 individus qui sont comptés par le Collectif du Défilé en cette saison 2012.

Un premier individu est passé en juillet et ce sera le seul compté pour ce mois. Le mois d'août reste également très épars avec des effectifs journaliers ne dépassant pas 2 individus. Le passage ne débute vraiment qu’à partir de la deuxième décade de septembre. Un premier pic de passage est atteint le 20 septembre avec 44 individus, un peu plus tôt que les premiers pics des années précédentes. Les quelques jours qui suivent sont à nouveau à effectifs réduits mais un second pic de passage a lieu dans la dernière décade de septembre avec 107 individus le 28.

La première semaine d'octobre obtient des effectifs journaliers plus ou moins réguliers avec de très fort passage du 08 au 11. L’effectif maximum est en effet atteint le 08 avec 547 individus, ce qui représente 35,7% de l'effectif total. C’est un record sans précédent qui multiplie presque par 7 le dernier individus). Les 10 et 11 octobre suivent ensuite avec des effectifs supérieur à une centaine d'oiseaux. Les deux décades suivantes d'octobre voient leurs effectifs diminuer progressivement. Les observations en novembre représentent seulement le dernier pourcentage de l'effectif total.

La migration réelle a eu lieu sur 18 jours du 23 septembre (10%) au 14 octobre (90%). Cette période assez courte (souvent étalé sur plus de 20 jours) montre un véritable « rush » pour le passage du Faucon crécerelle cette saison. Cette fuite automnale » a visiblement été observée à des dates assez proches sur le site du Crêt des roches (Doubs) avec un passage de plus de 120 individus ainsi que sur le site de Gruissan (Aude) le 12 octobre avec plus de 500 oiseaux comptés."
2012,species,avibase-E91E287A,"68 individus sont notés du 9 septembre au 17 octobre, saison plutôt encourageante pour l'espèce. Le passage est centré sur la dernière décade d'octobre et la première de novembre qui concentrent respectivement 34% et 37% de l'effectif saisonnier. Le maximum est enregistré le 27 septembre avec 13 individus."
2012,species,avibase-47E58408,4 individus sont notés sur la période du 29 août au 09 octobre.
2012,species,avibase-F3DA111C,"Cette année atteint un effectif total de 28 Faucon émerillon, bien moindre qu’en 2011 (record saisonnier avec 79 individus). Le premier oiseau est noté à partir du 7 septembre. Quelques individus sont observés courant septembre et le passage se concentre sur les deux dernières décades d'octobre. Les effectifs restent cependant assez dispersés avec des passages journaliers à effectifs réduits (moins de 3 individus). Le dernier individu passe le 12 novembre. On notera 1 individu qui s’est arrêté pour chasser en migration le 31 octobre."
2012,species,avibase-A96692E0,9 individus sont observés le 24 octobre.
2012,species,avibase-D8D10F2C,"Cette année connaît à nouveau un phénomène d'invasion du Geai des chênes avec un effectif saisonnier de 1079 individus. Le site ne permet pas une très bonne observation de l'espèce mais des épisodes de brouillard semblent avoir forcé le rapprochement des oiseaux vers le site suivi, permettant ainsi leur comptage. La dernière invasion datant de 2010 n'atteignait tout de même pas un tel effectif (474 oiseaux)."
2012,species,avibase-3DF5C587,"L'année 2012 sera marquée par un très gros passage de Grand cormoran avec 12 893 individus. Ce chiffre ne fait que repousser le record de 2011 (7728) à un effectif jamais compté jusqu’à présent sur le site. Les années 2000 révèlent un effectif saisonnier compris entre 3000 et 5500 individus. L'augmentation de 2011 ne semblait pas avoir d'explication fondée, bien que depuis deux décennies les populations européennes sont en constante évolution. Cette année supplémentaire de record est toutefois à nuancer par une pression d'observation plus importante le matin et le soir.

Le passage commence dès le 19 juillet et des individus sont notés ponctuellement tout le long du mois d’aout. Mais le début du flux commence véritablement à partir du mois d'octobre. On remarque un premier pic le 02 octobre avec un passage de 537 individus. Le 06 octobre enregistre également un fort passage avec 744 individus. Puis les effectifs journaliers ne cessent d'augmenter dans la deuxième décade d'octobre avec deux passages à plus de 1000 oiseaux dont le 17 octobre où le maximum est atteint avec 1299 individus. Cet effectif journalier est également nouveau pour le site qui atteignait plutôt en général des effectifs maximaux entre 500 et 700 individus. Les journées du 13 au 22 octobre représentent 52% de l'effectif total.

La dernière décade d'octobre voit les effectifs diminuer avec tout de même un pic le 29 octobre qui atteint encore 422 oiseaux. La première décade de novembre représente un flux régulier du 04 au 09 avec plus d’une centaine d'individus par jour. Des Grands cormorans passeront encore jusqu’à la fin du suivi. La migration réelle s’est déroulée sur 26 jours du O1 octobre (10%) au 31 octobre (90%)."
2012,species,avibase-49D9148A,"C’est un effectif bien supérieur aux années précédentes pour la Grande aigrette : 205 oiseaux ont pu être observés entre le 25 juillet et le 19 novembre. Ce chiffre devance le dernier record de 2008 (145 oiseaux) pour le site. La météo s’est avérée plutôt favorable pour leur passage cette saison.

Le premier individu est noté le 25 juillet. Quelques individus passeront pendant le mois d'août. Le passage par groupes plus importants commence à partir de début octobre. Un premier pic de 26 individus est observé le 03 octobre. La deuxième décade d'octobre comprend ensuite plusieurs passages groupés (12 oiseaux le 11, 69 individus le 14 et 15 le 17). Le maximum est ainsi enregistré le 14 octobre avec un effectif journalier représentant 33,7% de l'effectif total."
2012,species,avibase-99B8841E,"Le modeste résultat annuel des Grues cendrées (comparé à d’autres sites nationaux de passage majeur) représente tout de même un effectif saisonnier record pour le site du Défilé, succédant au record de l’année 2011 (155 individus).

Les 209 individus comptés entre le 21 octobre et le 30 novembre constituent ainsi un effectif supérieur à la moyenne des 4 dernières années (x = 84 individus/an).

10 journées font l’objet d'observation de l’espèce et le passage journalier le plus important a lieu le 14 octobre avec 55 grues.

Les cigognes sont plus précoces que les Ardéidés et les Grues cendrées. Les jours de passage les plus diversifiés en espèce s’observent fin septembre/début octobre, période de transition entre les espèces précoces qui sont déjà passées et celles qui débutent leur migration."
2012,species,avibase-407E2CA8,"C'est un effectif saisonnier de 38 individus qui ont été dénombrés du 29 août au 24 novembre. Malgré ce chiffre peu élevé, ces résultats confirment de nouveau une progression des effectifs des populations. Il s’agit du meilleur effectif pour le site (33 individus en 2011)."
2012,species,avibase-8F123A11,Une seule observation cette saison.
2012,species,avibase-30FEC6BE,"En comptabilisant toutes les espèces d’hirondelles, l'effectif saisonnier atteint un résultat bien supérieur aux dernières années qui généralement comprenait des effectifs autour de plusieurs dizaines de milliers d'oiseaux. L'année 2011 dépassait 100 000 individus.

2012 est donc une année encore plus favorable et exceptionnelle pour les hirondelles avec une estimation de 321 025 oiseaux. L'Hirondelle de rivage (Riparia riparia) est, comme à l’accoutumée, la première des hirondelles à passer en juillet et la seule espèce. Les autres espèces suivent dans la deuxième décade d'août et le flux se concentre surtout à partir de mi-septembre jusqu’à début octobre. On observe un premier pic le 08 septembre à 17577 individus. L’effectif journalier le plus marquant est celui du 19 septembre avec un passage de 153 246 hirondelles soit presque la moitié de l'effectif total (47,7%).

On retiendra pour l’Hirondelle rustique (Hirundo rustica), une période de migration plus importante que pour l’Hirondelle des fenêtres (Delichon urbicum) et un effectif saisonnier presque 4 fois supérieur à celle-ci.

L'Hirondelle des rochers (Ptyonoprogne rupestris) est vraiment anecdotique puisque seulement 5 individus sont notés. Les hirondelles les plus tardives sont les Hirondelles rustiques et les derniers individus sont observés le 06 novembre."
2012,species,avibase-94A1C447,"En comptabilisant toutes les espèces d’hirondelles, l'effectif saisonnier atteint un résultat bien supérieur aux dernières années qui généralement comprenait des effectifs autour de plusieurs dizaines de milliers d'oiseaux. L'année 2011 dépassait 100 000 individus.

2012 est donc une année encore plus favorable et exceptionnelle pour les hirondelles avec une estimation de 321 025 oiseaux. L'Hirondelle de rivage (Riparia riparia) est, comme à l’accoutumée, la première des hirondelles à passer en juillet et la seule espèce. Les autres espèces suivent dans la deuxième décade d'août et le flux se concentre surtout à partir de mi-septembre jusqu’à début octobre. On observe un premier pic le 08 septembre à 17577 individus. L’effectif journalier le plus marquant est celui du 19 septembre avec un passage de 153 246 hirondelles soit presque la moitié de l'effectif total (47,7%).

On retiendra pour l’Hirondelle rustique (Hirundo rustica), une période de migration plus importante que pour l’Hirondelle des fenêtres (Delichon urbicum) et un effectif saisonnier presque 4 fois supérieur à celle-ci.

L'Hirondelle des rochers (Ptyonoprogne rupestris) est vraiment anecdotique puisque seulement 5 individus sont notés. Les hirondelles les plus tardives sont les Hirondelles rustiques et les derniers individus sont observés le 06 novembre."
2012,species,avibase-6F2AF9D0,"En comptabilisant toutes les espèces d’hirondelles, l'effectif saisonnier atteint un résultat bien supérieur aux dernières années qui généralement comprenait des effectifs autour de plusieurs dizaines de milliers d'oiseaux. L'année 2011 dépassait 100 000 individus.

2012 est donc une année encore plus favorable et exceptionnelle pour les hirondelles avec une estimation de 321 025 oiseaux. L'Hirondelle de rivage (Riparia riparia) est, comme à l’accoutumée, la première des hirondelles à passer en juillet et la seule espèce. Les autres espèces suivent dans la deuxième décade d'août et le flux se concentre surtout à partir de mi-septembre jusqu’à début octobre. On observe un premier pic le 08 septembre à 17577 individus. L’effectif journalier le plus marquant est celui du 19 septembre avec un passage de 153 246 hirondelles soit presque la moitié de l'effectif total (47,7%).

On retiendra pour l’Hirondelle rustique (Hirundo rustica), une période de migration plus importante que pour l’Hirondelle des fenêtres (Delichon urbicum) et un effectif saisonnier presque 4 fois supérieur à celle-ci.

L'Hirondelle des rochers (Ptyonoprogne rupestris) est vraiment anecdotique puisque seulement 5 individus sont notés. Les hirondelles les plus tardives sont les Hirondelles rustiques et les derniers individus sont observés le 06 novembre."
2012,species,avibase-58C502EA,"En comptabilisant toutes les espèces d’hirondelles, l'effectif saisonnier atteint un résultat bien supérieur aux dernières années qui généralement comprenait des effectifs autour de plusieurs dizaines de milliers d'oiseaux. L'année 2011 dépassait 100 000 individus.

2012 est donc une année encore plus favorable et exceptionnelle pour les hirondelles avec une estimation de 321 025 oiseaux. L'Hirondelle de rivage (Riparia riparia) est, comme à l’accoutumée, la première des hirondelles à passer en juillet et la seule espèce. Les autres espèces suivent dans la deuxième décade d'août et le flux se concentre surtout à partir de mi-septembre jusqu’à début octobre. On observe un premier pic le 08 septembre à 17577 individus. L’effectif journalier le plus marquant est celui du 19 septembre avec un passage de 153 246 hirondelles soit presque la moitié de l'effectif total (47,7%).

On retiendra pour l’Hirondelle rustique (Hirundo rustica), une période de migration plus importante que pour l’Hirondelle des fenêtres (Delichon urbicum) et un effectif saisonnier presque 4 fois supérieur à celle-ci.

L'Hirondelle des rochers (Ptyonoprogne rupestris) est vraiment anecdotique puisque seulement 5 individus sont notés. Les hirondelles les plus tardives sont les Hirondelles rustiques et les derniers individus sont observés le 06 novembre."
2012,species,avibase-6429024D,"Les effectifs saisonniers varient d’une année à l’autre. Ces dernières années de suivi oscille entre 300 et un peu plus de 900 individus. Le biais observateur peut également influencer les effectifs car cette espèce passe plutôt aux extrémités de la journée (matin ou soir). Cette année est assez positive avec 979 hérons.

Les premiers hérons notés aux mois de juillet et août sont très anecdotiques et ne représentent que 3 % de l'effectif total. Le mouvement migratoire s'opère plutôt à partir de la mi-septembre. On observe un premier pic le 14 septembre avec 72 individus. Suivent ensuite dans la deuxième décade de ce même mois deux forts passages les 20 et 27 septembre avec plus de 100 individus. La première décade d'octobre comprend également deux pics : un premier le 02 octobre avec 79 individus et un maximum journalier de 164 individus le 08 octobre. La dernière décade d'octobre et la première décade de septembre représente 54,4 % de l'effectif total. Les effectifs diminuent ensuite avec malgré tout un dernier pic journalier à 53 individus le 15 octobre."
2012,species,avibase-39086887,1 juvénile a été aperçu le 15 octobre.
2012,species,avibase-4E6EF3F9,"La distance d'observation avec ces oiseaux compliquent souvent leur comptage. On retiendra cependant pour cette année 8242 individus. Le flux migratoire se concentre dès le début du suivi et comporte les plus grands effectifs. Le 6ème jour d'observation (21 juillet) compte en effet 50% des martinets. 90% de l'effectif est déjà atteint à la première décade d'août. L’effectif maximum est réalisé le 20 juillet (1413 individus). Le flux diminuera ensuite progressivement et le dernier individu est noté assez tardivement, le 06 novembre."
2012,species,avibase-FA1CAD29,"Moins fréquent que son prédécesseur, le Martinet à ventre blanc est noté à plusieurs reprises entre le 16 juillet et le 17 octobre. Seulement 19 individus sont comptés pour cette saison 2012."
2012,species,avibase-06D9A2C8,"Cette année correspond à un effectif de 8303 individus, supérieure aux effectifs moyens bien qu'en deçà de l'effectif record de 2011 (11413 individus).

Comme chaque année, le passage du Milan noir débute dès les premiers jours de suivi. Durant le mois de juillet, les effectifs oscillent entre une dizaine de Milans à plus de 350 individus. Le plus gros passage journalier a lieu juste après, le 02 août, avec un effectif de 1552 individus. C'est un nouveau record journalier pour cette espèce qui avait déjà connu en 2011 un tel record avec 1281 individus. Dans cette première décade du mois d'août, 85 % de l'effectif total est déjà comptabilisé. Quelques journées à plus d'une centaine d'individus ont encore lieu dans la deuxième décade de ce même mois. Les effectifs jusqu'à la fin du passage (le dernier individu est noté le 15 octobre), sont ensuite beaucoup moins significatifs. En effet, le flux principal est passé entre le 16 juillet et le 18 août (95 % de l'effectif total)."
2012,species,avibase-451D6FC8,"Saison vraiment exceptionnelle pour le Milan royal avec un effectif total des plus encourageants, dépassant toutes les espérances.

Il cumule en effet des records pour le site à trois niveaux: > Local: le plus grand effectif jamais atteint depuis le suivi des rapaces sur ce site > National: le plus important site migratoire pour l'espèce en 2012 ainsi que le plus gros effectif journalier de cette année par rapport à tous les sites concernés > International: l'effectif européen le plus important jamais observé sur un site de migration (étant donné la répartition européenne de l'espèce la comparaison au niveau mondial est inutile).

Cette saison 2012 représente donc un total de 11607 individus, du 26 juillet au O1 décembre, effectif très nettement au-dessus de la moyenne des 4 dernières années (x=5961 individus/an). Ce chiffre représente une augmentation de 24% par rapport au précédent record de 2011 (8823 individus). Cette augmentation significative des effectifs déjà relevée en 2011 semblait s'expliquer par l'expansion des populations suisses et dépendre de leur réussite de reproduction. Cette année 2012 tend à confirmer cette tendance.

Des observations ponctuelles sont notées entre la mi-juillet et le début du mois de septembre mais les chiffres sont anecdotiques. Le flux se met doucement en place durant la deuxième décade de septembre mais se met réellement en place vers la fin du mois. La migration réelle se déroule sur 37 jours entre le 27 septembre (9%) et le 06 novembre (90%).

On observe un pic d’effectif par décade sur cette même période avec quelques jours dépassant le millier d'individus (le 28 septembre et le 15 octobre), deux jours à plus de 500 individus (le O2 et le 29 octobre) et plusieurs jours avec un peu plus de 400 individus (les O1, 13, 20 et 30 octobre).

Le maximum est ainsi enregistré le 15 octobre avec 1538 individus soit 13 % du total saisonnier. On notera pour ce record journalier une proximité des dates avec l’année 2011 où on comptait 967 individus le 14 octobre.

Malgré le plus gros du passage en octobre, on observe encore des journées à plus de 100 individus dans les dernières décades de novembre. Un pic à 411 oiseaux le 30 novembre puis un à 238 le lendemain prouvent également que le flux migratoire n’est pas tout à fait fini pour le Milan royal, probablement lié aux conditions hivernales plus au nord."
2012,species,avibase-052BFA8A,2 mouettes sont notées le 20 juillet dont un individu de 2ème année et un de 3ème année.
2012,species,avibase-4AED44E8,Un couple est noté le 03 octobre puis 2 individus sont observés le 21 octobre.
2012,species,avibase-A0148BE3,9 oies ont survolé de Défilé le 21 octobre.
2012,species,avibase-68E4C0D1,"Le passage du Pigeon colombin compte 3668 individus pour la saison. C’est une année positive pour le site qui connait des effectifs généralement plus proche du millier d'individus. Les oiseaux ont passé le Défilé à partir du 04 septembre jusqu’au 07 novembre. On observe un premier pic le 17 septembre avec 185 individus. La troisième décade de septembre comprend un effectif journalier encore supérieur avec 352 pigeons. La décade suivante comprend des effectifs plus réguliers avec plusieurs jours à une centaine d'individus. La deuxième décade d'octobre comprend des pics plus importants avec le 11, 319 oiseaux et le 13 octobre un effectif journalier maximum de 368 individus.

En comparant la phénologie des deux espèces, on s'aperçoit que le Pigeon colombin a un passage plus étendu dans le temps (début septembre à novembre) contrairement au Pigeon ramier qui a un flux plutôt concentré sur octobre.

Lors des gros passages de Pigeon ramier, l'effectif de Pigeon colombin est obtenu par extrapolation. La proportion de colombin dans les groupes ayant pu être détaillés est reportée à l'effectif journalier estimé de pigeons. La majorité de l'effectif total correspond toutefois à la deuxième décade du mois d’octobre pour les deux espèces."
2012,species,avibase-760F307A,"L'année 2012 n'’atteint pas le chiffre record de l’année 2010 (plus de 120 000 individus) mais dépasse quand même les effectifs saisonniers habituellement compris entre 10000 et 25000 individus avec 73982 individus.

Le total saisonnier de 2010 s’expliquait, entre autre, par une pression d'observation plus importante que les autres années, notamment avec des horaires plus matinaux. Cette année également, les observateurs ont réalisé de nombreuses journées avec des plages horaires étalées. Le biais observateur n’est donc probablement pas la seule explication pour ces variations d'effectifs. . En effet, ils fluctuent aussi en fonction des conditions climatiques au nord du massif du Jura. Ces conditions sont déterminantes, pour les oiseaux qui choisissent de passer, soit à l'ouest du Jura, soit à l’est. Ce sont ces derniers qui sont contactés au Défilé de l'Ecluse. Cette analyse doit être valable aussi pour les rapaces.

Les deux premiers oiseaux ont été comptés le 18 et le 20 septembre. Le flux principal s’est ensuite concentré du 27 octobre au 15 novembre. Les premiers pics dépassant le millier d'individus sont notés dans la première décade d'octobre (les 03 et 08). C'est dans la deuxième décade que le rythme s’accélère et que les plus gros effectifs migrent : 57716 individus sont comptés entre le 11 et le 20 soit 78% de l’effectif total en seulement 9 jours d'observations de l'espèce. L’effectif journalier maximum est atteint le 18 octobre avec 12713 pigeons.

Un dernier pic de passage s’observe à la date du 29 octobre avec 3253 individus. Un groupe de 55 oiseaux un peu plus tardifs est observé le 13 novembre et sera le dernier de la saison."
2012,species,avibase-6364E4A5,"Le passage de passereaux s'effectue du 11 septembre au 30 octobre. La saison connaît un effectif exceptionnel avec 457 597 individus, un chiffre jamais enregistré pour le site. Ce record est à relativiser, car habituellement, les passereaux migrateurs ne sont pas déterminés, et les pinsons des arbres sont majoritairement inclus dans les indéterminés.

Le flux a été régulier tout au long des observations de l'espèce avec plusieurs pics d'effectifs élevés autour de mi-octobre: 7699 individus le 09, 70993 le 11, 11 058 le 13, 25 450 le 14 et 24 420 le 17. Le 10 octobre représente l'effectif journalier maximum avec 1 223 795 pinsons relevés. Ces journées du 09 au 17 octobre représentent 35,7% de l'effectif total.

À titre indicatif, au niveau des passereaux, on dénombre plus de 365 503 individus compris entre le 29 août et le 30 novembre. Quelques épisodes de plusieurs dizaines de milliers d'individus ont été notés pendant le suivi : les 03, 14 et 18 octobre (respectivement 49489, 72900 et 63820 individus) ainsi que le 04 novembre (12610 individus).

Ces espèces n'étant pas prioritaires pour le suivi par rapport aux rapaces, beaucoup d'individus restent indéterminés. L’éloignement ne permet pas toujours l'identification non plus."
2012,species,avibase-5D1987CE,Une seule donnée de 2 individus le 12 novembre.
2012,species,avibase-DB376A66,"Suite à l'année 2011 déjà record pour l'Épervier (1861 individus), 2012 prolonge cette série avec un nouveau record de 2378 individus.

Le passage débute le 02 août mais les effectifs journaliers restent inférieurs à 20 individus jusqu'au 18 septembre. On notera le 19 septembre avec 36 individus et le 28 septembre avec 74 individus, comme journées un peu plus significatives.

Mais le passage important s'effectue réellement entre la première décade d'octobre et la première de novembre (95 % de l'effectif total au 10 novembre), avec plusieurs journées dépassant plus de 50 individus.

Du 10 au 20 octobre, les effectifs passent de 19 % à 53 % de l'effectif total avec 3 pics de passage à plus de 100 individus (les 15, 19 et 20). Le 06 novembre représente le maximum journalier avec 277 individus (soit 11,6 % de l'effectif total). C'est à nouveau un record pour l'espèce qui avait atteint l'année dernière en record journalier de 206 individus.

Enfin, sur la dernière période de suivi, le passage devient plus anecdotique avec toutefois 2 journées en novembre à plus de 30 individus (le 12 et le 14).

Le passage de l'Épervier d'Europe est étendu dans le temps (du 02 août au 01 décembre) avec plus de 90 jours d'observations et une concentration des effectifs entre le 27 septembre (10 %) et le 09 novembre (95%)."
2013,site,background,"Le site du défilé du Fort l’Ecluse (ou Défilé de l’Ecluse) fut mis en évidence en 1947 (J. BURNIER, P. CHARVOZ, P. GEROUDET, R. HAINARD, C. VAUCHER et al.) pour ses passages spectaculaires de pigeons et de corvidés. Suite à cela, P. CHARVOZ et J.D. FONTOLLIET consacrèrent une grande partie de leur temps libre à l’observation de la migration sur ce site privilégié.

La première synthèse fut l’œuvre du Groupe des Jeunes de Nos Oiseaux, section Genève (G. MÜLHAUSER, T. SCHMID, A. SCHUBERT ET C. VICARI) et porte sur une permanence journalière du 13 août au 30 octobre 1983. Puis c’est en 1992, après 75 jours d’observation continue et le dénombrement de plus de 11000 rapaces, qu’il est envisagé de mettre en place un suivi permanent dès l’année suivante, associant les Suisses de Nos Oiseaux (P. CHARVOZ, M. MAIRE ET AL.) et les Français du Groupe Ornithologique Haut Savoyard, future LPO Haute-Savoie (J.P. MATERAC ET AL.). De 1993 à 2007, le suivi a été assuré au minimum de mi-juillet à fin novembre et ce, tous les jours durant lesquels les conditions météorologiques le permettaient.

A la fin de la saison 2007, le DR. CHARVOZ ayant exprimé son impossibilité à assurer une saison supplémentaire, la LPO Haute-Savoie a formulé une demande au collectif «Tête en l’air », avec pour objet, la mise en place d’une permanence salariée durant trois mois afin de poursuivre le suivi de la migration postnuptiale sur ce site remarquable.

« Longtemps, l’acquisition de connaissances sur les migrations d’oiseaux n’a pu se faire que par l’observation directe. Mais malgré le développement d’autres techniques de suivis (baguage, pose de balises, radar), l’identification et le comptage des migrateurs en des points de passage stratégiques demeure une méthode indispensable et pertinente, dans la mesure où, comme tout échantillonnage, les suivis sont réalisés dans les mêmes conditions d’une année à l’autre (protocole stable), et sur une longue période (au moins cinq ans). Alors qu’il reste encore à découvrir de nombreux aspects mal connus de la vie des oiseaux migrateurs, la connaissance apportée par les suivis constitue une base solide sur laquelle repose toute évaluation patrimoniale. Les données engrangées durant les nombreuses heures d’observation apportent des informations essentielles sur le déroulement de l’activité migratoire. Les effectifs dénombrés selon un protocole standardisé sur chaque site permettent de mesurer la chronologie de la migration et son évolution dans le temps. Ils offrent aussi la possibilité de produire des indicateurs de la dynamique des populations d’oiseaux. L’évolution du nombre d’oiseaux observés sur un site en migration active est le plus souvent corrélée à la taille de la population de laquelle ils sont issus. La combinaison de tels indicateurs provenant d’un réseau de sites offre une meilleure précision dans le calcul des tendances des effectifs et de l’évaluation de l’état de santé des espèces suivies. Ces conditions remplies, les données recueillies permettent d’évaluer l’état de santé des oiseaux migrateurs en comparant l’évolution des effectifs. Ainsi le suivi de la migration à Organbidexka, qui est conduit depuis plus de vingt ans, a permis de mesurer le déclin des populations ouest européennes de Milan royal et a conduit à l’élaboration d’un plan national de restauration de l’espèce. » source Mission Migration France B. Présentation du site Extrait de « CHARVOZ & AL. 1996 » « Le défilé du Fort l’Ecluse est pratiquement la sortie naturelle du Plateau suisse en direction du sud-ouest. Cet «entonnoir» géographique provoque une concentration des migrateurs en ce point, la crête du Jura paraissant les guider, surtout lorsque le plafond nuageux est bas. En effet, c’est dans cette région que la chaîne principale du Jura devient de plus en plus élevée (Le Reculet, 1717 m) et s’oriente au sud. De l’autre côté du défilé du Fort l’Ecluse, au fond duquel coule le Rhône, ce plissement se termine par le Vuache (altitude comprise entre 890 et 1101 m), qui mesure une dizaine de kilomètre de long. A l’est, le Salève (altitude : 1200-1375 m) et, bien au-delà, les Préalpes savoyardes influencent aussi le passage.

Le passage dans le défilé lui-même (altitude 343 m au Pont Carnot) est loin d’être la règle générale. En effet, un grand nombre de migrateurs ne transitent pas par le défilé mais passent à l’est, parfois très loin, puis franchissent le Mont Sion ou le Vuache. D’autres individus, surtout par temps clair, franchissent la chaîne du Jura en amont du Crêt d’Eau (1621 m). » Le site du Fort l’Ecluse a été parfois utilisé jusqu’au début des années 90 et en particulier lors de l’étude de 1983, mais le suivi le plus régulier a toujours été effectué depuis la commune de Chevrier, à environ 800 m à l’ouest du point actuel. Bien que beaucoup moins d’oiseaux soient décomptés au Fort, il s’agit certainement du meilleur endroit pour l’observation rapprochée des migrateurs qui transitent par le défilé. Le site de Champ Vautier a été choisi au cours de la saison 1992, quand nous nous sommes aperçus que de très nombreux oiseaux passaient loin à l’est et n’étaient pas visibles depuis le point de suivi situé à l’ouest. De plus les arbres ayant poussé autour de celui-ci, le repérage des oiseaux devenait problématique.

Les sites de Vulbens (74), Dingy-en-Vuache (74), Cessens (74) et Collonges (01) ne sont utilisés qu’en cas de brouillard et/ou stratus persistants."
2013,monitoring,methods,"Field protocol:

Le site d’observation se trouve au pied nord-est du massif du Vuache, sur la rive gauche du Rhône, entre le fleuve et le village de Chevrier, à une altitude de 400 mètres. Le lieu même de suivi se trouve entre les lieux dits Champ Vautier et Rogy le long de la voie SNCF. Cette position offre les meilleures conditions de visibilité à la fois sur la chaîne du Jura au nord et en direction du massif du Salève à l’est.

Les observations sont effectuées au minimum et si les conditions le permettent de 10h à 17h en été (GMT + 2), mais souvent jusqu’à 19h30, et de 9h à 16h en automne (GMT + 1), mais presque chaque jour du lever au coucher du jour.

La sphère d’observation est balayée systématiquement et en permanence avec des jumelles (7×50 et 10×40) afin de repérer les groupes ou individus isolés. La longue vue (38×82 et 20-60×80) n’est utilisée que pour l’identification et le dénombrement et en aucun cas pour le repérage.

Les individus de chaque espèce en migration active sont identifiés, comptés et leur nombre (plus l’âge et le sexe s’il y a lieu) est reporté par demi-heure sur une fiche de suivi conçue à cet effet.

Les rapaces et grands oiseaux (ciconiiformes, cormorans) constituent la cible principale du suivi et sont en conséquence dénombrés à l’unité. Les pigeons font l’objet d’une estimation par groupes. Toutes les autres espèces en migration active sont, dans la mesure du possible, identifiées. Leur dénombrement fait l’objet, selon les cas, d’estimations par tranches de 30 minutes (hirondelles, passereaux).

De nombreux points de repère ont été définis sur le site (relief, infrastructures, arbres isolés…) afin de faciliter le repérage par tous les observateurs présents. Le franchissement de certains de ces repères ainsi que l’observation des comportements permet de considérer, ou non, un oiseau comme migrateur.

En cas de fort passage de rapaces, une première estimation de l’effectif est effectuée, au loin, lors du repérage aux jumelles. Ensuite, le déplacement du groupe est suivi, puis compté au moment du passage, au plus près des observateurs.

Un suivi horaire des conditions météorologiques est effectué, en parallèle au comptage, par le responsable du suivi. Il consiste à relever 6 critères définis préalablement : couverture nuageuse, type de nuage, type de précipitation et intensité, direction et force du vent, visibilité.

Un salarié de la LPO Association locale Haute-Savoie est responsable du suivi du lundi au vendredi, du 15 juillet au 9 octobre. Il est remplacé les week-ends, les jours fériés et après le 15 novembre par un ou plusieurs bénévoles.

Data processing and analysis:

L’ensemble des observations a été saisi dans la base de données en ligne de la LPO 74, au jour le jour, et transmis à la Mission migration de la LPO France (migraction.net).

Afin de ne pas surcharger le présent rapport et par souci de lisibilité, seuls les rapaces et les espèces dont les effectifs le permettent font l’objet d’un histogramme et d’une description. Pour des raisons de temps, il n’a pas été possible d’exploiter les relevés météorologiques journaliers.

Des comparaisons sont faites avec les suivis effectués sur d’autres sites de suivi majeurs ; ces sites sont situés sur la carte en dernière page."
2013,monitoring,effort,"La migration visible a été suivie du 15 juillet au 2 décembre 2013.

Durant cette période de 141 jours, 137 (97%) ont fait l’objet d’un suivi, dont 129 (91%) en continu sur l’ensemble de la journée et 8 (6%) comptant moins de 6h journalières du fait de conditions météorologiques défavorables. Ces 137 jours totalisent un peu plus de 1200 heures d’observation soit une moyenne de 8 heures et 45 minutes par jour. Le nombre d’heures-observateur est de 3400, dont 450 heures effectuées par un salarié et 2950 heures accomplies par les bénévoles (exemple : 2 observateurs actifs sur une journée de 10h de suivi = 20h-observateur).

Pour la saison 2013, la LPO Haute-Savoie a assuré une présence quotidienne avec au moins un ornithologue durant les quatre mois que dure la migration postnuptiale c'est-à-dire du 15 juillet au 2 décembre.

Emmanuel Gfeller, salarié de la LPO, a assuré le suivi du 15 juillet au 9 octobre, du lundi au vendredi, avec l’aide de nombreux bénévoles. Les autres jours sans salariés, les week-ends, jours fériés et la période du 10 octobre au 2 décembre ont été assurés par les bénévoles de la LPO, et notamment par le président Jean-Pierre Matérac.

C’est donc depuis Champ Vautier, que la majorité des observations de 2012 a été réalisée."
2013,weather,july,La 2ème quinzaine du mois est estivale avec des températures élevées. Un épisode pluvio-orageux traverse le bassin les 28 et 29.
2013,weather,august,"Le climat reste chaud et sec jusqu’à une dégradation entre le 6 et le 8. Suite à cela les températures baissent et le maximum journalier ne dépassera plus 30°C engendrant une relativement bonne visibilité. Un épisode pluvieux intervient le 24, suite à quoi les températures maximales baissent encore de quelques degrés."
2013,weather,september,Durant les premiers jours du mois des conditions estivales se remettent en place jusqu’à une dégradation pluvieuse peu active entre le 6 et le 18. Durant la dernière décade les conditions sont relativement stables avec des températures douces.
2013,weather,october,En début de mois le stratus matinal s’installe. Des conditions instables s’installent du 10 au 15 puis du 20 au 28 mais quelques fenêtres météo plus favorables interrompent ces épisodes. Les températures sont relativement douces et sans gelées matinales.
2013,weather,november,"La première décade du mois est assez perturbée avec des précipitations régulières et des températures toujours assez douces. A partir du 11 des conditions plus stables s’installent accompagnées de températures plus basses et de gelées matinales. A partir du 23, des conditions anticycloniques, bloquant l’humidité dans le bassin genevois, s’installent durablement."
2013,results,overview,"On note 13 jours (9.5%) avec moins de 10 individus comptabilisés dont 6 jours durant lesquels aucun individu n’a été observé.

19 journées ont vu passer de 500 à 1000 rapaces, 16 journées totalisent de 1000 à 2000 rapaces, et 4 journées comptent un effectif supérieur à 2000 rapaces Ces 39 journées représentent 74 % de l’effectif total des rapaces.

La journée la plus remarquable de la saison en termes d’effectif est celle du 17 octobre avec un total de 3632 rapaces dont 2753 buses variables et 766 milans royaux.

Ainsi, pour l’ensemble de la période de suivi, 58 952 rapaces diurnes représentant 21 espèces ont été dénombrés.  Cinq espèces n’ont été contactées qu’une seule fois : l’Aigle royal, l’Aigle criard, l’Aigle pomarin, le Busard pâle et l’Aigle des steppes. Pour celle-ci il s’agit de la première mention sur le site (et de la 5ème observation avérée en France, source CHN).

Enfin, 93 rapaces indéterminés ont également été notés dont 6 faucons."
2013,results,highlights,"Hors rapaces, 60 espèces ont été identifiées et contactées en migration active .

Après 2 saisons remarquables pour les cigognes, les effectifs redescendent aux niveaux de 2010.

L’effectif des Grands Cormorans est un peu inférieur à celui de 2012 mais reste deux fois plus élevé que la moyenne 2000-2010.

L’effectif des Grandes aigrettes atteint un record inédit pour le site et très nettement supérieur à la moyenne des 10 dernières années (l’espèce était considérée comme rare avant 2000) alors que celui des Hérons cendrés se situe dans la moyenne.

L’événement automnal est venu des Grues cendrées avec plus de 1000 individus ce qui est exceptionnel et inédit pour le Défilé de l’Ecluse.

L’effectif des Pigeons ramiers se situe dans la moyenne des années classiques mais reste dans une tendance à la baisse par rapport aux dernières décennies.

Enfin, le passage des passereaux et hirondelles est en baisse par rapport à 2012, en revanche le Martinet noir et l’Etourneau sansonnet montrent des effectifs très nettement supérieurs à ceux des années précédentes.

Hirundinidés L’effectif total d’hirondelles, toutes espèces confondues, est estimé à 129303 individus du 13 août au 2 novembre.

Les Hirondelles de rivage (Riparia riparia) et des rochers (Ptyonoprogne rupestris) ne représentent, comme d’habitude, qu’une part infime du total.

Le passage est centré sur la dernière décade de septembre. Les journées du 25 et 26 permettent d’estimer un total de plus de 88000 oiseaux soit 68,5% de l’effectif saisonnier.

Lors de ces journées de passage intense il est souvent impossible d’effectuer des comptages spécifiques, raison pour laquelle les hirondelles indéterminés représentent plus de 88% de l’effectif total.

Passereaux indéterminés et Pinson des arbres Fringilla coelebs Tout comme pour les hirondelles, les résultats présentés ici sont issus d’estimations.

Vu la phénologie du passage, il est très probable qu’une grande majorité des passereaux soit des pinsons, raison pour laquelle ces deux taxons sont traités conjointement.

Les effectifs sont estimés à 433608 individus du 6 septembre au 2 décembre. Le pic de passage des 13, 14 et 15 octobre représente près de 70% du total."
2013,results,discussion,"Le suivi de la migration postnuptiale au Défilé de l'Ecluse a, pour sa sixième année de suivi salarié + bénévoles, permis de réaliser un bilan saisonnier exceptionnel. Le suivi, tel qu’il est réalisé depuis 2008, est possible grâce aux financements de l'opération Tête en l'air (Conseil régional, Conseil Général de Haute-Savoie).

Cette année encore les résultats montrent l'importance de ce site migratoire et le rôle primordial des observateurs qui apportent chaque année des connaissances supplémentaires sur les espèces migratrices. Ces données précieuses permettent d'établir des comparaisons entre les effectifs annuels et les résultats des différents sites de migration dans l'objectif de suivre l’évolution des populations d'oiseaux, leur état de conservation et l’influence des changements climatiques sur leurs comportements migratoires.

Afin de respecter une périodicité dans le protocole nous avons relaté, dans ce présent rapport, les résultats allant du 15 juillet au 2 décembre. Cependant Jean-Pierre Matérac (président de la LPO Haute-Savoie), malgré ses très nombreuses heures d'observations pour cette saison, a souhaité prolonger le suivi jusqu’au 11 décembre Avec près de 60000 rapaces et plus de 870000 oiseaux, le Défilé de l’Ecluse confirme encore une fois son importance comme voie de passage majeure sur l’axe ouest européen de migration.

La Buse variable reste l’espèce phare du site avec 28010 individus. Il s’agit du premier site européen pour la migration postnuptiale de la sous espèce buteo.

Le Milan royal est dorénavant l’emblème du site (noté du premier au dernier jour de suivi !) et montre encore une fois un effectif remarquable avec 10444 individus confirmant l’intérêt majeur du site pour le suivi de l’espèce.

Le Milan noir, la Bondrée apivore et le Busard des roseaux, tous 3 inscrits à la « Directive Oiseaux » montrent une fois de plus des effectifs respectables.

Les cigognes, bien qu’en légère baisse, montrent des effectifs toujours remarquables à l’échelle nationale.

Le Grand cormoran, la Grande aigrette, le Martinet noir et l’Etourneau sansonnet montrent des effectifs inédits pour la Haute-Savoie comme pour la région Rhône-Alpes.

Enfin, la Grue cendrée est LA surprise de l’automne. Cette saison constitue peut-être les prémices de l’établissement d’une nouvelle voie de migration pour cette espèce en augmentation en Europe…

2013 prouve une nouvelle fois la place majeure du site du Défilé de l’Ecluse tant sur le plan national qu’européen. Le protocole mis en place depuis 2008 révèle l’intérêt d’un suivi scientifique sur le long terme et mérite d’être prolongé les années qui suivent. Les enjeux sont de taille. En effet, le site du Défilé de l’Ecluse, nous permet, pour le Milan royal, espèce qui bénéficie d’un plan d’action national et dont les effectifs en France se sont effondrés ces dernières années, de confirmer et de suivre l’évolution favorable des populations provenant principalement de Suisse et d’Allemagne, qui se décline en Haute-Savoie par l’installation prometteuse d’une petite population nicheuse, la seule en croissance en région Rhône-Alpes. Un autre enjeu majeur est l’étude des populations d’oiseaux dont les stratégies migratoires et d’hivernages semblent être influencées par les changements climatiques. Notre responsabilité est donc de poursuivre cet engagement en faveur de la conservation de l’avifaune sauvage, sur ce site d’importance nationale, européenne, et même mondiale en ce qui concerne le Milan royal et la Buse variable de la sous espèce « buteo ».

La LPO remercie toutes les personnes qui contribuent depuis toutes ces années au suivi et leur donne rendez-vous à Champ Vautier à partir du 14 juillet 2014 !"
2013,species,avibase-BAC4CA22,1 individu de 1ère année est noté le 13 octobre. Il s’agit de la 18ème donnée sur le site et de la 15ème donnée depuis 1994. Sous réserve d’homologation par la CHN.
2013,species,avibase-A635F565,"1 immature est noté le 2 octobre. Il s’agit de la 1ère mention sur le site et de la 5ème mention française.

Sous réserve d’homologation par la CHN."
2013,species,avibase-C2565B65,"1 individu de 1ère année est noté le 20 septembre. Il s’agit de la 6ème donnée sur le site.

Sous réserve d’homologation par la CHN."
2013,species,avibase-5F8E7CA8,1 immature est noté en migration active le 28 novembre.
2013,species,avibase-ED2AC04E,5218 individus sont observés du 2 octobre au 23 novembre. Le passage est régulier jusqu’au 12 novembre. Le maximum est enregistré le 25 octobre avec 2386 individus.
2013,species,avibase-742EC2F1,"2013 est une année record pour l’Alouette lulu avec 1944 individus du 5 octobre au 12 novembre. Seules les saisons 1998 et 2008 avaient montré un passage comparable, supérieur à 1000 individus. Le passage est plus précoce que pour l’Alouette des champs. Le maximum est enregistré le 12 octobre avec 424 individus."
2013,species,avibase-95DD1855,11 individus du 9 septembre au 30 novembre dont 2 femelles et 3 mâles.
2013,species,avibase-1327AC55,"Avec 163 individus du 18 août au 19 octobre, 2013 constitue un nouveau record pour l’espèce, le précédent record étant de 142 individus en 1998.

Les premiers oiseaux sont contactés vers la mi-août mais le passage ne débute réellement qu’à partir du 27 août.

En septembre 3 pics sont enregistrés avec respectivement 17, 16, puis 14 individus le 8, le 19, et le 29.

La migration réelle dure 33 jours, elle débute le 28 août et prend fin le 29 septembre."
2013,species,avibase-ED5A7E8F,"Avec 8164 oiseaux du 30 juillet au 13 octobre, 2013 est une très belle saison faisant suite à plusieurs années moyennes. Derrière 2005 avec 9883 individus, il s’agit de la seconde saison en termes d’effectif depuis le début du suivi orienté sur les rapaces en 1992. Il faut remonter à 2007 avec 7346 individus pour trouver une saison comparable.

La migration réelle de la Bondrée apivore a eu lieu en 8 jours, du 25 août (11 %) au 1er septembre (93 %). Le maximum est enregistré le 29 août avec 1763 individus soit 21,6% de l’effectif total.

Le flux se met en place le 25 août avec 641 individus. Les 4 journées du 27 au 30 août voient passer un total de 5649 individus, soit 69,2 % du total.

Suite à cela, le passage continu durant la première décade de septembre puis s’estompe durant la troisième décade de ce mois."
2013,species,avibase-F558C7F9,"37 individus sont dénombrés du 2 octobre au 1er décembre. Il s’agit d’une année moyenne.

Le maximum est enregistré le 21 octobre avec 5 individus."
2013,species,avibase-63B6412E,"Le Busard cendré reste une espèce anecdotique du site avec un effectif moyen annuel compris entre 5 et 29 individus depuis 2000.

En 2013 17 individus ont été notés du 23 août au 26 septembre avec un maximum de 3 individus le 23 août."
2013,species,avibase-E2A19474,"Avec 761 individus du 22 août au 25 novembre, 2013 peut être considérée comme une bonne année pour l’espèce.

Un premier pic de passage est enregistré les 28, 29 et 30 août et totalise 98 individus. Un second pic est noté du 6 au 9 septembre. Avec 164 individus il s’agit du maximum saisonnier. Par la suite, le passage est moins important mais régulier du 14 septembre au 5 octobre.

Le dernier oiseau noté le 25 novembre est le plus tardif jamais enregistré en Haute-Savoie (précédent record datant du 18 novembre 2006).

La migration réelle du Busard des roseaux a eu lieu en 34 jours du 29 août (10 %) au 1er octobre (90 %)."
2013,species,avibase-22647E26,"1 mâle de 3ème année est noté le 29 septembre. Il s’agit seulement de la seconde donnée sur le site.

Homologuée par la CHR."
2013,species,avibase-3C0C325D,"Avec 28010 individus du 31/07 au 2/12, cette saison est moins impressionnante que la précédente mais reste très supérieure à la moyenne 2000-2010 (11890). Ce résultat est également très supérieur aux 14107 individus dénombrés à Falsterbo (Suède), site de référence pour l’espèce à l’échelle de l’Europe.

Le flux se met en place dès la dernière décade de septembre avec un premier pic à 753 individus le 23 septembre. Ensuite, le flux va crescendo durant les deux décades suivantes Début octobre le passage se poursuit avec un second pic à 706 individus le 2 puis un troisième pic à 1757 individus le 6. Les deux pics de passage qui suivent sont encore plus importants avec 2066 individus le 13 puis 2753 le 17. Ces 5 journées représentent à elles seules plus de 28% du total saisonnier.

Le passage s’estompe progressivement pour quasiment s’arrêter durant la première décade de novembre, puis finalement, reprendre avec notamment 830 individus le 27 novembre et 1819 oiseaux le 1er décembre.

Du fait de ce pic tardif, la migration réelle dure 66 jours, soit deux fois plus longtemps que d’habitude, du 24 septembre (10%) au 26 novembre (90%).

Le passage se poursuit jusqu’au 8 décembre.

Même si l’on fait abstraction de cet épisode de migration tardif, pouvant correspondre à une fuite hivernale, le total saisonnier, arrêté au 15 novembre, atteint plus de 22000 individus ce qui est très nettement supérieur à la moyenne."
2013,species,avibase-D4C32F8E,"Avec 291 individus du 12 octobre au 12 novembre, 2013 montre un passage très faible. Tout comme pour le Corbeau freux, les effectifs supérieurs à 1000 oiseaux, dénombrés durant les années 90, sont de l’histoire ancienne."
2013,species,avibase-28825494,"Avec 1116 oiseaux cette année l’effectif de Cigogne blanche revient au niveau des années 2008-2010 suite à 2 saisons records (1641 ind. en 2011, 1834 ind. en 2012).

La migration réelle dure 28 jours, elle débute le 17 août (10%) et prend fin le 13 septembre (90%). Le maximum journalier est enregistré le 18 août avec 115 individus.

Le premier oiseau est noté le 6 août mais le passage débute le 13, avec 52 individus.

Il est ensuite soutenu de la seconde décade à la première décade de septembre avec 4 pics, les 17 et 18, 23, 28 août et 4 septembre. Après cela quelques petits groupes passent encore jusqu’au 4 octobre."
2013,species,avibase-E2817DAE,"Du 6 août au 17 octobre, 107 individus ont été dénombrés. Cela correspond à une baisse significative par rapport aux deux saisons précédentes. Ce total saisonnier reste cependant dans la moyenne 2000-2010.

La migration réelle dure 34 jours, elle débute le 25 août (10%) et prend fin le 27 septembre (90%). Le maximum journalier est enregistré le 28 août avec 15 individus.

On observe 2 pics de passage : un premier durant la dernière décade d’août et la première de septembre, le second durant la troisième décade de ce mois."
2013,species,avibase-8372FFBA,Seulement 3 individus du 25 août au 3 septembre.
2013,species,avibase-1078FFEA,Seulement 780 individus du 21 septembre au 12 novembre. Les saisons à plus de 20000 oiseaux des années 90 font définitivement partie du passé.
2013,species,avibase-2DAB45B8,"Après une saison 2012 exceptionnelle (1531 ind.), l’effectif 2013 est en baisse et comparable à 2011.

Avec 819 individus du 5 août au 27 novembre, le total saisonnier est supérieur de 350% à la moyenne 2000-2010 (230 ind.)

La migration réelle s’est déroulée sur 25 jours du 19 septembre (10%) au 13 octobre (90%). Cette période assez courte (souvent étalée sur 30à 40 jours) montre un véritable « rush » pour le passage du Faucon crécerelle cette saison.

Le pic de passage est noté le 2 octobre avec 122 individus.

Cette« fuite automnale » a été enregistrée 4 jours plus tard à Gruissan-Narbonne avec un total journalier supérieur à 350 individus le 6 octobre."
2013,species,avibase-E91E287A,"Avec 76 individus du 8 septembre au 19 octobre cette saison se situe dans la moyenne. Le passage est centré sur la dernière décade de septembre Le maximum est enregistré le 27 septembre avec 14 individus et montre une étrange corrélation avec 2012, 13 individus à la même date !"
2013,species,avibase-47E58408,11 individus du 18 août au 28 novembre dont 2 adultes le 30 septembre.
2013,species,avibase-F3DA111C,"Avec 51 individus du 20 septembre au 9 novembre, 2013 est une bonne année pour l’espèce.

Le passage débute réellement à partir du 1er octobre avec 13 individus en 3 jours. Ensuite il faut attendre les secondes et troisièmes décades de ce mois pour voir s’installer une « régularité » dans le passage. Les derniers oiseaux sont notés entre le 7 et le 9 novembre."
2013,species,avibase-3DF5C587,"Bien que l’effectif 2013 soit légèrement inférieur à 2012, cette saison est supérieure de 300 % à la moyenne 2000-2010 (3850 ind.). Avec 11 708 individus du 3 août au 2 décembre, il s’agit de la seconde meilleure saison pour l’espèce sur le site.

La migration réelle dure 44 jours, elle débute le 26 septembre (10%) et prend fin le 8 novembre (90%).

Les premiers oiseaux sont contactés le 3 août mais le passage ne commence réellement que durant la dernière décade de septembre.

A partir du 22 septembre l’effectif journalier dépasse déjà 170 individus. La première décade d’octobre est plus calme mais, lors de la seconde décade de ce mois le passage s’intensifie et l’effectif journalier moyen est de 370 individus. Le maximum est enregistré le 17 octobre avec 630 individus. Après cela le passage reste soutenu et le flux s’arrête le 15 novembre. Un léger regain est noté fin novembre suite à une période de blocage météo."
2013,species,avibase-49D9148A,"Pour la seconde année consécutive l’effectif est nettement supérieur à la moyenne.

Avec 350 oiseaux notés en migration active du 28 juillet au 29 novembre, 2013 constitue un nouveau record pour l’espèce sur le site ainsi qu’à l’échelle nationale.

La migration réelle dure 39 jours, elle débute le 24 septembre (10%) et prend fin le 1er novembre (90%). Le maximum journalier est enregistré le 2 octobre avec 77 individus.

Le Défilé de l’Ecluse est un point d’entré majeur des populations de l’est et du centre de l’Europe."
2013,species,avibase-99B8841E,"La saison 2013 est particulièrement remarquable pour la Grue cendrée avec un passage inédit puisque 1021 individus ont été dénombrés entre le 1er novembre et le 1er décembre.

Il s’agit d’un record pour le site et peut être les prémices de la constitution d’une nouvelle voie de migration « centre européenne ». (voir Ornitho.ch : Une nouvelle voie de migration pour les grues ? Une analyse conjointe des portails ornitho d’Allemagne, du Luxembourg, d’Autriche, de Suisse et d’Italie).

La journée du 2 novembre avec 403 individus représente à elle seule un effectif supérieur à la saison 2012 qui constituait le précédent record saisonnier."
2013,species,avibase-66AA3934,"211 individus ont été dénombrés du 3 septembre au 3 octobre. Il s’agit d’un record pour le site, l’effectif saisonnier étant habituellement très faible (sauf 84 ind. en 2004, 76 ind. en 2007 et 64 ind. en 2011).

Alors que l’espèce est connue pour passer en migration entre fin août et mi-septembre (date moyenne : 6 septembre au Fort de la Revère, Alpes Maritimes), le maximum a été enregistré entre le 26 et le 30 septembre au Défilé de l’Ecluse avec 114 individus en 3 jours. Durant ces mêmes journées seuls 6 oiseaux ont été dénombrés au Fort de la Revère, site majeur pour l’espèce avec plus de 7000 individus cette année."
2013,species,avibase-94A1C447,"Hirundinidés L’effectif total d’hirondelles, toutes espèces confondues, est estimé à 129303 individus du 13 août au 2 novembre.

Les Hirondelles de rivage (Riparia riparia) et des rochers (Ptyonoprogne rupestris) ne représentent, comme d’habitude, qu’une part infime du total.

Le passage est centré sur la dernière décade de septembre. Les journées du 25 et 26 permettent d’estimer un total de plus de 88000 oiseaux soit 68,5% de l’effectif saisonnier.

Lors de ces journées de passage intense il est souvent impossible d’effectuer des comptages spécifiques, raison pour laquelle les hirondelles indéterminés représentent plus de 88% de l’effectif total."
2013,species,avibase-6429024D,"Les effectifs saisonniers varient d’une année à l’autre. Ces dernières années de suivi oscillent entre 300 et un peu plus de 900 individus. Le biais observateur peut également influencer les effectifs car cette espèce passe plutôt aux extrémités de la journée (matin ou soir).

Avec 635 individus du 8 août au 1er novembre la saison 2013 se situe dans la moyenne 2000-2010.

La migration réelle dure 42 jours, elle débute le 5 septembre (10%) et prend fin le 16 octobre (90%). Le maximum journalier est enregistré le 16 octobre avec 123 individus."
2013,species,avibase-4E6EF3F9,"Le passage a été estimé à 40599 individus du 15 juillet au 14 octobre. Il s’agit d’un record pour l’espèce sur le site et d’une saison atypique du point de vue de la phénologie.

Lors d’une saison classique, la migration de l’espèce débute avant le début du suivi. En 2013, 2 pics de passage à plus de 10000 oiseaux sont enregistrés les 21 et 28 juillet. Après cela le passage se poursuit jusqu’à début août.

Les conditions météorologiques du printemps ont probablement engendré un retard dans la reproduction se traduisant par un retard, estimé, de 10 à 15 jours dans le départ en migration."
2013,species,avibase-06D9A2C8,"Avec 7721 individus du 15 juillet au 13 octobre, 2013 peut être considérée comme une bonne saison. Ce n’est que la troisième fois en 20 ans que plus de 7000 oiseaux sont comptabilisés.

Dès le début du suivi les effectifs journaliers sont élevés.

Du 17 juillet au 13 août (27 journées) seuls 3 jours voient un effectif inférieur à 100 individus. Durant cette période, 92 % de l’effectif total est comptabilisé.

Avec l’étalement temporel du passage il n’y pas de réel pic de migration et le maximum est enregistré le 30 juillet avec 793 individus (contre 1552 individus le 2 août 2012).

La migration réelle est enregistrée entre le 20 juillet et le 11 août."
2013,species,avibase-451D6FC8,"Bien que l’effectif soit en baisse par rapport à 2012, cette saison est à nouveau remarquable pour l’espèce avec 10444 individus du 15 juillet au 2 décembre.

Le Milan royal confirme son statut d’espèce emblématique sur le site du Défilé de l’Ecluse.

Cette année la phénologie de passage est un peu particulière.

Comme d’habitude les premiers migrateurs sont notés dès le début du suivi mais il faut attendre le 19 septembre pour que le flux se mette en place.

Du 19 septembre au 19 octobre la moyenne journalière est de 227 individus Durant cette période la maximum est noté le 17 octobre avec 766 oiseaux. Suite à la seconde décade d’octobre qui a marqué le maximum, le passage diminue progressivement pour s’arrêter totalement à partir de novembre.

Alors que le passage de Buse variable se poursuit, un regain de Milan royal a lieu le 15 novembre avec 238 oiseaux. Après cela le passage s’arrête puis reprend, contre toute attente, avec un pic inédit à une date aussi tardive, de 1107 individus le 25 novembre.

Du fait de ce pic tardif, la migration réelle est près de 2 fois plus longue qu’à l’accoutumé et dure 64 jours, du 23 septembre (10%) au 25 novembre (90%)."
2013,species,avibase-68E4C0D1,"Avec 5102 individus du 6 septembre au 13 novembre, la saison 2013 constitue un nouveau record pour l’espèce.

Le passage débute durant la seconde décade de septembre et atteint un premier pic à 209 individus le 22. Le maximum est enregistré le 2 octobre avec une estimation à 1030 individus.

Après cela le flux s’estompe puis deux nouveaux pics de passage sont enregistrés le 13 octobre avec 410 individus puis le 17 octobre avec 385 individus.

Lors des gros passages de Pigeon ramier, l’effectif de Pigeon colombin est obtenu par extrapolation. La proportion de colombin, dans les groupes ayant pu être détaillés, est reportée à l’effectif journalier estimé de pigeons. La majorité de l’effectif total correspond toutefois à la deuxième décade du mois d’octobre pour les deux espèces."
2013,species,avibase-760F307A,"Avec 61066 individus du 21 septembre au 28 novembre cette saison est supérieure à la moyenne des années 2000-2010 (46900 ind.).

La migration réelle dure 13 jours, elle débute le 13 octobre (10%) et prend fin le 23 octobre (90%). Le maximum journalier est enregistré le 17 octobre avec 18999 individus.

Le passage débute timidement durant la première décade d’octobre. Le flux se met subitement en place le 12 octobre. La seconde décade de ce mois représente à elle seule 82 % de l’effectif total.

Les journées du 17 et 18 octobre permettent de comptabiliser près de 50% de l’effectif saisonnier."
2013,species,avibase-5D1987CE,Deux données cette année avec 2 individus le 17 juillet et 1 individus le 20 septembre.
2013,species,avibase-DB376A66,"2563 individus sont dénombrés du 10 août au 2 décembre.

L’effectif continue à progresser pour la 4ème année consécutive ce qui représente une augmentation de 56 % depuis 2010.

Les premiers oiseaux sont contactés dès la seconde décade d’août et un premier pic de passage est enregistré à la fin de ce mois avec notamment 58 individus le 28.

La migration réelle dure 53 jours, elle débute le 9 septembre et prend fin le 31 octobre.

Durant cette période le flux est très régulier avec une alternance de passages et de blocages. L’effectif journalier est supérieur à 60 individus au cours de 14 journées.

Il n’y a qu’un seul réel pic de passage le 21 octobre avec 175 individus."
2013,species,avibase-94A44032,"91635 individus ont été dénombrés du 28 septembre au 3 novembre. Il s’agit d’un record pour le site ; l’effectif moyen 2000-2010 se situe à moins de 10000 oiseaux.

Le pic de passage du 25 octobre représente à lui seul près de 50% du total."
2014,site,background,"Le site du défilé du Fort l’Écluse (ou Défilé de l’Écluse) fut mis en évidence en 1947 (J. BURNIER, P. CHARVOZ, P. GEROUDET, R. HAINARD, C. VAUCHER et al.) pour ses passages spectaculaires de pigeons et de corvidés. Suite à cela, P. CHARVOZ et J.D. FONTOLLIET consacrèrent une grande partie de leur temps libre à l’observation de la migration sur ce site privilégié. La première synthèse fut l’œuvre du Groupe des Jeunes de Nos Oiseaux, section Genève (G. MÜLHAUSER, T. SCHMID, A. SCHUBERT ET C. VICARI) et porte sur une permanence journalière du 13 août au 30 octobre 1983. Puis c’est en 1992, après 75 jours d’observation continue et le dénombrement de plus de 11000 rapaces, qu’il est envisagé de mettre en place un suivi permanent dès l’année suivante, associant les Suisses de Nos Oiseaux (P. CHARVOZ, M. MAIRE ET AL.) et les Français du Groupe Ornithologique Haut Savoyard, future LPO Haute-Savoie (J.P. MATERAC ET AL.). De 1993 à 2007, le suivi a été assuré au minimum de mi-juillet à fin novembre et ce, tous les jours durant lesquels les conditions météorologiques le permettaient. À la fin de la saison 2007, le DR. CHARVOZ ayant exprimé son impossibilité à assurer une saison supplémentaire, la LPO Haute-Savoie a formulé une demande au collectif «Tête en l’air », avec pour objet, la mise en place d’une permanence salariée durant trois mois afin de poursuivre le suivi de la migration postnuptiale sur ce site remarquable.

« Longtemps, l’acquisition de connaissances sur les migrations d’oiseaux n’a pu se faire que par l’observation directe. Mais malgré le développement d’autres techniques de suivis (baguage, pose de balises, radar), l’identification et le comptage des migrateurs en des points de passage stratégiques demeure une méthode indispensable et pertinente, dans la mesure où, comme tout échantillonnage, les suivis sont réalisés dans les mêmes conditions d’une année à l’autre (protocole stable), et sur une longue période (au moins dix ans). Alors qu’il reste encore à découvrir de nombreux aspects mal connus de la vie des oiseaux migrateurs, la connaissance apportée par les suivis constitue une base solide sur laquelle repose toute évaluation patrimoniale. Les données engrangées durant les nombreuses heures d’observation apportent des informations essentielles sur le déroulement de l’activité migratoire. Les effectifs dénombrés selon un protocole standardisé sur chaque site permettent de mesurer la chronologie de la migration et son évolution dans le temps. Ils offrent aussi la possibilité de produire des indicateurs de la dynamique des populations d’oiseaux. L’évolution du nombre d’oiseaux observés sur un site en migration active est le plus souvent corrélée à la taille de la population de laquelle ils sont issus. La combinaison de tels indicateurs provenant d’un réseau de sites offre une meilleure précision dans le calcul des tendances des effectifs et de l’évaluation de l’état de santé des espèces suivies. Ces conditions remplies, les données recueillies permettent d’évaluer l’état de santé des oiseaux migrateurs en comparant l’évolution des effectifs. Ainsi le suivi de la migration à Organbidexka, qui est conduit depuis plus de vingt ans, a permis de mesurer le déclin des populations ouest européennes de Milan royal et a conduit à l’élaboration d’un plan national de restauration de l’espèce. » source : Mission Migration France B. Généralités Description et localisation du site Extrait de « CHARVOZ & AL. 1996 » « Le défilé du Fort l’Écluse est pratiquement la sortie naturelle du Plateau suisse en direction du sud-ouest. Cet «entonnoir» géographique provoque une concentration des migrateurs en ce point, la crête du Jura paraissant les guider, surtout lorsque le plafond nuageux est bas. En effet, c’est dans cette région que la chaîne principale du Jura devient de plus en plus élevée (Le Reculet, 1717 m) et s’oriente au sud. De l’autre côté du défilé du Fort l’Écluse, au fond duquel coule le Rhône, ce plissement se termine par le Vuache (altitude comprise entre 890 et 1101 m), qui mesure une dizaine de kilomètre de long. A l’est, le Salève (altitude : 1200-1375 m) et, bien au-delà, les Préalpes savoyardes influencent aussi le passage. Le passage dans le défilé lui-même (altitude 343 m au Pont Carnot) est loin d’être la règle générale. En effet, un grand nombre de migrateurs ne transitent pas par le défilé mais passent à l’est, parfois très loin, puis franchissent le Mont Sion ou le Vuache. D’autres individus, surtout par temps clair, franchissent la chaîne du Jura en amont du Crêt d’Eau (1621 m). » Le site du Fort l’Écluse a été parfois utilisé jusqu’au début des années 90 et en particulier lors de l’étude de 1983, mais le suivi le plus régulier a toujours été effectué depuis la commune de Chevrier, à environ 800 m à l’ouest du point actuel. Bien que beaucoup moins d’oiseaux soient décomptés au Fort, il s’agit certainement du meilleur endroit pour l’observation rapprochée des migrateurs qui transitent par le défilé. Le site de Champ Vautier a été choisi au cours de la saison 1992, quand nous nous sommes aperçus que de très nombreux oiseaux passaient loin à l’est et n’étaient pas visibles depuis le point de suivi situé à l’ouest. De plus les arbres ayant poussé autour de celui-ci, le repérage des oiseaux devenait problématique."
2014,monitoring,methods,"Field protocol:

Méthode de suivi de la migration Le site d’observation se trouve au pied nord-est du massif du Vuache, sur la rive gauche du Rhône, entre le fleuve et le village de Chevrier, à une altitude de 400 mètres. Le lieu même de suivi se trouve entre les lieux dits Champ Vautier et Rogy le long de la voie SNCF. Cette position offre les meilleures conditions de visibilité à la fois sur la chaîne du Jura au nord et en direction du massif du Salève à l’est. Les observations sont effectuées au minimum et si les conditions le permettent de 10h à 17h en été (GMT + 2), mais souvent jusqu’à 19h30, et de 9h à 16h en automne (GMT + 1), mais presque chaque jour du lever au coucher du jour. La sphère d’observation est balayée systématiquement et en permanence avec des jumelles (7×50 et 10×40) afin de repérer les groupes ou individus isolés. La longue vue (38×82 et 20-60×80) n’est utilisée que pour l’identification et le dénombrement et en aucun cas pour le repérage. Les individus de chaque espèce en migration active sont identifiés, comptés et leur nombre (plus l’âge et le sexe s’il y a lieu) est reporté par demi-heure sur une fiche de suivi conçue à cet effet. Les rapaces et grands oiseaux (ciconiiformes, cormorans) constituent la cible principale du suivi et sont en conséquence dénombrés à l’unité. Les pigeons font l’objet d’une estimation par groupes. Toutes les autres espèces en migration active sont, dans la mesure du possible, identifiées. Leur dénombrement fait l’objet, selon les cas, d’estimations par tranches de 30 minutes (hirondelles, passereaux). De nombreux points de repère ont été définis sur le site (relief, infrastructures, arbres isolés…) afin de faciliter le repérage par tous les observateurs présents. Le franchissement de certains de ces repères ainsi que l’observation des comportements permet de considérer, ou non, un oiseau comme migrateur. En cas de fort passage de rapaces, une première estimation de l’effectif est effectuée, au loin, lors du repérage aux jumelles. Ensuite, le déplacement du groupe est suivi, puis compté au moment du passage, au plus près des observateurs. Un suivi horaire des conditions météorologiques est effectué, en parallèle au comptage, par le responsable du suivi. Il consiste à relever 6 critères définis préalablement : couverture nuageuse, type de nuage, type de précipitation et intensité, direction et force du vent, visibilité. Un salarié de la LPO association locale Haute-Savoie est responsable du suivi du lundi au vendredi, du 15 juillet au 9 octobre. Il est remplacé les week-ends, les jours fériés et après le 15 novembre par un ou plusieurs bénévoles.

Data processing and analysis:

L’ensemble des observations a été saisi dans la base de données en ligne de la LPO 74, au jour le jour, et transmis à la Mission migration de la LPO France (migraction.net). Afin de ne pas surcharger le présent rapport et par souci de lisibilité, seuls les rapaces et les espèces dont les effectifs le permettent font l’objet d’un histogramme et d’une description. Pour des raisons de temps, il n’a pas été possible d’exploiter les relevés météorologiques journaliers."
2014,monitoring,effort,"La migration visible a été suivie du 15 juillet au 21 novembre 2014. Durant cette période de 130 jours, 125 ont fait l’objet d’un suivi. Les conditions météo trop défavorables n’ont pas permis d’effectuer le suivi durant 5 journées. Ces 125 jours totalisent un peu plus de 1138 heures d’observation soit une moyenne de 9 heures par jour. Le nombre d’heures-observateur est de 3055, dont environ 405 heures effectuées par un salarié et 2650 heures accomplies par les bénévoles (exemple : 2 observateurs actifs sur une journée de 10h de suivi = 20h observateur).

Pour la saison 2014, la LPO Haute-Savoie a assuré une présence quotidienne avec au moins un ornithologue durant les quatre mois que dure la migration postnuptiale c'est-à-dire du 15 juillet au 21 novembre.

C’est donc depuis Champ Vautier, que la majorité des observations de 2014 a été réalisée. Les sites de Vulbens (74), Dingy-en-Vuache (74), Cessens (74) et Collonges (01) ne sont utilisés qu’en cas de brouillard et/ou stratus persistants."
2014,results,overview,"Les rapaces On note 12 jours avec moins de 10 individus comptabilisés dont 2 jours durant lesquels aucun individu n’a été observé. 20 journées ont vu passer de 500 à 1000 rapaces, 12 journées totalisent de 1000 à 2000 rapaces, et 2 journées comptent un effectif supérieur à 2000 rapaces Ces 34 journées représentent 69 % de l’effectif total des rapaces. La journée la plus remarquable de la saison en termes d’effectif est celle du 31 juillet avec un total de 3682 milans noirs ! Il s’agit d’un record journalier pour l’espèce sur le site. Pour l’ensemble de la période de suivi, 52158 rapaces diurnes représentant 20 espèces ont été dénombrés.  Parmi ces 20 espèces, 5 représentent 96,6% de l’effectif total des rapaces diurnes. Pour la première fois dans l’histoire du suivi du site c’est le Milan noir qui domine le relevé avec 28,9% du total. Suivent ensuite la Buse variable (26%), la Bondrée apivore (19,7%), le Milan royal (19,4%) et l’Epervier d’Europe (2,9%). Le Faucon crécerelle et le Busard des roseaux, dont les effectifs saisonniers sont inférieur à 1000 individus représente respectivement 1,2 et 1,3 % du total. Cinq espèces n’ont été contactées qu’une seule fois : l’Aigle criard, l’Aigle pomarin, le Busard pâle, le Vautour fauve, l’Élanion blanc et le Faucon pèlerin. Enfin, 77 rapaces indéterminés ont également été notés dont 7 faucons."
2014,results,highlights," Les autres espèces Hors rapaces, 54 espèces ont été identifiées et contactées en migration active . Les effectifs de cigognes sont à nouveau en hausse après une diminution en 2013. L’effectif des grands cormorans est à nouveau plus faible qu’en 2012 et 2013 mais reste deux fois plus élevé que la moyenne 2000-2010. L’effectif de Grande aigrette reste élevé et très nettement supérieur à la moyenne des 10 dernières années (l’espèce était considérée comme rare avant 2000). L’événement automnal de 2013 avec plus de 1000 Grues cendrées (effectif exceptionnel et inédit pour le Défilé de l’Écluse) ne s’est pas reproduit. L’effectif d’Oie cendrée est tout à fait exceptionnel pour le Défilé de l’Écluse avec 125 individus ! L’effectif des pigeons ramiers se situe dans la moyenne des années classiques mais reste dans une tendance à la baisse par rapport aux dernières décennies. Enfin, le passage des passereaux et hirondelles est en baisse par rapport à 2013, en revanche le Martinet noir et l’Etourneau sansonnet montrent des effectifs très nettement supérieurs à ceux des années précédentes."
2014,results,discussion,"Grâce à l’investissement des salariés et de près de 70 bénévoles, cette saison de suivi a permis de comptabiliser 459562 oiseaux dont plus de 52000 rapaces. 125 jours de suivi représentant 1138 heures de présence ont été nécessaires pour récolter l’ensemble des données. La LPO Haute-Savoie remercie l’ensemble des observateurs. Qu’ils aient aidé durant 1 h, 1 jour ou 1 semaine, leur aide précieuse est indispensable.

Pour la quatrième année consécutive, l’effectif de rapaces, toutes espèces confondues, est supérieur à 45000 individus. Pour la première fois dans l’histoire du suivi ce n’est pas la Buse variable le rapace le plus abondant mais le Milan noir. Ce dernier établit un nouveau record avec 14923 individus et un top jour inédit à 3680 oiseaux ! L’effectif de Milan royal reste particulièrement élevé avec plus de 10000 individus, et ce pour la troisième saison consécutive. Cette espèce place le Défilé de l’Écluse comme le principal site de migration européen de l’espèce. La Bondrée apivore établit quant à elle un nouveau record en franchissant pour la première fois le cap des 10000 individus. Pour plusieurs espèces, bien que 2014 ne constitue pas un record, les effectifs saisonniers sont très bons pour le site : Busard des roseaux (683 individus), Faucon crécerelle (648 individus). La grande absente de la saison est la Buse variable. Après 2 années exceptionnelles, l’effectif saisonnier revient à la normale avec moins de 14000 individus. Les cigognes montrent à nouveau des effectifs encourageants, confirmant encore un fois la bonne santé des populations. Avec près de 2000 individus, la Cigogne blanche établit un nouveau record pour le site. La Cigogne noire, quant à elle, maintien un effectif élevé avec plus de 180 individus. Les grands cormorans, avec près de 11000 individus, sont arrivés tardivement mais montrent à nouveaux des effectifs élevés, bien supérieurs à ceux des années 2000.

Enfin quelques gags pour le site ont égayé le suivi tout au long de la saison : Aigle pomarin, Aigle criard, Élanion blanc, Busard pâle, Labbe parasite, et même une Pie-grièche grise en migration active !

En espérant que le suivi de la migration sur ce site puisse se pérenniser, la LPO Haute-Savoie remercie toutes les personnes ayant contribué depuis toutes ces années au suivi et leur donne rendez-vous à Champ Vautier en 2015 !"
2014,species,avibase-BAC4CA22,1 individu de 1ère année est noté le 27 octobre. 19ème donnée sur le site à une date un peu tardive. Sous réserve d’homologation par le CHN.
2014,species,avibase-C2565B65,3 individus dont 2 ensembles le 25 septembre ! C’est la première fois dans l’histoire du suivi qu’il y a plus d’1 individu sur une saison ; 2 ensembles c’est exceptionnel. Sous réserve d’homologation par le CHN.
2014,species,avibase-95DD1855,2 individus cette année. Il est rare que cette espèce soit plus abondante en migration.
2014,species,avibase-1327AC55,"Avec 156 oiseaux cette année, 2014 est une très bonne année, juste derrière le record de 163 individus en 2013."
2014,species,avibase-ED5A7E8F,"Avec 10279 individus, 2014 constitue un nouveau record pour l’espèce. Il faut remonter à 2005 pour voir un effectif comparable. Le passage est très concentré entre le 24 et le 30 août."
2014,species,avibase-F558C7F9,Seulement 20 individus cette année. C’est peu mais cela devient habituel pour cette espèce dont l’effectif moyen dépasse rarement les 40 oiseaux sur une saison.
2014,species,avibase-63B6412E,Saison exceptionnelle pour le Busard cendré avec un record à 33 individus. Ceci est probablement mettre en relation avec la très bonne saison des bondrées qui ont tendance à « emmener les busards cendrés » dans leur sillage. Habituellement l’effectif saisonnier dépasse rarement 22 individus.
2014,species,avibase-E2A19474,"Depuis 2010, l’effectif saisonnier moyen est en progression par rapport aux années 2000 et oscille entre 600 et 800 individus. Avec 683 individus, la saison 2014 est une bonne année Cette année, 84% des busards ont pu être sexés et/ou âgés. Les individus de 1ère année dominent nettement le relevé (47%) ce qui tend à prouver que la nidification a été bonne pour cette espèce dans le nord de l’Europe. Les individus notés « type femelle » sont soit des individus de 1ère année soit des femelles immatures ou adultes."
2014,species,avibase-22647E26,"1 mâle adulte est noté le 29 septembre, étrangement à la même date qu’un mâle de 3ème année en 2013 ! S’agit-il du même oiseau ?"
2014,species,avibase-3C0C325D,"Peu de buse cette année ! Après 2 années exceptionnelles sur le site (56000 oiseaux en 2012 puis 28000 en 2013) l’effectif 2014 montre un retour à la normal avec 13547 individus. Pour la première fois en 20 ans de suivi, ce n’est pas la Buse variable le rapace le plus abondant sur le site. C’est également la première fois que l’effectif de buse est plus important au printemps au Hucel qu’à l’automne au Défilé de l’Écluse !"
2014,species,avibase-28825494,2014 constitue un nouveau record pour la Cigogne blanche avec 1917 individus. La progression initiée en 2008 reprend après un léger arrêt en 2013 pour une raison inexpliquée. Il y a aujourd’hui 2 fois plus d’oiseaux qu’en 2008 et 6 fois plus qu’en 2000 !
2014,species,avibase-E2817DAE,"Avec 181 individus dénombrés, 2014 est la seconde meilleure saison après 2011 (189 individus). Durant les 8 dernières saisons (sauf 2008) l’effectif saisonnier a été supérieur à 100 individus. Avant cela, l’effectif moyen oscillait entre 60 et 80 individus."
2014,species,avibase-8372FFBA,Seulement 2 individus le 24 août et le 2 septembre.
2014,species,avibase-2DAB45B8,"2014 est une très bonne saison pour le Faucon crécerelle avec 648 individus après 3 années exceptionnelles dont la saison 2012 avec ses 1548 individus. Habituellement, l’effectif saisonnier pour cette espèce est de 100 à 300 individus. Cette brusque augmentation des effectifs depuis 2010 reste toujours sans explication."
2014,species,avibase-E91E287A,"Avec 81 individus, cette saison est assez proche du record de 87 individus en 1998."
2014,species,avibase-47E58408,1 seul oiseau cette année.
2014,species,avibase-F3DA111C,53 individus cette année. Un chiffre intéressant car la moyenne annuelle oscille plutôt autour de 40 individus.
2014,species,avibase-3DF5C587,"Bien qu’inférieure aux deux précédentes saisons, 2014 voit un effectif toujours très nettement supérieur à la moyenne. Avec 10864 individus il s’agit de la troisième meilleure saison pour l’espèce sur le site."
2014,species,avibase-49D9148A,"Pour la troisième année consécutive, l’effectif de Grande aigrette est nettement plus élevé que la moyenne. Avec 215 individus, 2014 est la seconde meilleure saison après 2013 (350 individus)."
2014,species,avibase-6429024D,"Avec 1027 individus, 2014 est la seconde meilleure saison pour l’espèce derrière 2001 (1534 individus). Le passage est très « explosif ». Plus de la moitié de l’effectif saisonnier a été dénombré sur 4 journées !"
2014,species,avibase-06D9A2C8,"Nouveau record saisonnier pour l’espèce avec 14923 individus et record journalier historique le 31 juillet avec 3680 individus ! En plus de ce pic exceptionnel, l’effectif journalier passe les 1000 individus à 3 reprises les 27 juillet, 3 août et 5 août. Pour la première fois en 20 ans de suivi, le Milan noir dépasse en nombre la Buse variable."
2014,species,avibase-451D6FC8,"Bien qu’inférieur aux deux dernières années, l’effectif de Milan royal reste très élevé avec 10120 individus. Pour la quatrième année consécutive, le passage de l’espèce est remarquable avec des effectifs 2 à 3 fois supérieur à la moyenne de la fin des années 2000. Comme d’habitude, le passage se poursuit en décembre avec l’arrivé du froid."
2014,species,avibase-68E4C0D1,"Avec 3550 individus, 2014 est une bonne saison. Bien qu’inférieure à la saison 2013, cette année montre un effectif nettement supérieur à la moyenne des années 2000 à 2010. Le colombin est, comme d’habitude, plutôt un migrateur de septembre. Le passage se poursuit dans une moindre mesure jusqu’à mi-octobre avec les pigeons ramiers.

Lors des gros passages de Pigeon ramier, l’effectif de Pigeon colombin est obtenu par extrapolation. La proportion de colombin, dans les groupes ayant pu être détaillés, est reportée à l’effectif journalier estimé de pigeons indéterminés."
2014,species,avibase-760F307A,"Avec 34474 individus, l’effectif 2014 est très nettement inférieur aux 2 dernières années. Le passage se résume en 2 journées : le 12 octobre avec 9691 individus et le 18 octobre avec 11718 individus. En comparant au suivi du site du Crêt des Roches dans le Doubs (376000 individus en 2014) on constate une nette corrélation. Sur ce site, les journées du 12 au 18 octobre ont vu un passage particulièrement dense. Ceci montre que le Défilé de l’Écluse se trouve à la marge sud-est de cette voie majeure de passage."
2014,species,avibase-5D1987CE,1 seul individu le 10 septembre.
2014,species,avibase-97C47F3E,Il s’agit de la première donnée de l’espèce en migration active sur le site.
2014,species,avibase-DB376A66,"Après deux très belles saisons en 2012 et 2013, retour à un effectif dans la moyenne pour l’Épervier avec 1525 individus. Comme d’habitude le passage est très étalé dans le temps avec une succession de pics de début septembre à début novembre."
2014,species,avibase-94A44032,"72232 individus. C’est un peu moins qu’en 2013 mais nettement plus que les années précédentes. Habitués à un passage moyen oscillant entre 5000 et 20000 individus, les spotteurs sont surpris de voir de tels effectifs d’étourneaux depuis 2 ans."
2015,site,background,"Le site du défilé du Fort l’Écluse (ou Défilé de l’Écluse) fut mis en évidence en 1947 (J. BURNIER, P. CHARVOZ, P. GEROUDET, R. HAINARD, C. VAUCHER et al.) pour ses passages spectaculaires de pigeons et de corvidés. Suite à cela, P. CHARVOZ et J.D. FONTOLLIET consacrèrent une grande partie de leur temps libre à l’observation de la migration sur ce site privilégié. La première synthèse fut l’œuvre du Groupe des Jeunes de Nos Oiseaux, section Genève (G. MÜLHAUSER, T. SCHMID, A. SCHUBERT ET C. VICARI) et porte sur une permanence journalière du 13 août au 30 octobre 1983. Puis c’est en 1992, après 75 jours d’observation continue et le dénombrement de plus de 11000 rapaces, qu’il est envisagé de mettre en place un suivi permanent dès l’année suivante, associant les Suisses de Nos Oiseaux (P. CHARVOZ, M. MAIRE ET AL.) et les Français du Groupe Ornithologique Haut Savoyard, future LPO Haute-Savoie (J.P. MATERAC ET AL.). De 1993 à 2007, le suivi a été assuré au minimum de mi-juillet à fin novembre et ce, tous les jours durant lesquels les conditions météorologiques le permettaient. À la fin de la saison 2007, le DR. CHARVOZ ayant exprimé son impossibilité à assurer une saison supplémentaire, la LPO Haute-Savoie a formulé une demande au collectif «Tête en l’air », avec pour objet, la mise en place d’une permanence salariée durant trois mois afin de poursuivre le suivi de la migration postnuptiale sur ce site remarquable.

« Longtemps, l’acquisition de connaissances sur les migrations d’oiseaux n’a pu se faire que par l’observation directe. Mais malgré le développement d’autres techniques de suivis (baguage, pose de balises, radar), l’identification et le comptage des migrateurs en des points de passage stratégiques demeure une méthode indispensable et pertinente, dans la mesure où, comme tout échantillonnage, les suivis sont réalisés dans les mêmes conditions d’une année à l’autre (protocole stable), et sur une longue période (au moins dix ans). Alors qu’il reste encore à découvrir de nombreux aspects mal connus de la vie des oiseaux migrateurs, la connaissance apportée par les suivis constitue une base solide sur laquelle repose toute évaluation patrimoniale. Les données engrangées durant les nombreuses heures d’observation apportent des informations essentielles sur le déroulement de l’activité migratoire. Les effectifs dénombrés selon un protocole standardisé sur chaque site permettent de mesurer la chronologie de la migration et son évolution dans le temps. Ils offrent aussi la possibilité de produire des indicateurs de la dynamique des populations d’oiseaux. L’évolution du nombre d’oiseaux observés sur un site en migration active est le plus souvent corrélée à la taille de la population de laquelle ils sont issus. La combinaison de tels indicateurs provenant d’un réseau de sites offre une meilleure précision dans le calcul des tendances des effectifs et de l’évaluation de l’état de santé des espèces suivies. Ces conditions remplies, les données recueillies permettent d’évaluer l’état de santé des oiseaux migrateurs en comparant l’évolution des effectifs. Ainsi le suivi de la migration à Organbidexka, qui est conduit depuis plus de vingt ans, a permis de mesurer le déclin des populations ouest européennes de Milan royal et a conduit à l’élaboration d’un plan national de restauration de l’espèce. » source : Mission Migration France B. Généralités Description et localisation du site Extrait de « CHARVOZ & AL. 1996 » « Le défilé du Fort l’Écluse est pratiquement la sortie naturelle du Plateau suisse en direction du sud-ouest. Cet «entonnoir» géographique provoque une concentration des migrateurs en ce point, la crête du Jura paraissant les guider, surtout lorsque le plafond nuageux est bas. En effet, c’est dans cette région que la chaîne principale du Jura devient de plus en plus élevée (Le Reculet, 1717 m) et s’oriente au sud. De l’autre côté du défilé du Fort l’Écluse, au fond duquel coule le Rhône, ce plissement se termine par le Vuache (altitude comprise entre 890 et 1101 m), qui mesure une dizaine de kilomètre de long. A l’est, le Salève (altitude : 1200-1375 m) et, bien au-delà, les Préalpes savoyardes influencent aussi le passage. Le passage dans le défilé lui-même (altitude 343 m au Pont Carnot) est loin d’être la règle générale. En effet, un grand nombre de migrateurs ne transitent pas par le défilé mais passent à l’est, parfois très loin, puis franchissent le Mont Sion ou le Vuache. D’autres individus, surtout par temps clair, franchissent la chaîne du Jura en amont du Crêt d’Eau (1621 m). » Le site du Fort l’Écluse a été parfois utilisé jusqu’au début des années 90 et en particulier lors de l’étude de 1983, mais le suivi le plus régulier a toujours été effectué depuis la commune de Chevrier, à environ 800 m à l’ouest du point actuel. Bien que beaucoup moins d’oiseaux soient décomptés au Fort, il s’agit certainement du meilleur endroit pour l’observation rapprochée des migrateurs qui transitent par le défilé. Le site de Champ Vautier a été choisi au cours de la saison 1992, quand nous nous sommes aperçus que de très nombreux oiseaux passaient loin à l’est et n’étaient pas visibles depuis le point de suivi situé à l’ouest. De plus les arbres ayant poussé autour de celui-ci, le repérage des oiseaux devenait problématique."
2015,monitoring,methods,"Field protocol:

Méthode de suivi de la migration Le site d’observation se trouve au pied nord-est du massif du Vuache, sur la rive gauche du Rhône, entre le fleuve et le village de Chevrier, à une altitude de 400 mètres. Le lieu même de suivi se trouve entre les lieux dits Champ Vautier et Rogy le long de la voie SNCF. Cette position offre les meilleures conditions de visibilité à la fois sur la chaîne du Jura au nord et en direction du massif du Salève à l’est. Les observations sont effectuées au minimum et si les conditions le permettent de 10h à 17h en été (GMT + 2), mais souvent jusqu’à 19h30, et de 9h à 16h en automne (GMT + 1), mais presque chaque jour du lever au coucher du jour. La sphère d’observation est balayée systématiquement et en permanence avec des jumelles (7×50 et 10×40) afin de repérer les groupes ou individus isolés. La longue vue (38×82 et 20-60×80) n’est utilisée que pour l’identification et le dénombrement et en aucun cas pour le repérage. Les individus de chaque espèce en migration active sont identifiés, comptés et leur nombre (plus l’âge et le sexe s’il y a lieu) est reporté par demi-heure sur une fiche de suivi conçue à cet effet. Les rapaces et grands oiseaux (ciconiiformes, cormorans) constituent la cible principale du suivi et sont en conséquence dénombrés à l’unité. Les pigeons font l’objet d’une estimation par groupes. Toutes les autres espèces en migration active sont, dans la mesure du possible, identifiées. Leur dénombrement fait l’objet, selon les cas, d’estimations par tranches de 30 minutes (hirondelles, passereaux). De nombreux points de repère ont été définis sur le site (relief, infrastructures, arbres isolés…) afin de faciliter le repérage par tous les observateurs présents. Le franchissement de certains de ces repères ainsi que l’observation des comportements permet de considérer, ou non, un oiseau comme migrateur. En cas de fort passage de rapaces, une première estimation de l’effectif est effectuée, au loin, lors du repérage aux jumelles. Ensuite, le déplacement du groupe est suivi, puis compté au moment du passage, au plus près des observateurs. Un suivi horaire des conditions météorologiques est effectué, en parallèle au comptage, par le responsable du suivi. Il consiste à relever 6 critères définis préalablement : couverture nuageuse, type de nuage, type de précipitation et intensité, direction et force du vent, visibilité. Un salarié de la LPO association locale Haute-Savoie est responsable du suivi du lundi au vendredi, du 15 juillet au 9 octobre. Il est remplacé les week-ends, les jours fériés et après le 15 novembre par un ou plusieurs bénévoles.

Data processing and analysis:

L’ensemble des observations a été saisi dans la base de données en ligne de la LPO 74, au jour le jour, et transmis à la Mission migration de la LPO France (migraction.net). Afin de ne pas surcharger le présent rapport et par souci de lisibilité, seuls les rapaces et les espèces dont les effectifs le permettent font l’objet d’un histogramme et d’une description. Pour 6 espèces de rapaces, cibles principales du suivi, représentant plus de 90 % de l’effectif total de ce groupe, un graphique reprend les effectifs saisonniers et indices annuels sur une période similaire (du 18 juillet au 18 novembre) de 2000 à 2015. L’indice annuel est calculé à partir d’indices journaliers pondérant les effectifs journaliers avec le temps de suivi journalier. Cette pondération ainsi que l’utilisation des données acquises dans une période équivalente chaque année permet de gommer en partie les effets de la variation de pression d’observation. Cela permet également de produire une courbe de tendance (régression polynomiale cubique) plus fiable que la simple utilisation de l’effectif brut annuel. Pour des raisons de temps, il n’a pas été possible d’exploiter les relevés météorologiques journaliers."
2015,monitoring,effort,"La migration visible a été suivie du 18 juillet au 4 décembre 2015. Durant cette période de 141 jours, 134 ont fait l’objet d’un suivi. Les conditions météorologiques trop défavorables n’ont pas permis d’effectuer le suivi durant 7 journées. Ces 134 jours totalisent un peu plus de 1137 heures d’observation soit une moyenne de 8h30 par jour. Le nombre d’heures-observateur est de 2650, dont environ 525 heures effectuées par un salarié et 2125 heures accomplies par les bénévoles (exemple : 2 observateurs actifs sur une journée de 10h de suivi = 20 heures-observateur).

Pour la saison 2015, la LPO Haute-Savoie a assuré une présence quotidienne avec au moins un ornithologue durant les quatre mois que dure la migration postnuptiale c'est-à-dire du 18 juillet au 4 décembre.

C’est donc depuis Champ Vautier que la majorité des observations de 2015 a été réalisée. Les sites de Vulbens (74), Dingy-en-Vuache (74), Cessens (74) et Collonges (01) ne sont utilisés qu’en cas de brouillard et/ou stratus persistants."
2015,results,overview,"Les rapaces On note 12 jours avec moins de 10 individus comptabilisés. 19 journées ont vu passer de 500 à 1000 rapaces, 9 journées totalisent de 1000 à 2000 rapaces, et 1 journée compte un effectif supérieur à 2000 rapaces Ces 29 journées représentent 65 % de l’effectif total des rapaces. La journée la plus remarquable de la saison en termes d’effectif est celle du 20 octobre avec un total de 2543 rapaces. Il s’agit du pic de passage pour la Buse variable et le Milan royal. Pour l’ensemble de la période de suivi, 40788 rapaces diurnes représentant 18 espèces ont été dénombrés.  Parmi ces 18 espèces, 5 représentent 96,2% de l’effectif total des rapaces diurnes. Après une saison 2014 exceptionnelle pour le Milan noir, c’est la Buse variable qui reprend sa place de rapace le plus abondant du site avec 40 % du total. Suivent ensuite le Milan royal (26%), le Milan noir (18 %), la Bondrée apivore (8 %) et l’Épervier d’Europe (4%). Le Faucon crécerelle et le Busard des roseaux, dont les effectifs saisonniers sont inférieurs à 1000 individus, représentent respectivement 1 et 2 % du total."
2015,results,highlights," Les autres espèces Hors rapaces, 63 espèces ont été identifiées et contactées en migration active . L’effectif des grands cormorans est étrangement faible après plusieurs années d’augmentation régulière. L’événement automnal de 2013 s’est reproduit pour les grues cendrées avec près de 1000 individus et un record journalier pour le site à 626 oiseaux. L’effectif des pigeons ramiers se situe dans la moyenne des années classiques mais reste dans une tendance à la baisse par rapport aux dernières décennies.

Avec plus de 60000 individus, l’effectif 2015 est très nettement supérieur aux 2 dernières années. Le passage est très concentré : 28000 individus du 17 au 21 octobre puis 9000 le 25 octobre représentent plus de 60 % du total. En comparant le suivi à celui du site du Crêt des Roches dans le Doubs (255000 individus en 2015), on constate une nette corrélation. Sur ce site, les journées du 19 au 24 octobre ont vu un passage particulièrement dense. Ceci montre que le Défilé de l’Écluse se trouve à la marge sud-est de cette voie majeure de passage."
2015,results,discussion,"Grâce à l’investissement des salariés et de près de 70 bénévoles, cette saison de suivi a permis de comptabiliser plus de 400000 oiseaux dont 40788 rapaces. 134 jours de suivi représentant 1137 heures de présence ont été nécessaires pour récolter l’ensemble des données. La LPO Haute-Savoie remercie l’ensemble des observateurs. Qu’ils aient aidé durant 1 h, 1 jour ou 1 semaine, leur aide précieuse est indispensable.

Cela faisait 4 saisons que l’effectif total de rapaces n’était plus passé en dessous de 45000 individus. Le très faible effectif de bondrées apivores ainsi qu’un retour à la norme après 2 saisons exceptionnelles pour le milan noir explique en partie cette diminution. L’effectif de milans royaux reste particulièrement élevé avec plus de 10000 individus, et ce pour la quatrième saison consécutive. Cette espèce place le Défilé de l’Écluse comme le principal site de migration européen de l’espèce. L’effectif saisonnier du Busard des roseaux reste élevé, tout comme celui du Balbuzard pêcheur. Les cigognes montrent à nouveau des effectifs encourageants, confirmant encore un fois la bonne santé des populations. Avec plus de 1500 individus, la Cigogne blanche montre toujours un passage notable. La Cigogne noire, quant à elle, maintien un effectif élevé avec plus de 160 individus. Les grands cormorans sont en revanche aux abonnés absents. Le passage a été très tardif et n’a représenté que la moitié de ce qu’il était depuis 2011. Les pigeons voient quant à eux une légère augmentation avec un peu plus de 60000 individus.

Lors de la rédaction de ces lignes, la LPO Haute-Savoie a appris qu’elle n’aura malheureusement pas les moyens suffisants pour maintenir le suivi permanent du site à l’automne 2016. Nous espérons cependant que nos bénévoles, épaulés par ceux du GOBG, de Nos Oiseaux et d’autres parviennent à maintenir une présence régulière sur le site. L’équipe salariée veillera à les aider dans l’organisation du suivi et fera tout ce qu’elle peut pour assurer quelques événements sur le site entre août et octobre afin de poursuivre ses actions de sensibilisation autour du phénomène de la migration sur ce magnifique site qu’est le Défilé de l’Écluse."
2015,species,avibase-BAC4CA22,2 individus les 2 septembre et 9 octobre. Sous réserve d’homologation par le CHN.
2015,species,avibase-C2565B65,2 individus adultes les 20 et 28 septembre. Sous réserve d’homologation par le CHN.
2015,species,avibase-95DD1855,3 individus cette année. Il est rare que cette espèce soit plus abondante en migration.
2015,species,avibase-1327AC55,"Avec 130 oiseaux du 25 juillet au 7 octobre, l’effectif est en baisse par rapport à 2013 et 2014. Cependant, 2015 est une très bonne saison avec la 6ème place, en termes d’effectif, sur les 20 dernières années."
2015,species,avibase-ED5A7E8F,"Avec 3392 individus du 4 août au 30 septembre, la saison 2015 est médiocre et succède tristement au record de 2014. Le maximum est de seulement 729 individus le 2 septembre. La tendance globale depuis 2000 est à une très légère baisse avec de grandes variations ."
2015,species,avibase-F558C7F9,29 individus cette année. C’est peu mais cela devient habituel pour cette espèce dont l’effectif moyen dépasse rarement les 40 oiseaux sur une saison.
2015,species,avibase-63B6412E,"15 individus cette année, effectif dans la moyenne, concentré comme d’habitude lors du passage des bondrées."
2015,species,avibase-E2A19474,"Avec 815 individus du 23 août au 2 novembre, cette saison 2015 se situe dans la moyenne des 5 années précédentes. Deux pics de passage sont enregistrés les 9 et 10 septembre puis le 22 et 23 septembre. La tendance globale depuis 2000 montre une nette augmentation, notamment lorsque l’on fait abstraction de 2001 ."
2015,species,avibase-3C0C325D,"16506 individus sont dénombrés du 2 septembre au 2 novembre avec un maximum de 1538 le 20 octobre. Après deux saisons exceptionnelles en 2012 et 2013, les effectifs saisonniers de l’espèce sont revenus à un niveau moyen. La tendance globale depuis 2000 est à une très légère augmentation ."
2015,species,avibase-28825494,"Légère diminution en 2015 avec 1511 individus mais l’effectif saisonnier reste élevé et l’espèce poursuit la progression constatée depuis 2008. Les cigognes blanches passent loin à l’est, sont souvent difficiles à repérer et certains groupes peuvent passer inaperçus. Il est fort probable qu’environ 2000 individus traversent le genevois chaque automne."
2015,species,avibase-E2817DAE,"Avec 164 individus dénombrés, 2015 fait partie des 4 meilleures saisons pour l’espèce (maximum 189 individus). Durant les 9 dernières saisons (sauf 2008), l’effectif saisonnier a été supérieur à 100 individus. Avant cela, l’effectif moyen oscillait entre 60 et 80 individus."
2015,species,avibase-8372FFBA,2 individus cette année. Il est rare que cette espèce soit plus abondante en migration.
2015,species,avibase-2DAB45B8,"Après 4 saisons hors normes avec des effectifs particulièrement élevés (maximum de 1568 individus en 2012), un retour à la normale est observé en 2015 avec 393 individus du 25 août au 27 novembre."
2015,species,avibase-E91E287A,"Avec 85 individus, cette saison frôle le record de 1998 (87 individus)."
2015,species,avibase-47E58408,6 individus notés en migration active. Les effectifs sont toujours faibles et montrent surtout la tendance à l’erratisme de l’espèce en hiver.
2015,species,avibase-F3DA111C,Seulement 16 individus cette année. Il s’agit du plus faible effectif saisonnier depuis 1992.
2015,species,avibase-3DF5C587,"Retour à la moyenne avec 6676 individus après 3 saisons exceptionnelles durant lesquelles l’effectif saisonnier a dépassé 10000 individus. La douceur de l’automne a entrainée un départ en migration très tardif, le pic de passage n’arrivant que le 22 novembre avec 1355 individus."
2015,species,avibase-06D9A2C8,"Suite à un record en 2014, la saison 2015 voit le retour à un effectif dans la moyenne. 7332 individus sont dénombrés du 18 juillet au 2 octobre avec un maximum de 1718 individus le 31 juillet. La tendance globale depuis 2000 est à l’augmentation même si l’on fait abstraction des records de 2011 et 2014 ."
2015,species,avibase-451D6FC8,"Avec 10383 individus du premier au dernier jour de suivi de la saison, le Milan royal reste l’espèce phare du Défilé et voit ses effectifs se maintenir à un niveau particulièrement élevé pour la 5ème année consécutive. La tendance globale depuis 2000 est à une très forte augmentation notamment depuis 2011 ."
2015,species,avibase-5D1987CE,L’espèce est observée quasi annuellement sur le site depuis 2007.
2015,species,avibase-DB376A66,"Avec 1602 individus du 18 août au 30 novembre, cette saison 2015 confirme la diminution entamée en 2014. Le maximum est enregistré le 24 septembre avec 138 individus. Malgré une diminution notable ces deux dernières années, la tendance globale depuis 2000 est à l’augmentation ."
2016,site,background,"La LPO Haute-Savoie tient à remercier tout particulièrement les généreux donateurs sans qui le suivi 2016 n’aurait pu avoir lieu.

Le site du défilé du Fort l’Écluse (ou Défilé de l’Écluse) fut mis en évidence en 1947 (J. BURNIER, P. CHARVOZ, P. GEROUDET, R. HAINARD, C. VAUCHER et al.) pour ses passages spectaculaires de pigeons et de corvidés. Suite à cela, P. CHARVOZ et J.D. FONTOLLIET consacrèrent une grande partie de leur temps libre à l’observation de la migration sur ce site privilégié. La première synthèse fut l’œuvre du Groupe des Jeunes de Nos Oiseaux, section Genève (G. MÜLHAUSER, T. SCHMID, A. SCHUBERT ET C. VICARI) et porte sur une permanence journalière du 13 août au 30 octobre 1983. Puis c’est en 1992, après 75 jours d’observation continue et le dénombrement de plus de 11000 rapaces, qu’il est envisagé de mettre en place un suivi permanent dès l’année suivante, associant les Suisses de Nos Oiseaux (P. CHARVOZ, M. MAIRE ET AL.) et les Français du Groupe Ornithologique Haut Savoyard, future LPO Haute-Savoie (J.P. MATERAC ET AL.). De 1993 à 2007, le suivi a été assuré au minimum de mi-juillet à fin novembre et ce, tous les jours durant lesquels les conditions météorologiques le permettaient. À la fin de la saison 2007, le DR. CHARVOZ ayant exprimé son impossibilité à assurer une saison supplémentaire, la LPO Haute-Savoie a formulé une demande au collectif «Tête en l’air », avec pour objet, la mise en place d’une permanence salariée durant trois mois afin de poursuivre le suivi de la migration postnuptiale sur ce site remarquable.

« Longtemps, l’acquisition de connaissances sur les migrations d’oiseaux n’a pu se faire que par l’observation directe. Mais malgré le développement d’autres techniques de suivis (baguage, pose de balises, radar), l’identification et le comptage des migrateurs en des points de passage stratégiques demeure une méthode indispensable et pertinente, dans la mesure où, comme tout échantillonnage, les suivis sont réalisés dans les mêmes conditions d’une année à l’autre (protocole stable), et sur une longue période (au moins dix ans). Alors qu’il reste encore à découvrir de nombreux aspects mal connus de la vie des oiseaux migrateurs, la connaissance apportée par les suivis constitue une base solide sur laquelle repose toute évaluation patrimoniale. Les données engrangées durant les nombreuses heures d’observation apportent des informations essentielles sur le déroulement de l’activité migratoire. Les effectifs dénombrés selon un protocole standardisé sur chaque site permettent de mesurer la chronologie de la migration et son évolution dans le temps. Ils offrent aussi la possibilité de produire des indicateurs de la dynamique des populations d’oiseaux. L’évolution du nombre d’oiseaux observés sur un site en migration active est le plus souvent corrélée à la taille de la population de laquelle ils sont issus. La combinaison de tels indicateurs provenant d’un réseau de sites offre une meilleure précision dans le calcul des tendances des effectifs et de l’évaluation de l’état de santé des espèces suivies. Ces conditions remplies, les données recueillies permettent d’évaluer l’état de santé des oiseaux migrateurs en comparant l’évolution des effectifs. Ainsi le suivi de la migration à Organbidexka, qui est conduit depuis plus de vingt ans, a permis de mesurer le déclin des populations ouest européennes de Milan royal et a conduit à l’élaboration d’un plan national de restauration de l’espèce. » source : Mission Migration France B. Généralités Description et localisation du site Extrait de « CHARVOZ& AL. 1996 » « Le défilé du Fort l’Écluse est pratiquement la sortie naturelle du Plateau suisse en direction du sud-ouest. Cet «entonnoir» géographique provoque une concentration des migrateurs en ce point, la crête du Jura paraissant les guider, surtout lorsque le plafond nuageux est bas. En effet, c’est dans cette région que la chaîne principale du Jura devient de plus en plus élevée (Le Reculet, 1717 m) et s’oriente au sud. De l’autre côté du défilé du Fort l’Écluse, au fond duquel coule le Rhône, ce plissement se termine par le Vuache (altitude comprise entre 890 et 1101 m), qui mesure une dizaine de kilomètre de long. A l’est, le Salève (altitude : 1200-1375 m) et, bien au-delà, les Préalpes savoyardes influencent aussi le passage. Le passage dans le défilé lui-même (altitude 343 m au Pont Carnot) est loin d’être la règle générale. En effet, un grand nombre de migrateurs ne transitent pas par le défilé mais passent à l’est, parfois très loin, puis franchissent le Mont Sion ou le Vuache. D’autres individus, surtout par temps clair, franchissent la chaîne du Jura en amont du Crêt d’Eau (1621 m). » Le site du Fort l’Écluse a été parfois utilisé jusqu’au début des années 90 et en particulier lors de l’étude de 1983, mais le suivi le plus régulier a toujours été effectué depuis la commune de Chevrier, à environ 800 m à l’ouest du point actuel. Bien que beaucoup moins d’oiseaux soient décomptés au Fort, il s’agit certainement du meilleur endroit pour l’observation rapprochée des migrateurs qui transitent par le défilé. Le site de Champ Vautier a été choisi au cours de la saison 1992, quand nous nous sommes aperçus que de très nombreux oiseaux passaient loin à l’est et n’étaient pas visibles depuis le point de suivi situé à l’ouest. De plus les arbres ayant poussé autour de celui-ci, le repérage des oiseaux devenait problématique."
2016,monitoring,methods,"Field protocol:

Méthode de suivi de la migration Le site d’observation se trouve au pied nord-est du massif du Vuache, sur la rive gauche du Rhône, entre le fleuve et le village de Chevrier, à une altitude de 400 mètres. Le lieu même de suivi se trouve entre les lieux dits Champ Vautier et Rogy le long de la voie SNCF. Cette position offre les meilleures conditions de visibilité à la fois sur la chaîne du Jura au nord et en direction du massif du Salève à l’est. Les observations sont effectuées au minimum et si les conditions le permettent de 10h à 17h en été (GMT + 2), mais souvent jusqu’à 19h30, et de 9h à 16h en automne (GMT + 1), mais presque chaque jour du lever au coucher du jour. La sphère d’observation est balayée systématiquement et en permanence avec des jumelles (7×50 et 10×40) afin de repérer les groupes ou individus isolés. La longue vue (38×82 et 20-60×80) n’est utilisée que pour l’identification et le dénombrement et en aucun cas pour le repérage. Les individus de chaque espèce en migration active sont identifiés, comptés et leur nombre (plus l’âge et le sexe s’il y a lieu) est reporté par demi-heure sur une fiche de suivi conçue à cet effet. Les rapaces et grands oiseaux (ciconiiformes, cormorans) constituent la cible principale du suivi et sont en conséquence dénombrés à l’unité. Les pigeons font l’objet d’une estimation par groupes. Toutes les autres espèces en migration active sont, dans la mesure du possible, identifiées. Leur dénombrement fait l’objet, selon les cas, d’estimations par tranches de 30 minutes (hirondelles, passereaux). De nombreux points de repère ont été définis sur le site (relief, infrastructures, arbres isolés…) afin de faciliter le repérage par tous les observateurs présents. Le franchissement de certains de ces repères ainsi que l’observation des comportements permet de considérer, ou non, un oiseau comme migrateur. En cas de fort passage de rapaces, une première estimation de l’effectif est effectuée, au loin, lors du repérage aux jumelles. Ensuite, le déplacement du groupe est suivi, puis compté au moment du passage, au plus près des observateurs. Un suivi horaire des conditions météorologiques est effectué, en parallèle au comptage, par le responsable du suivi. Il consiste à relever 6 critères définis préalablement : couverture nuageuse, type de nuage, type de précipitation et intensité, direction et force du vent, visibilité. Un salarié de la LPO association locale Haute-Savoie est responsable du suivi du lundi au vendredi, du 18 juillet au 16 septembre. Il est remplacé les week-ends, les jours fériés et après le 15 novembre par un ou plusieurs bénévoles.

Data processing and analysis:

L’ensemble des observations a été saisi dans la base de données en ligne de la LPO 74, au jour le jour, et transmis à la Mission migration de la LPO France (migraction.net). Afin de ne pas surcharger le présent rapport et par souci de lisibilité, seuls les rapaces et les espèces dont les effectifs le permettent font l’objet d’un histogramme et d’une description. Pour 6 espèces de rapaces, cibles principales du suivi, représentant plus de 90 % de l’effectif total de ce groupe, un graphique reprend les effectifs saisonniers et indices annuels sur une période similaire (du 18 juillet au 18 novembre) de 2000 à 2016. L’indice annuel est calculé à partir d’indices journaliers pondérant les effectifs journaliers avec le temps de suivi journalier. Cette pondération ainsi que l’utilisation des données acquises dans une période équivalente chaque année permet de gommer en partie les effets de la variation de pression d’observation. Cela permet également de produire une courbe de tendance (régression polynomiale cubique) plus fiable que la simple utilisation de l’effectif brut annuel. Pour des raisons de temps, il n’a pas été possible d’exploiter les relevés météorologiques journaliers."
2016,monitoring,effort,"La migration visible a été suivie du 18 juillet au 17 novembre 2016. Durant cette période de 123 jours, 112 ont fait l’objet d’un suivi. Les conditions météorologiques trop défavorables n’ont pas permis d’effectuer le suivi durant 11 journées. Ces 112 jours totalisent un peu plus de 933 heures d’observation soit une moyenne de 8h30 par jour. Le nombre d’heures-observateur est de 2394, dont environ 426 heures effectuées par un salarié et 1967 heures accomplies par les bénévoles (exemple : 2 observateurs actifs sur une journée de 10h de suivi = 20 heures-observateur).

Pour la saison 2016, la LPO Haute-Savoie a assuré une présence quotidienne avec au moins un ornithologue durant les quatre mois que dure la migration postnuptiale c'est-à-dire du 18 juillet au 17 novembre.

C’est donc depuis Champ Vautier que la majorité des observations de 2015a été réalisée. Les sites de Vulbens (74), Dingy-en-Vuache (74), Cessens (74) et Collonges (01) ne sont utilisés qu’en cas de brouillard et/ou stratus persistants."
2016,results,overview,"Les rapaces On note 7 jours avec moins de 10 individus comptabilisés. 12 journées ont vu passer de 500 à 1000 rapaces, 6 journées totalisent 1000 à 2000 rapaces, 1 journée compte un effectif entre 2000 et 3000 rapaces et 1 journée comptabilise un effectif supérieur à 3000 rapaces. Ces 20 journées représentent 68 % de l’effectif total des rapaces. La journée la plus remarquable de la saison en termes d’effectif est celle du 6 octobre avec un total de 5724 rapaces. Il s’agit du pic de passage pour la Buse variable et le Milan royal. Pour l’ensemble de la période de suivi, 39102 rapaces diurnes représentant 17 espèces ont été dénombrés.  Parmi ces 17 espèces, 5 représentent 97,7% de l’effectif total des rapaces diurnes. Après une saison 2014 exceptionnelle pour le Milan noir, c’est la Buse variable qui reprend sa place de rapace le plus abondant du site, depuis 2015, avec 46 % du total en 2016. Suivent ensuite le Milan royal (26%), le Milan noir (18 %), la Bondrée apivore (3,5 %) et l’Épervier d’Europe (3%). Le Faucon crécerelle et le Busard des roseaux, dont les effectifs saisonniers sont inférieurs à 1000 individus, représentent respectivement 0,8 et 0,9 % du total.

Suite à un fort pic de froid survenu après la fin officielle du suivi de migration, un total de 2590 rapaces a été compté, hors protocole. Ils sont concentrés sur le 28 octobre, avec 1101 Buses variables et 941 Milans royaux."
2016,results,highlights,"Les autres espèces Hors rapaces, 57 espèces ont été identifiées et contactées en migration active . Après 3 années exceptionnelles (2012-2014), l’effectif des grands cormorans redevient stable à un niveau assez bas. Suite à un pic de froid après la fin du suivi de la migration, 84 Grands cormorans ont été comptés, hors protocole, entre le 28 et le 30 novembre. 301 Grues cendrées sont comptabilisées, comme en 2012, bien loin des deux années exceptionnelles de 2013 et 2015 à plus de 900 individus. L’effectif des pigeons ramiers se situe dans la moyenne des années classiques, mais reste dans une tendance à la baisse par rapport aux dernières décennies.

Avec plus de 54715 individus, l’effectif 2016 est quasiment égal à celui de l’année précédente. Le passage est très concentré : 32117 individus entre le 19 et 23 octobre ce qui représente presque 60 % de l’effectif total. Comme en 2015, le Défilé de l’Écluse se trouve à la marge sud-est de la voie majeure de passage du Crêt des Roches dans le Doubs (265000 individus en 2016). Sur les 30556 individus qui ont pu être déterminés, 1851 sont des pigeons colombins et 28705 des pigeons ramiers. Les pigeons colombins représentent donc 6,06% du passage.

Hirondelles Hirundinidae sp. 78269 individus, toutes espèces confondues, sont dénombrés cette année. Un pic observé le 23 septembre, avec 20866 individus, représente 27% de l’effectif total. Depuis le début d’estimations plus précises des effectifs en 2010, 2016 est la 2ème moins bonne année et représente moins du quart du total de l’année record 2012 qui comptait 321000 oiseaux."
2016,results,discussion,"Grâce à l’investissement des salariés et de près de 70 bénévoles, cette saison de suivi a permis de comptabiliser 302637 oiseaux dont 39102 rapaces pendant le suivi, plus 2721 oiseaux dont 2590 rapaces hors protocole. 112 jours de suivi représentant 933 heures de présence ont été nécessaires pour récolter l’ensemble des données. La LPO Haute-Savoie remercie l’ensemble des observateurs. Qu’ils aient aidé durant 1 h, 1 jour ou 1 semaine, leur aide précieuse a été indispensable.

Après 4 saisons (2011-2014) à plus de 45000 individus, et encore 40788 rapaces en 2015, 2016 passe en dessous des 40000 avec un peu plus de 39100 oiseaux. Cela peut s’expliquer en partie par un très faible effectif de bondrées apivores. L’effectif de Milans royaux reste toujours aussi élevé avec plus de 10000 individus, et ce pour la cinquième saison consécutive. Cette espèce place le Défilé de l’Écluse comme le principal site de migration européen de l’espèce. Le 6 octobre reste un jour peu commun avec un effectif dépassant les 5000 rapaces. La Buse variable reste le rapace le plus présent au Défilé de l’Ecluse. Avec environ 18000 individus cette année, elle représente quasiment la moitié de l’effectif total des rapaces. L’effectif saisonnier du Busard des roseaux, tout comme celui du Balbuzard pêcheur sont en forte baisse par rapport aux années précédentes. Les cigognes continuent à montrer des effectifs encourageants, confirmant encore une fois la bonne santé des populations malgré une très nette diminution par rapport aux deux années précédentes. Avec plus de 1000 individus, la Cigogne blanche montre toujours un passage notable. La Cigogne noire, quant à elle, maintien un effectif assez élevé avec 121 individus. L’effectif de Grands Cormorans est légèrement inférieur à celui de 2015. Il revient dans la moyenne après trois années exceptionnelles (2012-2014) à plus de 10000 individus. Les pigeons voient quant à eux une légère diminution avec presque 55000 individus.

Pour 2017 rien n’est encore acquis. La LPO Haute-Savoie cherche actuellement les moyens nécessaires au maintien du suivi dans les années à venir et se rapproche pour cela de différents partenaires français et suisses. Le maintien du suivi tel qu’il existait jusqu’alors est conditionné par la réussite de ces démarches."
2016,outreach,activities,"Interventions scolaires « A la découverte de la migration »- Session 2016 Cette année, quatre établissements dont six classes ont bénéficié d’intervention sur le phénomène de la migration, permettant aux enfants de découvrir leur patrimoine naturel au travers d’activités et d’actions adaptées à leurs âges. - Ecole des tilleuls deux classes de CP (29 et 28 élèves) Madame Isabelle GAILLARD - Collège des tilleuls classe de 6ème (25 élèves) Madame Marjorie MACON - Lycée de l’Albanais groupe environnement (10 jeunes) Monsieur Vincent LATHUILLE - Collège Arthur Rimbaud, Saint Julien en Genevois deux classes (30 et 29 élèves) Madame PEGUET Au total, 251 enfants du département ont bénéficié d’animations sur le thème de la migration sur une à deux demi-journée chacun.

Nous avons travaillé avec certaines classes en amont sur le réchauffement climatique en lien avec l’opération « arbre pour le climat ».

Ecole des tilleuls La première animation pour les CP s’est déroulée en classe, sur la découverte du phénomène de la migration à l’aide d’un tapis à histoire « une année avec les hirondelles », d’un film expliquant les difficultés de la migration et d’un grand jeu où les enfants se mettent dans la peau d’un oiseau et vivent leur voyage. La seconde animation s’est déroulée à l’extérieur au bord du lac d’Annecy pour observer les oiseaux migrateurs aux bords du lac d’Annecy à cette période nous avons eu la chance d’observer des foulques avec leurs petits. La journée a continué dans le parc de l’Impériale où des ateliers sur la migration et l’oiseau étaient installés : le cycle vie, l’alimentation, la reconnaissance d’oiseau commun,…

Collège des tilleuls Suite au travail fait en classe sur le réchauffement climatique, les jeunes ont pu faire le rapprochement entre cette étude et le phénomène de la migration. La première animation s’est déroulée en classe sous forme d’un grand jeu avec des épreuves sur la migration afin de découvrir les difficultés, le phénomène et quelques espèces migratrices. La seconde animation s’est déroulée sur le terrain avec une partie d’observation de l’oiseau migrateur ou sédentaire au lac d’Annecy (belle observation d’un cygne installé pour couver au bord du chemin).

Lycée de l’Albanais Comme pour le collège des tilleuls, suite au travail fait en classe sur le réchauffement climatique, les jeunes ont pu faire le rapprochement en cette étude et le phénomène de la migration. Ce groupe « environnement » a déjà mis en place des aménagements dans le lycée, une mare, des nichoirs et des études de la biodiversité. Nous avons commencé par un jeu de rôle sur la migration avec une problématique de disparition de milieu. Les jeunes ont dû trouver des solutions qui pouvaient satisfaire tous les acteurs. La suite de l’animation s’est ensuite déroulée sur une malle pédagogique, appelée : « La nature près de chez moi » afin de faire le rapprochement avec des actions qui peuvent être mise en place pour ces oiseaux migrateurs. Les jeunes ont ensuite fait des animations dans les écoles lors de la semaine du développement durable.

Collège Arthur Rimbaud La première animation s’est déroulée en classe sous forme d’un grand jeu avec des épreuves sur la migration afin de découvrir les difficultés, le phénomène et quelques espèces migratrices. La seconde animation s’est déroulée sur le terrain avec une partie d’observation de l’oiseau migrateur au marais de l’Etournel.

Bilan et perspectives Les jeunes ont pu découvrir le phénomène de la migration via des ateliers ludiques et de l’observation de terrain. Cela a permis de prendre conscience que la migration des oiseaux est présente et s’observe très proche de chez eux.

Journée « Tête en l’Air » à Chevrier Lors de cette journée grand public organisée depuis 2008 dans le cadre des journées européennes de la migration « Eurobirdwatch », la LPO Haute-Savoie a proposé de participer au suivi de la migration active des oiseaux sur le site du Défilé de l’Ecluse ainsi que des balades guidées à la découverte des oiseaux en halte migratoire sur la zone humide de l’Etournel.

Les conditions météo maussades n’ont permis de sensibiliser que 20 personnes sur la journée."
2016,species,avibase-1327AC55,"Avec 80 oiseaux du 12 juillet au 5 octobre, l’effectif est en baisse par rapport à 2013, 2014 et 2015 mais reste dans la moyenne."
2016,species,avibase-ED5A7E8F,"Avec 1391 individus du 11 août au 6 octobre, la saison 2016 est très médiocre. Il faut remonter à plus de 20 ans, lorsque les suivis étaient très incomplets, pour trouver des effectifs aussi faibles. L’explication est probablement à rechercher dans les conditions météorologiques (beau temps et grand ciel bleu) très favorables pour les oiseaux leur permettant de passer n’importe où, comme par exemple au-dessus du massif du Jura, très haut, ou très loin à l’est, donc hors de portée des observateurs. Le maximum est de seulement 525 individus le 30 août. La tendance globale depuis 2000 est à une baisse avec de grandes variations ."
2016,species,avibase-F558C7F9,"30 individus cette année, dont 5 hors protocole. C’est peu mais cela devient habituel pour cette espèce dont l’effectif moyen dépasse rarement les 40 oiseaux sur une saison."
2016,species,avibase-E2A19474,"Avec 328 individus du 1er août au 2 novembre, cette saison 2016 montre une forte diminution par rapport aux 6 années précédentes . Un pic de passage est enregistré le 30 août avec 43 individus, ce qui représente 13% du passage total enregistrée en 2016. Comme pour la bondrée, les conditions météorologiques (beau temps et grand ciel bleu) très favorables pour les oiseaux leur ont permis de passer n’importe où, comme par exemple au-dessus du massif du Jura ou très haut, ou très loin à l’est, donc hors de portée des observateurs."
2016,species,avibase-3C0C325D,"17930 individus sont dénombrés du 26 août au 17 novembre, avec un maximum de 3680 le 6 octobre. 1434 individus sont observés hors protocole entre le 28 novembre et le 3 décembre. Après deux saisons exceptionnelles en 2012 et 2013, les effectifs saisonniers de l’espèce sont revenus à un niveau moyen avec une légère augmentation depuis 2014. Les années de passage supérieures à la moyenne s’expliquent par une météo hivernale précoce qui fait fuir ces migrateurs partiels des zones plus nordiques. La tendance globale depuis 2000 est à une très légère augmentation ."
2016,species,avibase-28825494,"Nette diminution en 2016 avec seulement 1019 individus, mais l’effectif saisonnier reste élevé et l’espèce maintient la progression constatée depuis 2008. Un pic est observé le 23 août avec 125 individus. Les cigognes blanches passant loin à l’est, sont souvent difficiles à repérer, surtout cette année avec une brume persistante, et certains groupes peuvent passer inaperçus. Il est fort probable qu’environ 2000 individus traversent le genevois chaque automne."
2016,species,avibase-E2817DAE,"Avec 121 individus dénombrés, 2016 reste dans l’effectif moyen de l’espèce (maximum 189 individus en 2011). Durant les 10 dernières saisons (sauf 2008), l’effectif saisonnier a été supérieur à 100 individus. Avant cela, l’effectif moyen oscillait entre 60 et 80 individus."
2016,species,avibase-2DAB45B8,"Après 4 saisons hors normes avec des effectifs particulièrement élevés (maximum de 1568 individus en 2012), un retour à la normale est observé depuis 2015. 2016 suit cette tendance avec 365 individus observés entre le 6 septembre et 13 novembre et un pic de passage le 6 septembre."
2016,species,avibase-E91E287A,"Avec seulement 21 individus, 2016 produit un effectif qui n’a jamais été aussi faible depuis 2005. Après une forte augmentation de l’effectif jusqu’en 2015 avec 85 individus, la diminution est brutale."
2016,species,avibase-47E58408,4individus notés en migration active. Les effectifs sont toujours faibles et montrent surtout la tendance à l’erratisme de l’espèce en hiver.
2016,species,avibase-F3DA111C,Seulement 20 individus cette année. Légère augmentation depuis l’année dernière mais cela reste un effectif plus bas que la moyenne.
2016,species,avibase-3DF5C587,"2016 reste dans la moyenne avec 5615 individus répartis entre le 21 juillet et le 17 novembre. Trois pics sont observés les 9, 16 et 22 octobre avec 363, 357 et 374 individus. Ces trois jours réunis représentent 1/5 de la population totale observée en migration cette année."
2016,species,avibase-06D9A2C8,"Suite à un record en 2014, la saison 2016, comme celle de 2015, voit le retour à un effectif dans la moyenne. 7283 individus sont dénombrés du 18 juillet au 10 octobre avec un maximum de 1255 individus le 1er août. Cet effectif est quasiment identique à celui de 2015. La tendance globale depuis 2000 est à l’augmentation même si l’on fait abstraction des records de 2011 et 2014 ."
2016,species,avibase-451D6FC8,"Avec 10321 individus du premier au dernier jour de suivi de la saison, le Milan royal reste l’espèce phare du Défilé et voit ses effectifs se maintenir à un niveau particulièrement élevé pour la 6ème année consécutive. S’ajoutent à cela 1147 individus observés hors protocole entre le 28 novembre et le 3 décembre. La tendance globale depuis 2000 est à une très forte augmentation notamment depuis 2011 ."
2016,species,avibase-68E4C0D1,"Avec plus de 54715 individus, l’effectif 2016 est quasiment égal à celui de l’année précédente. Le passage est très concentré : 32117 individus entre le 19 et 23 octobre ce qui représente presque 60 % de l’effectif total. Comme en 2015, le Défilé de l’Écluse se trouve à la marge sud-est de la voie majeure de passage du Crêt des Roches dans le Doubs (265000 individus en 2016). Sur les 30556 individus qui ont pu être déterminés, 1851 sont des pigeons colombins et 28705 des pigeons ramiers. Les pigeons colombins représentent donc 6,06% du passage."
2016,species,avibase-760F307A,"Avec plus de 54715 individus, l’effectif 2016 est quasiment égal à celui de l’année précédente. Le passage est très concentré : 32117 individus entre le 19 et 23 octobre ce qui représente presque 60 % de l’effectif total. Comme en 2015, le Défilé de l’Écluse se trouve à la marge sud-est de la voie majeure de passage du Crêt des Roches dans le Doubs (265000 individus en 2016). Sur les 30556 individus qui ont pu être déterminés, 1851 sont des pigeons colombins et 28705 des pigeons ramiers. Les pigeons colombins représentent donc 6,06% du passage."
2016,species,avibase-97C47F3E,"1 individu cette année. C’est la 2ème observation au défilé de l’Ecluse, après celle de 2014. Sous réserve d’homologation par le CHN.."
2016,species,avibase-DB376A66,"Avec 1272 individus du 11 août au 17 novembre, cette saison 2016 confirme la diminution entamée en 2014. Le maximum est enregistré le 6 octobre avec 141 individus. Après de longues années de croissance jusqu’à atteindre un pic en 2013 avec plus de 2500 individus, l’effectif chute de manière significative depuis 3 ans ."
2016,species,avibase-94A44032,"Cette année, 28279 individus sont observés en migration, avec un maximum de 5200 le 20 octobre. 2013, la meilleure année de passage, a compté 91635 oiseaux."
2017,site,background,"La LPO Haute-Savoie tient à remercier tout particulièrement la Station Ornithologique Suisse, le Conseil Départemental de Haute-Savoie et le Groupe Ornithologique du Bassin Genevois sans lesquels le suivi 2017 n’aurait pu avoir lieu.

Le site du défilé du Fort l’Écluse (ou Défilé de l’Écluse) fut mis en évidence en 1947 (J. BURNIER, P. CHARVOZ, P. GEROUDET, R. HAINARD, C. VAUCHER et al.) pour ses passages spectaculaires de pigeons et de corvidés. Par la suite, P. CHARVOZ et J.D. FONTOLLIET consacrèrent une grande partie de leur temps libre à l’observation de la migration sur ce site privilégié. La première synthèse qui fut l’œuvre du Groupe des Jeunes de Nos Oiseaux, section Genève (G. MÜLHAUSER, T. SCHMID, A. SCHUBERT ET C. VICARI) porte sur une permanence journalière du 13 août au 30 octobre 1983. Puis c’est en 1992, après 75 jours d’observation continue et le dénombrement de plus de 11000 rapaces, qu’il est envisagé de mettre en place un suivi permanent dès l’année suivante, associant les Suisses de Nos Oiseaux (P. CHARVOZ, M. MAIRE ET AL.) et les Français du Groupe Ornithologique Haut Savoyard, future LPO Haute-Savoie (J-P. MATERAC ET AL.). De 1993 à 2007, le suivi a été assuré au minimum de mi-juillet à fin novembre et ce, tous les jours durant lesquels les conditions météorologiques le permettaient. À la fin de la saison 2007, le DR. CHARVOZ ayant exprimé son impossibilité à assurer une saison supplémentaire, la LPO Haute-Savoie a formulé une demande au collectif «Tête en l’air », avec pour objet, la mise en place d’une permanence salariée durant trois mois afin de poursuivre le suivi de la migration postnuptiale sur ce site remarquable.

« Longtemps, l’acquisition de connaissances sur les migrations d’oiseaux n’a pu se faire que par l’observation directe. Malgré le développement d’autres techniques de suivis (baguage, pose de balises, radar), l’identification et le comptage des migrateurs en des points de passage stratégiques demeurent une méthode indispensable et pertinente, dans la mesure où, comme tout échantillonnage, les suivis sont réalisés dans les mêmes conditions d’une année à l’autre (protocole stable), et sur une longue période (au moins dix ans). Alors qu’il reste encore à découvrir de nombreux aspects mal connus de la vie des oiseaux migrateurs, la connaissance apportée par les suivis constitue une base solide sur laquelle repose toute évaluation patrimoniale. Les données engrangées durant les nombreuses heures d’observation apportent des informations essentielles sur le déroulement de l’activité migratoire. Les effectifs dénombrés selon un protocole standardisé sur chaque site permettent de mesurer la chronologie de la migration et son évolution dans le temps. Ils offrent aussi la possibilité de produire des indicateurs de la dynamique des populations d’oiseaux. L’évolution du nombre d’oiseaux observés sur un site en migration active est le plus souvent corrélée à la taille de la population de laquelle ils sont issus. La combinaison de tels indicateurs provenant d’un réseau de sites offre une meilleure précision dans le calcul des tendances des effectifs et de l’évaluation de l’état de santé des espèces suivies. Ces conditions remplies, les données recueillies permettent d’évaluer l’état de santé des oiseaux migrateurs en comparant l’évolution des effectifs. Ainsi le suivi de la migration à Organbidexka, qui est conduit depuis plus de vingt ans, a permis de mesurer le déclin des populations ouest européennes de Milan royal et a conduit à l’élaboration d’un plan national de restauration de l’espèce. » source : Mission Migration France.

Extrait de « CHARVOZ& AL. 1996 » « Le défilé du Fort l’Écluse est pratiquement la sortie naturelle du Plateau suisse en direction du sud-ouest. Cet «entonnoir» géographique provoque une concentration des migrateurs en ce point, la crête du Jura paraissant les guider, surtout lorsque le plafond nuageux est bas. En effet, c’est dans cette région que la chaîne principale du Jura devient de plus en plus élevée (Le Reculet, 1717 m) et s’oriente au sud. De l’autre côté du défilé du Fort l’Écluse, au fond duquel coule le Rhône, ce plissement se termine par le Vuache (altitude comprise entre 890 et 1101 m), qui mesure une dizaine de kilomètre de long. A l’est, le Salève (altitude : 1200-1375 m) et, bien au-delà, les Préalpes savoyardes influencent aussi le passage. Le passage dans le défilé lui-même (altitude 343 m au Pont Carnot) est loin d’être la règle générale. En effet, un grand nombre de migrateurs ne transitent pas par le défilé mais passent à l’est, parfois très loin, puis franchissent le Mont Sion ou le Vuache. D’autres individus, surtout par temps clair, franchissent la chaîne du Jura en amont du Crêt d’Eau (1621 m). » Le site du Fort l’Écluse a été parfois utilisé jusqu’au début des années 90 et en particulier lors de l’étude de 1983, mais le suivi le plus régulier a toujours été effectué depuis la commune de Chevrier, à environ 800 m à l’ouest du point actuel. Bien que beaucoup moins d’oiseaux soient décomptés au Fort, il s’agit certainement du meilleur endroit pour l’observation rapprochée des migrateurs qui transitent par le défilé. Le site de Champ Vautier a été choisi au cours de la saison 1992, quand nous nous sommes aperçus que de très nombreux oiseaux passaient loin à l’est et n’étaient pas visibles depuis le point de suivi situé à l’ouest. De plus les arbres ayant poussé autour de celui-ci, le repérage des oiseaux devenait problématique."
2017,monitoring,methods,"Field protocol:

Méthode de suivi de la migration Le site d’observation se trouve au pied nord-est du massif du Vuache, sur la rive gauche du Rhône, entre le fleuve et le village de Chevrier, à une altitude de 400 mètres. Le lieu même de suivi se trouve entre les lieux dits Champ Vautier et Rogy le long de la voie SNCF. Cette position offre les meilleures conditions de visibilité à la fois sur la chaîne du Jura au nord et en direction du massif du Salève à l’est. Les observations sont effectuées au minimum et si les conditions le permettent, de 10h à 17h en été (GMT + 2), mais souvent jusqu’à 19h30, et de 9h à 16h en automne (GMT + 1), mais presque chaque jour du lever au coucher du jour. La sphère d’observation est balayée systématiquement et en permanence avec des jumelles (7×50 et 10×40) afin de repérer les groupes ou individus isolés. La longue vue (38×82 et 20-60×80) n’est utilisée que pour l’identification et le dénombrement et en aucun cas pour le repérage. Les individus de chaque espèce en migration active sont identifiés, comptés et leur nombre (plus l’âge et le sexe s’il y a lieu) est reporté par demi-heure sur une fiche de suivi conçue à cet effet. Les rapaces et grands oiseaux (ciconiiformes, cormorans) constituent la cible principale du suivi et sont en conséquence dénombrés à l’unité. Les pigeons font l’objet d’une estimation par groupes. Toutes les autres espèces en migration active sont, dans la mesure du possible, identifiées. Leur dénombrement fait l’objet, selon les cas, d’estimations par tranches de 30 minutes (hirondelles, passereaux). De nombreux points de repère ont été définis sur le site (relief, infrastructures, arbres isolés…) afin de faciliter le repérage par tous les observateurs présents. Le franchissement de certains de ces repères ainsi que l’observation des comportements permet de considérer, ou non, un oiseau comme migrateur. En cas de fort passage de rapaces, une première estimation de l’effectif est effectuée, au loin, lors du repérage aux jumelles. Ensuite, le déplacement du groupe est suivi, puis compté au moment du passage, au plus près des observateurs. Un suivi horaire des conditions météorologiques est effectué, en parallèle au comptage, par le responsable du suivi. Il consiste à relever 6 critères définis préalablement : couverture nuageuse, type de nuage, type de précipitation et intensité, direction et force du vent, visibilité. Deux salariés de la LPO association locale Haute-Savoie sont responsables, en alternance, du suivi chaque jour de la semaine, y compris les samedis, dimanches et jours fériés, du 15 juillet au 20 novembre. Il sont aidés quasiment chaque jour, par un ou plusieurs bénévoles.

Data processing and analysis:

L’ensemble des observations a été saisi dans la base de données en ligne de la LPO 74, au fur et à mesure du passage, grâce à une tablette, et transmis, chaque jour, à la Mission migration de la Afin de ne pas surcharger le présent rapport et par souci de lisibilité, seuls les rapaces et les espèces dont les effectifs le permettent font l’objet d’un histogramme et d’une description. Pour 6 espèces de rapaces, cibles principales du suivi, représentant plus de 90 % de l’effectif total de ce groupe, un graphique reprend les effectifs saisonniers et indices annuels sur une période similaire (du 18 juillet au 18 novembre) de 2000 à 2017. L’indice annuel est calculé à partir d’indices journaliers pondérant les effectifs journaliers avec le temps de suivi journalier. Cette pondération ainsi que l’utilisation des données acquises dans une période équivalente chaque année permet de gommer en partie les effets de la variation de pression d’observation. Cela permet également de produire une courbe de tendance (régression polynomiale cubique) plus fiable que la simple utilisation de l’effectif brut annuel. Pour des raisons de temps, il n’a pas été possible d’exploiter les relevés météorologiques journaliers."
2017,monitoring,effort,"La migration visible a été suivie du 15 juillet au 20 novembre 2017. Les 129 jours de cette période ont bénéficié d’un suivi sur la journée complète ou non selon les conditions météorologiques, parfois peu favorables. Ces 129 jours totalisent un peu plus de 1171 heures d’observation soit une moyenne de 9h00 par jour.

Pour la saison 2017, la LPO Haute-Savoie a assuré une présence quotidienne avec au moins un ornithologue durant les quatre mois que dure la migration postnuptiale c'est-à-dire du 15 juillet au 20 novembre. Cette année, les financements apportés par les partenaires ont permis de recruter deux « spotteurs » à plein temps. Nous avons donc pu assurer une présence salariée permanente 7 jour sur 7, ce qui n’avait jamais été possible auparavant.

C’est donc depuis Champ Vautier que la majorité des observations de 2017 a été réalisée. Les sites de Vulbens (74), Dingy-en-Vuache (74), Cessens (74) et Collonges (01) ne sont utilisés qu’en cas de brouillard et/ou stratus persistants."
2017,results,overview,"Les rapaces On note 12 jours avec moins de 10 individus comptabilisés dont 5 sans rapaces. 23 journées ont vu passer de 500 à 1000 rapaces, 13 journées en totalisent 1000 à 2000 et 1 journée atteint un effectif compris entre 2000 et 3000. Ces 37 journées représentent 76 % de l’effectif total des rapaces. La journée la plus remarquable de la saison en termes d’effectif est celle du 01 août avec un total de 2448. Il s’agit du pic de passage pour le Milan noir. Pour l’ensemble de la période de suivi, 49241 rapaces diurnes représentant 21 espèces et un hybride ont été dénombrés. Notons aussi la présence d’une espèce de rapace nocturne.  Parmi ces 21 espèces, 5 représentent environ 96% de l’effectif total des rapaces diurnes. La Buse variable reste le rapace le plus abondant sur le site avec 35,7% du total. Suivent ensuite le Milan noir (28,6%), le Milan royal (22,1%), la Bondrée apivore (6,9%) et l’Épervier d’Europe (2,7%). Le Faucon crécerelle compte cette année plus de 1000 individus et représente 2,1% du total alors que le Busard des roseaux, dont l’effectif saisonnier est inférieur à 1000 individus, représente 1,4% du total."
2017,results,highlights,"Les autres espèces Hors rapaces, 86 espèces ont été contactées et identifiées en migration active . 2017 devient l’année la plus importante en terme de passage de Grands cormorans avec un effectif exceptionnel de 18605 individus, le précédent record étant de 13064 oiseaux en 2012. 405 Grues cendrées sont comptabilisées, il s’agit de la troisième meilleure année. Elle se situe cependant bien en deçà de 2013 et 2015, années avec plus de 900 oiseaux. Avec 89948 individus, l’effectif des pigeons ramiers est le cinquième plus important depuis 1993. Il s’agit donc d’une bonne année pour cette espèce dont les effectifs migrateurs sont globalement en baisse.

Avec plus de 94045 individus, l’effectif 2017 est l’un des plus élevé depuis longtemps. Habituellement, le pic de passage des pigeons se déroulait en 5 jours, aux alentours du 20 octobre. En 2017, ce pic a eu lieu de manière précoce entre le 10 et le 14 octobre avec 52232 individus en 5 jours, soit 56% de l’effectif total. Il faut souligner que d’importantes vagues de passage ont été observées avant et après. Sur les 93420 individus qui ont pu être déterminés, 3514 sont des pigeons colombins et 89906 des pigeons ramiers. Les pigeons colombins représentent donc 3,8 % du passage. Pour rappel, le Défilé de l’Écluse se trouve à la marge sud-est de la voie majeure de passage passant par le Crêt des Roches, dans le Doubs, où 633000 individus ont été dénombrés en 2017."
2017,results,discussion,"Grâce à l’investissement des salariés et d’un peu plus de 80 bénévoles, cette saison de suivi a permis de comptabiliser 504426 oiseaux dont 49241 rapaces. 129 jours de suivi totalisant 1171 heures de présence ont été nécessaires pour récolter l’ensemble des données. La LPO Haute-Savoie remercie l’ensemble des observateurs. Qu’ils aient aidé durant 1 h, 1 jour ou 1 semaine, leur aide précieuse a été indispensable. Avec plus de 49000 rapaces, 2017 est une très bonne saison pour le site. Le faible effectif des bondrées et l’effectif moyen des buses variables ne permettent pas de passer la barre des 50000. L’effectif des milans royaux reste toujours aussi élevé avec plus de 10000 individus, et ce pour la sixième saison consécutive. Le Défilé de l’Écluse est le principal site de migration européen de l’espèce. L’effectif des milans noirs, d’environ 14000 oiseaux, est exceptionnel pour le site. Il ne s’agit que de la troisième année avec plus de 10000 oiseaux comptés. La buse variable reste le rapace migrateur le plus abondant au Défilé de l’Ecluse. Avec environ 17500 individus cette année, elle représente un peu plus du tiers de l’effectif total des rapaces. Les effectifs saisonniers du Busard des roseaux, du Balbuzard pêcheur et du Faucon crécerelle sont à nouveau en augmentation par rapport à 2016. Mais l’Epervier d’Europe, le Busard Saint-Martin et le Faucon émerillon voient leurs effectifs diminuer, et de manière importante pour le busard. Les cigognes continuent à montrer des effectifs en progression, confirmant encore une fois la bonne santé des populations. La Cigogne blanche frôle la barre des 3000 individus et la Cigogne noire bat un nouveau record avec le passage de 201 individus. Le Grand Cormoran établit un nouveau record avec plus de 18500 migrateurs. Les pigeons voient leurs effectifs augmenter à nouveau. Presque 95000 migrateurs nous rappellent un peu, avec nostalgie, les passages quand même très supérieurs observés autrefois sur le site. Cette année exceptionnelle s’explique par des conditions météorologiques idéales pour le succès des reproductions et par de bonnes conditions de suivi, tant humaines que météo.

Après certains doutes, fin 2016, concernant la pérennisation du suivi, le soutien très important apporté par la Station Ornithologique Suisse de Sempach et ceux conséquents du Conseil Départemental et du Groupe Ornithologique du Bassin Genevois (GOBG) permettent d’assurer la poursuite de l’action avec plus de sérénité."
2017,outreach,activities,"4 animations à destination de 2 classes Deux classes de la commune de Chevrier ont bénéficié de deux animations d’1h30 faites par une éducatrice à l’environnement de la LPO. Initialement, chaque classe devait avoir 3h00 d’animation sur le site à l’extérieur mais étant donné la météo pluvieuse sur la première journée il a été décidé que les deux classes auraient tout d’abord une animation à l’intérieur puis une autre à l’extérieur. Animations en classe : Les enfants ont visionné un petit film sur les oiseaux afin d’entamer la discussion (cycle de vie de l’oiseau, techniques de vol, dangers de la migration…) Ils ont ensuite découvert certaines espèces d’oiseaux migrateurs et sédentaires et ont retrouvé sur une carte le passage des oiseaux migrateurs du lac Léman jusqu’à la mer Méditerranée.

Animation à l’extérieur sur le site du Défilé de l’Écluse : Les enfants ont été répartis en équipes afin de découvrir les oiseaux migrateurs présents sur le site. Certains groupes participaient à des ateliers visant à découvrir les dangers et les difficultés de la migration. Pendant ce temps, l’autre groupe était avec les spotteurs pour observer les oiseaux à l’aide de jumelles et de longues-vues. Les enfants ont eu l’occasion d’observer le bal des hirondelles qui étaient présentes. Les enseignantes et la commune de Chevrier nous ont fait un retour positif du projet. Ces animations pourront être proposées, à l’avenir, aux communes voisines, afin qu’elles puissent avoir connaissance du site et comprendre ce qu’il s’y passe et son utilité.

La classe de Grande Section et de CP de Madame BERTELIER de la commune de Vinzier a bénéficié de deux animations d’une demi-journée réalisées par une éducatrice à l’environnement et une animatrice en service civique à la LPO. La première animation s’est déroulée à l’intérieur et à l’extérieur, autour de l’école. Les enfants ont d’abord découvert quels étaient les critères à utiliser pour reconnaitre un oiseau. Nous avons utilisé un conte sur le rougegorge à l’aide d’un raconte tapis. Les enfants sont allés observer les oiseaux à l’extérieur dans le village autour de l’école. La buse variable était au rendez-vous ainsi que quelques passereaux. En parallèle, ils ont réalisé un land art sur les différentes parties de l’oiseau. La météo étant froide, nous avons continué à l’intérieur avec un jeu sur l’alimentation des oiseaux et l’adaptation de leurs becs. La seconde animation, axée plus spécifiquement sur la migration, s’est déroulée en classe. Les enfants ont écouté une histoire sur le cycle de vie de l’hirondelle. Il commence au printemps avec l’arrivée des hirondelles dans notre région, se poursuit avec la naissance des petits, leur envol, la migration aller, l’arrivée en Afrique pour hiverner et se termine avec leur retour chez nous. Le voyage de l’hirondelle a pu être suivi sur une carte géographique. À partir d’une fiche, les enfants se sont ensuite mis dans la peau de l’hirondelle et ont dû surmonter les différents obstacles qui rythment la migration (la montagne, la recherche de nourriture, la mer et le désert...). Ils ont ensuite essayé de différencier les paysages européens des paysages africains pour découvrir les différents milieux de vie des oiseaux migrateurs. L’après-midi s’est terminée par un film sur la migration et ses difficultés, comme l’impact de l’homme sur ce phénomène. Un focus sur le site du Hucel a permis de faire un lien local avec la migration.

ACCUEIL SUR SITE : JOURNEES GRAND PUBLIC et LES SAMEDIS DE LA MIGRATION Les journées grand public (lancement de la saison, Journées du patrimoine et Tête en l’air ») ont eu un franc succès, en revanche les « samedis de la migration » ont été clairement un échec.

15/07 lancement du suivi : 50 personnes 29/07 Les samedis de la migration : 5 personnes 12/08 Les samedis de la migration : 0 personnes 26/08 Les samedis de la migration : 0 personnes 9/09 Les samedis de la migration : 0 personnes 16/09 Journées européennes du patrimoine : 20 personnes 23/09 Les samedis de la migration : 3 personnes 30/09 Journées européennes de la migration « Tête en l’air » : 45 personnes 7/10 Les samedis de la migration : 0 personnes Il a été noté que le site était plus fréquenté le dimanche que le samedi, même en dehors de tout évènement. Les « samedis de la migration » seront donc remplacés en 2018 par les « dimanches de la migration » afin de mobiliser plus efficacement les bénévoles sur des journées où le public est plus nombreux."
2017,species,avibase-BAC4CA22,Un oiseau de première année passe le 10/10. (Sous réserve d’homologation par le CHN).
2017,species,avibase-2A16982E,1 individu le 26 septembre. L’oiseau était de type pomarin mais un hybride n’a pas pu être écarté.
2017,species,avibase-95DD1855,1 seul individu est noté cette année pour cette espèce qui présente toujours un nombre de migrateurs très faible.
2017,species,avibase-1327AC55,"Avec 162 oiseaux du 30 juillet au 23 octobre, l’effectif a doublé par rapport à 2016 et se situe à 1 unité du record de 2013."
2017,species,avibase-ED5A7E8F,"Bien qu’il y ait eu des années encore plus mauvaises, la saison 2017, avec 3392 individus, du 09 août au 1er octobre, est médiocre et montre un effectif faible, identique à celui de 2015. L’explication de ce résultat, est probablement à rechercher dans les conditions météorologiques (beau temps et grand ciel bleu) très favorables pour les oiseaux et leur permettant de passer n’importe où, comme par exemple au-dessus du massif du Jura, très haut, ou très loin à l’est, donc hors de portée des observateurs. Le maximum est tout de même de 1224 individus, passés tardivement le 03 septembre . La tendance globale depuis 2000 est à la baisse avec de grandes variations ."
2017,species,avibase-F558C7F9,4 individus seulement cette année. C’est l’effectif le plus faible enregistré depuis 1991. Difficile d’expliquer ce faible passage. Les conditions météorologiques favorables au nord n’ont probablement pas poussé ce migrateur partiel à gagner le sud de l’Europe.
2017,species,avibase-63B6412E,"12 individus cette année. Effectif assez bas, mais plutôt dans la moyenne et concentré comme d’habitude lors du passage des bondrées."
2017,species,avibase-E2A19474,"Après l’année 2016 très médiocre, les effectifs 2017 reviennent dans la moyenne des 6 années précédentes. 707 individus passent du 07 août au 2 novembre. . Toutefois, après une augmentation, les effectifs montrent une tendance à la baisse. . Le pic de passage se déroule le 03 septembre ave 56 individus."
2017,species,avibase-22647E26,Année exceptionnelle pour l’espèce avec pas moins de 5 migrateurs dont 3 le 29/9. Cette augmentation est en concordance avec celle du nombre croissant d’observations à l’échelle nationale pour cette espèce.
2017,species,avibase-3C0C325D,"17501 individus sont dénombrés du 27 août au 20 novembre, avec un maximum de seulement 1410 le 24 octobre. Les oiseaux sont passés en effectifs similaires à l’année précédente mais de manière moins concentrée . Cet effectif rentre dans la moyenne des années normales avec toutefois une légère augmentation. Les années de passage supérieures à la moyenne s’expliquent par une météo hivernale précoce faisant fuir ces migrateurs partiels des zones plus nordiques. La tendance globale depuis 2000 est à une très légère augmentation ."
2017,species,avibase-28825494,"Après la nette diminution de 2016, probablement dûe à des conditions météorologiques défavorables à l’observation (forte brume réduisant la visibilité, loin à l’est), l’effectif augmente à nouveau et bat le record avec 2947 individus. L’espèce maintient la progression constatée depuis 2008. Un pic est observé le 25 août avec 370 individus. Toutefois, plusieurs groupes ont été ratés. En effet, les cigognes blanches passant loin à l’est, sont souvent difficiles à repérer, surtout cette année avec une brume persistante, et certains groupes peuvent passer inaperçus. Il est fort probable que plus de 3500 individus aient traversé le genevois cet automne."
2017,species,avibase-E2817DAE,"Avec 201 individus dénombrés, 2017 devient la meilleure année pour le passage de l’espèce. Durant les 10 dernières saisons (sauf 2008), l’effectif saisonnier a été supérieur à 100 individus. Auparavant, l’effectif moyen oscillait entre 60 et 80 individus."
2017,species,avibase-8372FFBA,"9 individus cette année constituent le record pour l’espèce, suite aux précédents maxima de 2008 et 2012 avec 7 oiseaux. L’espèce se situant en limite d’aire de répartition est donc rare sur le site. Les populations nicheuses de circaètes étant en augmentation, cela peut expliquer ce record."
2017,species,avibase-2DAB45B8,"2017 est la deuxième année comptant plus de 1000 faucons crécerelles. Les 1034 oiseaux passent entre le 2/9 et le 6/11, avec un pic à 98 oiseaux le 1/10. Après les années 2015 et 2016 avec des effectifs revenus à la moyenne, 2017 rejoint les grandes années de 2011 à 2014."
2017,species,avibase-E91E287A,"Bien que leur nombre soit supérieur celui de 2016, les 49 individus de 2017 représentent un effectif faible."
2017,species,avibase-997A9437,1 individu passe le 24/9. Il s’agit seulement de la 5ème année où cette espèce est notée sur le site. Elle est très rare en automne dans le département. Ceci est dû au fait qu’elle effectue une migration en boucle qui passe au printemps par l’ouest et à l’automne par l’est de l’Europe.
2017,species,avibase-47E58408,4 individus sont notés en migration active. Les effectifs sont toujours faibles et montrent surtout la tendance à l’erratisme de l’espèce en hiver.
2017,species,avibase-F3DA111C,"Seulement 16 individus sont observés cette année. L’effectif, comme en 2015, est le plus faible enregistré depuis 1991. La tendance globale semble être à la baisse pour cette espèce. Il est probable qu’à l’instar du busard Saint-Martin les oiseaux ne soient pas descendus au sud."
2017,species,avibase-3DF5C587,"Avec 18605 individus, répartis entre le 21 juillet et le 20 novembre, 2017 est de loin la meilleure année pour l’espèce. Trois pics sont observés le 20 septembre, 10 et 31 octobre avec 756, 1644 et 1253 individus. Cette forte augmentation contraste avec les 6676 et 5699 oiseaux passés respectivement en 2015 et 2016."
2017,species,avibase-8F123A11,1 individu est observé le 19/9. Cette espèce reste très rare sur le site.
2017,species,avibase-D49A669A,"1 individu de 3ème année passe le 11 octobre. Cet oiseau a été identifié à l’aide d’une balise posée au nid en août 2015, en Lituanie."
2017,species,avibase-06D9A2C8,"Avec 14076 individus, l’année 2017 devient la deuxième meilleure année de passage pour l’espèce, derrière 2014, avec 14923 oiseaux, mais loin devant les 11413 migrateurs de 2011. Les oiseaux sont dénombrés du 15 juillet au 11 octobre avec un maximum de 2445 individus le 1er août. 4 journées comprises entre le 29/07 et le 01/08 voient passer plus de 1000 individus. La tendance globale depuis 2000 est à l’augmentation ."
2017,species,avibase-451D6FC8,"Avec 10895 individus du 23/7 au 20/11, dernier jour de suivi de la saison, le Milan royal reste l’espèce phare du Défilé et voit ses effectifs se maintenir à un niveau particulièrement élevé pour la 7ème année consécutive. L’année 2017 devient la deuxième meilleure année pour l’espèce, après 2012 avec 12376 migrateurs. Le pic de passage de la fin du mois de septembre est exceptionnel avec plus de 3600 individus entre le 20 et le 24. 41% de l’effectif total est donc passé entre le début du suivi et le 24/9. Le second pic de passage en octobre est nettement moins marqué avec un maximum de 450 individus le 6/10. Cette phénologie est inhabituelle pour l’espèce. Habituellement le pic de passage de septembre est plus faible que celui d’octobre. Ceci peut s’expliquer par un coup de froid précoce qui a poussé les oiseaux à descendre plus tôt. La tendance globale depuis 2000 est à une très forte augmentation, notamment depuis 2011 ."
2017,species,avibase-68E4C0D1,"Avec plus de 94045 individus, l’effectif 2017 est l’un des plus élevé depuis longtemps. Habituellement, le pic de passage des pigeons se déroulait en 5 jours, aux alentours du 20 octobre. En 2017, ce pic a eu lieu de manière précoce entre le 10 et le 14 octobre avec 52232 individus en 5 jours, soit 56% de l’effectif total. Il faut souligner que d’importantes vagues de passage ont été observées avant et après. Sur les 93420 individus qui ont pu être déterminés, 3514 sont des pigeons colombins et 89906 des pigeons ramiers. Les pigeons colombins représentent donc 3,8 % du passage. Pour rappel, le Défilé de l’Écluse se trouve à la marge sud-est de la voie majeure de passage passant par le Crêt des Roches, dans le Doubs, où 633000 individus ont été dénombrés en 2017."
2017,species,avibase-760F307A,"Avec plus de 94045 individus, l’effectif 2017 est l’un des plus élevé depuis longtemps. Habituellement, le pic de passage des pigeons se déroulait en 5 jours, aux alentours du 20 octobre. En 2017, ce pic a eu lieu de manière précoce entre le 10 et le 14 octobre avec 52232 individus en 5 jours, soit 56% de l’effectif total. Il faut souligner que d’importantes vagues de passage ont été observées avant et après. Sur les 93420 individus qui ont pu être déterminés, 3514 sont des pigeons colombins et 89906 des pigeons ramiers. Les pigeons colombins représentent donc 3,8 % du passage. Pour rappel, le Défilé de l’Écluse se trouve à la marge sud-est de la voie majeure de passage passant par le Crêt des Roches, dans le Doubs, où 633000 individus ont été dénombrés en 2017."
2017,species,avibase-5A3D91D3,1 oiseau de 2ème année le 01/11 constitue la deuxième donnée pour cette espèce sur le site. (Sous réserve d’homologation par le CHR).
2017,species,avibase-97C47F3E,2 individus cette année constituent les 3ème et 4ème observations au défilé de l’Ecluse. Ces apparitions récentes sont à mettre en lien avec l’augmentation des effectifs de cette espèce et du nombre d’observations dans l’Est de la France. (Sous réserve d’homologation par le CHR).
2017,species,avibase-DB376A66,"Avec 1320 individus du 16 août au 20 novembre, cette saison 2017 confirme la diminution entamée en 2014. Le maximum est enregistré précocement le 20 septembre avec seulement 83 individus . Après de longues années de croissance jusqu’à atteindre un pic en 2013 avec plus de 2500 individus, l’effectif chute de manière significative depuis 4 ans ."
2018,site,background,"La LPO tient à remercier tout particulièrement la Station Ornithologique Suisse, le Conseil Départemental de Haute-Savoie et le Groupe Ornithologique du Bassin Genevois sans lesquels le suivi 2018 n’aurait pu avoir lieu.

Le site du défilé du Fort l’Écluse (ou Défilé de l’Écluse) fut mis en évidence en 1947 (J. BURNIER, P. CHARVOZ, P. GEROUDET, R. HAINARD, C. VAUCHER et al.) pour ses passages spectaculaires de pigeons et de corvidés. Par la suite, P. CHARVOZ et J.D. FONTOLLIET consacrèrent une grande partie de leur temps libre à l’observation de la migration sur ce site privilégié. La première synthèse qui fut l’œuvre du Groupe des Jeunes de Nos Oiseaux, section Genève (G. MÜLHAUSER, T. SCHMID, A. SCHUBERT ET C. VICARI) porte sur une permanence journalière du 13 août au 30 octobre 1983. Puis c’est en 1992, après 75 jours d’observation continue et le dénombrement de plus de 11000 rapaces, qu’il est envisagé de mettre en place un suivi permanent dès l’année suivante, associant les Suisses de Nos Oiseaux (P. CHARVOZ, M. MAIRE ET AL.) et les Français du Groupe Ornithologique Haut Savoyard, future LPO Haute-Savoie (J-P. MATERAC ET AL.). De 1993 à 2007, le suivi a été assuré au minimum de mi-juillet à fin novembre et ce, tous les jours durant lesquels les conditions météorologiques le permettaient. À la fin de la saison 2007, le DR. CHARVOZ ayant exprimé son impossibilité à assurer une saison supplémentaire, la LPO Haute-Savoie a formulé une demande au collectif « Tête en l’air », avec pour objet, la mise en place d’une permanence salariée durant trois mois afin de poursuivre le suivi de la migration postnuptiale sur ce site remarquable.

« Longtemps, l’acquisition de connaissances sur les migrations d’oiseaux n’a pu se faire que par l’observation directe. Malgré le développement d’autres techniques de suivis (baguage, pose de balises, radar), l’identification et le comptage des migrateurs en des points de passage stratégiques demeurent une méthode indispensable et pertinente, dans la mesure où, comme tout échantillonnage, les suivis sont réalisés dans les mêmes conditions d’une année à l’autre (protocole stable), et sur une longue période (au moins dix ans). Alors qu’il reste encore à découvrir de nombreux aspects mal connus de la vie des oiseaux migrateurs, la connaissance apportée par les suivis constitue une base solide sur laquelle repose toute évaluation patrimoniale. Les données engrangées durant les nombreuses heures d’observation apportent des informations essentielles sur le déroulement de l’activité migratoire. Les effectifs dénombrés selon un protocole standardisé sur chaque site permettent de mesurer la chronologie de la migration et son évolution dans le temps. Ils offrent aussi la possibilité de produire des indicateurs de la dynamique des populations d’oiseaux. L’évolution du nombre d’oiseaux observés sur un site en migration active est le plus souvent corrélée à la taille de la population de laquelle ils sont issus. La combinaison de tels indicateurs provenant d’un réseau de sites offre une meilleure précision dans le calcul des tendances des effectifs et de l’évaluation de l’état de santé des espèces suivies. Ces conditions remplies, les données recueillies permettent d’évaluer l’état de santé des oiseaux migrateurs en comparant l’évolution des effectifs. Ainsi le suivi de la migration à Organbidexka, qui est conduit depuis plus de vingt ans, a permis de mesurer le déclin des populations ouest européennes de Milan royal et a conduit à l’élaboration d’un plan national de restauration de l’espèce. » source : Mission Migration France Extrait de « CHARVOZ& AL. 1996 » « Le défilé du Fort l’Écluse est pratiquement la sortie naturelle du Plateau suisse en direction du sud-ouest. Cet « entonnoir » géographique provoque une concentration des migrateurs en ce point, la crête du Jura paraissant les guider, surtout lorsque le plafond nuageux est bas. En effet, c’est dans cette région que la chaîne principale du Jura devient de plus en plus élevée (Le Reculet, 1717 m) et s’oriente au sud. De l’autre côté du défilé du Fort l’Écluse, au fond duquel coule le Rhône, ce plissement se termine par le Vuache (altitude comprise entre 890 et 1101 m), qui mesure une dizaine de kilomètre de long. A l’est, le Salève (altitude : 1200-1375 m) et, bien au-delà, les Préalpes savoyardes influencent aussi le passage.

Le passage dans le défilé lui-même (altitude 343 m au Pont Carnot) est loin d’être la règle générale. En effet, un grand nombre de migrateurs ne transitent pas par le défilé mais passent à l’est, parfois très loin, puis franchissent le Mont Sion ou le Vuache. D’autres individus, surtout par temps clair, franchissent la chaîne du Jura en amont du Crêt d’Eau (1621 m). » Le site du Fort l’Écluse a été parfois utilisé jusqu’au début des années 90 et en particulier lors de l’étude de 1983, mais le suivi le plus régulier a toujours été effectué depuis la commune de Chevrier, à environ 800 m à l’ouest du point actuel. Bien que beaucoup moins d’oiseaux soient décomptés au Fort, il s’agit certainement du meilleur endroit pour l’observation rapprochée des migrateurs qui transitent par le défilé. Le site de Champ Vautier a été choisi au cours de la saison 1992, quand nous nous sommes aperçus que de très nombreux oiseaux passaient loin à l’est et n’étaient pas visibles depuis le point de suivi situé à l’ouest. De plus les arbres ayant poussé autour de celui-ci, le repérage des oiseaux devenait problématique."
2018,monitoring,methods,"Field protocol:

Le site d’observation se trouve au pied nord-est du massif du Vuache, sur la rive gauche du Rhône, entre le fleuve et le village de Chevrier, à une altitude de 400 mètres. Le lieu même de suivi se trouve entre les lieux dits Champ Vautier et Rogy le long de la voie SNCF. Cette position offre les meilleures conditions de visibilité à la fois sur la chaîne du Jura au nord et en direction du massif du Salève à l’est. Les observations sont effectuées au minimum et si les conditions le permettent, de 10h à 17h en été (GMT + 2), mais souvent jusqu’à 19h30, et de 9h à 16h en automne (GMT + 1), mais presque chaque jour du lever au coucher du jour. La sphère d’observation est balayée systématiquement et en permanence avec des jumelles (7×50 et 10×40) afin de repérer les groupes ou individus isolés. La longue vue (38×82 et 20-60×80) n’est utilisée que pour l’identification et le dénombrement et en aucun cas pour le repérage. Les individus de chaque espèce en migration active sont identifiés, comptés et leur nombre (plus l’âge et le sexe s’il y a lieu) est reporté par demi-heure sur une fiche de suivi conçue à cet effet. Les rapaces et grands oiseaux (ciconiiformes, cormorans) constituent la cible principale du suivi et sont en conséquence dénombrés à l’unité. Les pigeons font l’objet d’une estimation par groupes. Toutes les autres espèces en migration active sont, dans la mesure du possible, identifiées. Leur dénombrement fait l’objet, selon les cas, d’estimations par tranches de 30 minutes (hirondelles, passereaux). En cas de fort passage de rapaces, une première estimation de l’effectif est effectuée, au loin, lors du repérage aux jumelles. Ensuite, le déplacement du groupe est suivi, puis compté au moment du passage, au plus près des observateurs. Un suivi horaire des conditions météorologiques est effectué, en parallèle au comptage, par le responsable du suivi. Il consiste à relever 6 critères définis préalablement : couverture nuageuse, type de nuage, type de précipitation et intensité, direction et force du vent, visibilité. Deux salariés de la LPO association locale Haute-Savoie sont responsables, en alternance, du suivi chaque jour de la semaine, y compris les samedis, dimanches et jours fériés, du 16 juillet au 16 novembre. Ils sont aidés quasiment chaque jour, par un ou plusieurs bénévoles. Cette année, le suivi a été prolongé jusqu’au 18 Novembre par des bénévoles.

Data processing and analysis:

L’ensemble des observations a été saisi dans la base de données en ligne de la LPO 74, au fur et à mesure du passage, grâce à une tablette, et transmis, chaque jour, à la Mission migration de la LPO France (migraction.net). Afin de ne pas surcharger le présent rapport et par souci de lisibilité, seuls les rapaces et les espèces dont les effectifs le permettent font l’objet d’un histogramme et d’une description. Dans l’objectif de faire ressortir des éléments déterminants et comparables de la migration, une rapide analyse est effectuée, à l’aide d’un histogramme présentant les résultats journaliers pour les espèces les plus représentatives. Pour 6 espèces de rapaces, cibles principales du suivi, représentant plus de 90 % de l’effectif total de ce groupe, un graphique reprend les effectifs saisonniers et indices annuels sur une période similaire (du 18 juillet au 18 novembre) de 2000 à 2018. L’indice annuel est calculé à partir d’indices journaliers pondérant les effectifs journaliers avec le temps de suivi journalier. Cette pondération ainsi que l’utilisation des données acquises dans une période équivalente chaque année permet de gommer en partie les effets de la variation de pression d’observation. Cela permet également de produire une courbe de tendance (régression polynomiale cubique) plus fiable que la simple utilisation de l’effectif brut annuel. Pour des raisons de temps, il n’a pas été possible d’exploiter les relevés météorologiques journaliers."
2018,monitoring,effort,"La migration visible a été suivie du 16 juillet au 18 novembre 2018. Les 125 jours de cette période ont bénéficié d’un suivi sur la journée complète ou non selon les conditions météorologiques, parfois peu favorables. Ces 125 jours totalisent un peu plus de 1115 heures d’observation soit une moyenne d’environ 9 heures par jour.

Pour la saison 2018, la LPO Haute-Savoie a assuré une présence quotidienne avec au moins un ornithologue durant les quatre mois que dure la migration postnuptiale c'est-à-dire du 16 juillet au 18 novembre. De même que l’année passée, les financements apportés par les partenaires ont permis de recruter deux « spotteurs » à plein temps et ainsi assurer une présence salariée permanente 7 jours sur 7.

C’est donc depuis Champ Vautier que la majorité des observations de 2017 a été réalisée. Les sites de Vulbens (74), Dingy-en-Vuache (74), Cessens (74) et Collonges (01) ne sont utilisés qu’en cas de brouillard et/ou stratus persistants."
2018,results,overview,"On note 3 journées avec moins de 10 rapaces comptabilisés, quelques journées avec des effectifs faibles (20 à 30 individus) et 3 journées où les conditions n’ont pas permis d’observer . 20 journées ont vu passer de 500 à 1000 rapaces, 3 journées en totalisent 1000 à 1500 et 1 journée atteint un effectif compris entre 2000 et 2500 . Ces 24 journées représentent environ 53% de l’effectif total des rapaces. La journée la plus remarquable de la saison en termes d’effectif est celle du 22 octobre avec un total de 2568 rapaces dénombrés. Il s’agit notamment du pic de passage pour la Buse variable avec 2166 individus . Pour l’ensemble de la période de suivi, 36551 rapaces diurnes représentant 17 espèces ont été dénombrés . Parmi ces 17 espèces, 7 espèces majoritaires comptabilisent à elles seules 99.4% de l’effectif total des rapaces dénombrés . On retient notamment comme 5 principales : la Buse variable, en première position, totalisant 30.3%, vient ensuite le Milan noir avec 25.7%, le Milan royal avec 24.5%, la Bondrée apivore avec 14.2%, l’Epervier d’Europe avec 3%. Viennent ensuite 2 autres espèces, aux effectifs nettement inférieurs cette année : le Busard des roseaux avec 1% et enfin le Faucon crécerelle avec 0.7% du total observé."
2018,results,highlights,"Hors rapaces, 76 espèces ont été contactées et identifiées en migration active . Avec 11959 individus en migration comptabilisés cette année, les effectifs de Grands cormorans sont nettement inférieurs aux 18605 observés en 2017 (effectif record à ce jour). Ce chiffre reste toutefois proche du précédent record établi en 2012 avec 13064 individus, faisant ainsi de 2018 une année relativement bonne pour cette espèce. Cette baisse d’effectif, à la vue de la tendance moyenne de ces dernières années (hormis 2015 et 2016, années très basses), pourrait probablement s’expliquer par les conditions météorologiques et/ou une pression d’observation différente(s). Concernant les Grues cendrées, un nouveau record est établi avec 1652 individus et un pic remarquable de 790 individus le 17 novembre, dépassant ainsi largement les deux meilleures années (2013 et 2015), où plus de 900 oiseaux ont été notés sur la saison. Notons également que cette année est nettement meilleure que 2017 où seulement 405 individus ont été comptabilisés. Nous pouvons par ailleurs corréler ces augmentations récentes d’individus migrateurs passant par le Défilé de l’Ecluse avec l’augmentation des populations hivernantes en Camargue (« Evolution de l’hivernage de la Grue cendrée en Camargue », Ornithos, n° 25-1, 2018). Avec 59171 individus, l’effectif des Pigeons ramiers est en baisse par rapport à 2017 (89948 individus) mais 2018 reste cependant une des meilleures années pour cette espèce et ce, malgré la tendance globale à la baisse pour ses effectifs migrateurs.

Comptabilisant 64819 Pigeons, l’effectif 2018 est plus faible qu’en 2017 (94045 individus) mais reste néanmoins dans la moyenne des meilleures années récentes. Sur les 62051 qui ont pu être déterminés, 59171 sont des Pigeons ramiers et 2880 des Pigeons colombins. Les Pigeons colombins représentent ainsi environ 4.64% du passage. On observe deux importants pics de passage mi-octobre et début novembre comptabilisant l’essentiel des effectifs de Pigeons ramiers, tandis qu’un léger pic se démarque début octobre pour les Pigeons colombins . Pour rappel, le Défilé de l’Écluse se trouve à la marge sud-est de la voie majeure de passage passant par le Crêt des Roches, dans le Doubs, où 633000 individus ont été dénombrés en 2017."
2018,results,discussion,"Grâce à l’investissement des salariés et près de 50 bénévoles, cette saison de suivi a permis de comptabiliser 329887 oiseaux dont 36551 rapaces. 125 jours de suivi totalisant 1115 heures de présence ont été nécessaires pour récolter l’ensemble des données. La LPO Haute-Savoie remercie l’ensemble des observateurs. Qu’ils aient aidé durant 1 h, 1 jour ou 1 semaine, leur aide précieuse a été indispensable.

Avec un peu moins de 40000 rapaces, 2018 est une saison relativement bonne pour le site même si l’effectif global est en légère baisse comparativement à 2017, ou plus de 49000 rapaces avaient été dénombrés. Cette année satisfaisante nous permet d’espérer une saison encore meilleure pour 2019. Les Milans royaux voient une légère chute de leur effectif par rapport aux années précédentes, avec moins de 9000 individus, mais demeurent dans la moyenne des bonnes années, poursuivant ainsi la forte augmentation constatée depuis 2012. Le Défilé de l’Écluse est le principal site de migration européen de l’espèce. L’effectif des Milans noirs chute également avec près de 9400 individus, résultat nettement inférieur au score exceptionnel des 14000 oiseaux dénombrés l’année précédente. A l’instar du Milan royal, cette année reste toutefois dans une moyenne correcte pour le Milan noir. Malgré une baisse d’effectif par rapport à 2017, la Buse variable reste le rapace migrateur le plus abondant au Défilé de l’Ecluse. Avec plus de 11000 individus cette année, elle représente près du tiers de l’effectif total des rapaces dénombrés. A l’inverse de la tendance observée en 2017, les effectifs saisonniers du Busard des roseaux, du Balbuzard pêcheur et du Faucon crécerelle sont à nouveau en baisse et de manière significative pour le Faucon crécerelle. Même inversion de tendance pour le Busard Saint-Martin et le Faucon émerillon qui voient leurs effectifs, au contraire, augmenter par rapport à 2017. Les effectifs d’Epervier d’Europe quant à eux, continuent de chuter. Les Cigognes blanches et Cigognes noires montrent des effectifs toujours encourageants (respectivement près de 2000 individus et un peu plus de 100), corrélés avec la bonne santé des populations, malgré une baisse notable par rapport à l’excellente année qu’a été 2017. Il est cependant envisageable d’émettre des réserves sur ces chiffres en considérant la difficulté de détection de ces espèces, notamment en cas de mauvaises conditions météorologiques. Le Grand Cormoran voit ses effectifs chuter suite à l’excellente année 2017 (18600 individus), avec près de 12000 individus dénombrés, mais reste toutefois dans la moyenne des très bonnes années pour cette espèce. Les Pigeons voient leurs effectifs baisser par rapport à 2017 (près de 95000 migrateurs) mais demeurent toujours dans les moyennes hautes de ces dernières années avec un total de près de 65000 individus. Ces chiffres, quoique toujours encourageants pour cette époque récente, nous rappellent avec nostalgie les passages très supérieurs observés par le passé sur ce site.

Après certains doutes, fin 2016, concernant la pérennisation du suivi, le soutien très important apporté par la Station Ornithologique Suisse de Sempach et ceux conséquents du Conseil Départemental et du Groupe Ornithologique du Bassin Genevois (GOBG) permettent toujours d’assurer la poursuite de l’action menée au Défilé de l’Ecluse avec plus de sérénité."
2018,outreach,activities,"Deux classes ont bénéficié cette année d’animations sur le thème de la migration des oiseaux (4 demi-journées d’animation). Les classes concernées étaient la classe de CM1-CM2 de Béatrice Collet de l’école de Dingy-en-Vuache et la classe de CP-CE1 de Madame Caillat de l’école de Chevrier. Suite à l’absence d’une collègue lors de la première animation en classe, 10 élèves supplémentaires de CE2-CM1-CM2 confiés à Madame Caillat ont aussi participé à l’animation ce jour-là. Ce sont en tout 53 élèves qui ont pu bénéficier de ces interventions et être sensibilisés aux difficultés que rencontrent les oiseaux lors de leur migration, ainsi que de l’intérêt de leur suivi scientifique. Ces animations ont été conçues et conduites par une éducatrice à l’environnement de la LPO.

Animation n°1 : Découverte de la migration chez les oiseaux (20 septembre dans les écoles de Chevrier et Dingy-en-Vuache) La première animation a eu lieu en classe et dans la cour de récréation de l’école. Dans un premier temps, les élèves ont découvert les caractéristiques des oiseaux (plumes, régimes alimentaires…), et leur grande diversité à l’aide de différents ateliers ludiques et d’un diaporama. D’autres jeux et exercices leur ont ensuite permis de découvrir pourquoi et comment les oiseaux migrent. Enfin, afin de découvrir les dangers qui pèsent sur les oiseaux lors de la migration, un film court, « Born to travel », a été projeté et a été suivi d’une discussion. Profitant du beau temps, l’animation s’est poursuivie dans la cour de récréation par un jeu où les enfants prenaient le rôle d’oiseaux migrateurs se préparant à partir en migration et devaient s’alimenter tout en évitant les dangers.

Animation n° 2 : Découverte du suivi de la migration des oiseaux (16 octobre dans l’école de Chevrier et 9 octobre dans l’école de Dingy-en-Vuache) La proximité des écoles au site de suivi de migration de Fort l’Ecluse a permis aux classes de s’y rendre facilement pour la deuxième animation. Pour les uns en bus, pour les autres directement à pied depuis l’école. La plupart des activités ont eu lieu dans le champ Vautier tout proche, et les élèves ont pu aller rencontrer les spotteurs présents sur place. Cette deuxième demi-journée d’animation se présentait sous forme d’ateliers tournants auxquels les enfants participaient en petits groupes, animés ou en autonomie (mais toujours avec parent accompagnateur). Ces ateliers avaient pour objectifs généraux d’initier les élèves à l’identification des différentes espèces d’oiseaux, de sensibiliser aux difficultés que ceux-ci rencontrent lors de la migration ainsi qu’à l’intérêt d’un suivi scientifique. Les élèves ont ainsi pu s’initier à la description et l’identification d’oiseaux à partir d’images, de peluches et de sons enregistrés avec une éducatrice à l’environnement de la LPO. Puis ils ont appris à se servir de jumelles pour observer et identifier quelques espèces sur des photos accrochées dans les arbres, accompagnés d’un stagiaire de la LPO et d’un parent. Ils sont ensuite allés rencontrer le spotteur présent, afin de découvrir son métier. Celui-ci avait à disposition des outils et jeux pour illustrer ses propos. Un atelier les sensibilisait ensuite à l’utilité du suivi et du baguage des oiseaux. Enfin, les enfants ont effectué un parcours de motricité dans lequel ils devenaient oiseaux migrateurs (contour des montagnes, passage du détroit de Gibraltar, traversée du Sahara…).

Bilan : Ces 4 demi-journées d’animation ont reçu des retours positifs de la part des enseignants et des parents, et d’un bel enthousiasme des élèves. D’une manière générale, la migration des oiseaux est un phénomène mal connu, ainsi que l’intérêt d’un suivi scientifique des oiseaux. Il serait intéressant de continuer à sensibiliser les élèves des écoles proches du site, ainsi que les enseignants. Ces interventions permettent aussi de porter à connaissance des familles les activités de suivi de la migration au Défilé de l’Ecluse, et les inviter à y passer pour rencontrer les spotteurs.

DIMANCHES DE LA MIGRATION Après les échecs des « samedis de la migration » rencontrés en 2017, il a été décidé de les remplacer par les « dimanches de la migration ». Hélas, ces événements ont encore rencontré une absence de participants quasi systématique. Bien qu’il soit possible de lier cet échec avec un concours de circonstances (participants indisponibles, météo, etc…) avec lesquelles ce type d’animations doit souvent faire face, il est évident qu’il met en lumière le manque d’attrait pour la migration de manière générale. Cela s’explique par l’aspect « ingrat » et exigeant de l’exercice. Le grand public semble enclin à se démotiver face à la difficulté d’observation et le fait d’être statique sur une longue période. En effet, les sorties de type « balade » ou observation sur plan d’eau rencontrent toujours un plus franc succès de par leur aspect accessible et pédagogique. Le seul événement ayant bénéficié d’un certain succès, comme l’année passée, est la journée Eurobirdwatch, organisée le 6 octobre 2018, pendant laquelle une vingtaine de participants étaient présents.

Il est à noter par ailleurs que malgré le manque d’intérêt de la part du grand public, l’implication des habitués du site et des passionnés de la migration en général est toujours aussi conséquente d’année en année. Le suivi au Défilé de l’Ecluse semble avoir du mal à attirer de nouveaux participants mais fidélise durablement avec certitude."
2018,species,avibase-C2565B65,1 individu identifié le 25 septembre.
2018,species,avibase-1327AC55,"Avec 75 oiseaux du 19 août au 31 octobre, l’année 2018 est très loin des années exceptionnelles de 2013 et 2017 (respectivement 163 et 162 individus) se rapprochant des années basses, plus fréquentes. Un pic à 10 individus est observé le 16 septembre."
2018,species,avibase-ED5A7E8F,"Au regard des chiffres de 2017 (3392 individus), l’année 2018 est relativement bonne pour les Bondrées avec un effectif de 5172 individus. Il est cependant délicat d’en tirer des conclusions quant à un lien avec la phénologie de l’espèce car sa détection est fortement influencée par les conditions météorologiques, comme expliqué dans le bilan 2017. Cette espèce est en effet enclin à passer sur un large front en cas de beau temps, limitant ainsi sa détection par les observateurs. Notons un maximum de 905 individus détectés le 7 septembre (1224 le 3 septembre 2017) . La tendance globale depuis 2000 est à la baisse avec de grandes variations ."
2018,species,avibase-F558C7F9,"17 individus compatibilisés cette année, ce qui en fait une année bien meilleure que 2017 avec seulement 4 individus dénombrés (record le plus faible enregistré depuis 1991). Ce chiffre reste cependant dans la moyenne basse au vu des scores des années passées (souvent proche de 30 individus)."
2018,species,avibase-63B6412E,8 individus cette année. Effectif assez bas avec 4 oiseaux de moins que l’an passé.
2018,species,avibase-E2A19474,"Après une augmentation significative en 2017 (707 individus), les effectifs de cette année chutent à nouveau, avec seulement 396 busards des roseaux migrateurs entre le 12 août et le 7 novembre et se rapprochent ainsi de l’année 2016 très médiocre. On note un pic de passage bien marqué avec 58 individus le 7 septembre . Malgré l’augmentation de 2017, les effectifs montrent une tendance à la baisse ."
2018,species,avibase-90B13ACF,"Donnée exceptionnelle avec cette Buse pattue observée sur le site du Défilé le 17 octobre, c’est en effet la troisième mention sur ce site après les données de 2011 et 2012."
2018,species,avibase-3C0C325D,"11063 buses migratrices ont été dénombrées entre le 20 août et le 18 novembre. Les oiseaux sont passés en effectifs inférieurs à l’année précédente (17501 individus en 2017) mais de manière beaucoup plus concentrée, avec ce pic remarquable de 2166 buses (seulement 1410 au 24 octobre 2017) le 22 octobre . Cet effectif, bien qu’éloigné des années « excellentes », rentre dans la moyenne des années normales. Les années de passage supérieures à la moyenne s’expliquent en général par une météo hivernale précoce faisant fuir ces migrateurs partiels des zones plus nordiques. La tendance globale depuis 2000 est à une très légère augmentation ."
2018,species,avibase-28825494,"Avec un effectif de 1937 individus, l’année 2018 est en-dessous du record établi l’année passée avec 2947 individus mais reste toutefois une excellente année pour la Cigogne blanche au vu des années précédentes. Un pic maximal est atteint le 27 août avec 216 individus, un second est également bien marqué le 06 août avec 194 individus . Il est toutefois prévisible que plusieurs groupes aient été ratés. En effet, les Cigognes blanches passant loin à l’est, ces dernières sont souvent difficiles à repérer, notamment en cas de mauvaises conditions météorologiques."
2018,species,avibase-E2817DAE,"De même que pour les Cigognes blanches, l’année 2018, avec 121 individus, est moins bonne que 2017 (record à 201 individus) pour les Cigognes noires, mais demeure une bonne année avec des effectifs dans la moyenne depuis 10 saisons (exceptée 2008)."
2018,species,avibase-8372FFBA,"Seulement 2 individus observés cette année rendant ainsi l’année 2018 bien loin de l’année 2017, avec un record exceptionnel de 9 oiseaux. Cela reste toutefois dans la moyenne des années passées, cette espèce étant plutôt rare sur le site du Défilé de l’Ecluse."
2018,species,avibase-2DAB45B8,"Avec seulement 264 individus, 2018 fait partie des années très basses pour le Faucon crécerelle, s’éloignant ainsi de l’excellente année 2017 (1034 individus). On observe un pic remarquable à seulement 52 individus le 29 septembre ."
2018,species,avibase-E91E287A,"Avec 62 individus observés cette année, l’année est plutôt bonne pour cette espèce comparativement aux faibles années précédentes."
2018,species,avibase-F3DA111C,"26 oiseaux observés cette année. Malgré la tendance générale semblant à la baisse pour cette espèce, les chiffres remontent par rapport aux très faibles effectifs de 2017 et 2015 (16 individus)."
2018,species,avibase-3DF5C587,"Avec 11959 individus, répartis entre le 26 juillet et le 18 novembre, l’année 2018 est moins bonne que 2017 (18605) mais reste excellente au vu des faibles scores des deux années précédentes (respectivement 6676 et 5699 individus). Ces écarts pourraient probablement êre expliqués par une différence de protocole d’observation, cette espèce ayant une phénologie très matinale par rapport aux rapaces, cibles prioritaires. On observe un pic maximal à 1501 individus le 26 septembre ."
2018,species,avibase-06D9A2C8,"Avec seulement 9386 individus, l’année 2018 est nettement moins bonne que 2017 (14076 individus). Ces chiffres restent cependant au-dessus des années basses de 2015 et 2016 (un peu plus de 7000 individus) et montrent des fluctuations dans les effectifs d’une année à l’autre malgré une tendance globale à l’augmentation depuis 2000 . Ces individus ont été détectés entre le 16 juillet et le 8 octobre, avec un pic de passage à 1428 individus le 30 juillet (pic plus faible qu’en 2017 mais à période égale) . On note 3 autres journées importantes avec des pics respectifs à 759, 767 et 1139 oiseaux sur la période du 29 juillet au 02 août, concentrant ainsi une forte proportion du passage à l’échelle de la saison."
2018,species,avibase-451D6FC8,"Avec 8954 individus dénombrés entre le 26 juillet et le 18 novembre, les effectifs de 2018 en font la plus mauvaise année depuis la forte ascension entamée en 2012. Légèrement au-dessus de l’année 2011 (8823 individus), cette année reste cependant dans la moyenne haute et ne permet pas d’identifier un changement net dans la tendance à une très forte augmentation depuis 2000 et plus particulièrement depuis 2011 . On observe des pics de passage radicalement moins importants qu’en 2017 (3600 individus entre le 20 et le 24 septembre !) avec un maximal, moins inhabituel que l’année passée pour la phénologie de l’oiseau, atteint à 530 individus le 8 octobre . D’autres pics importants à 512 et 513 individus les 25 et 26 septembre ainsi qu’à 455 individus le 3 novembre sont observés sur la saison."
2018,species,avibase-68E4C0D1,"Comptabilisant 64819 Pigeons, l’effectif 2018 est plus faible qu’en 2017 (94045 individus) mais reste néanmoins dans la moyenne des meilleures années récentes. Sur les 62051 qui ont pu être déterminés, 59171 sont des Pigeons ramiers et 2880 des Pigeons colombins. Les Pigeons colombins représentent ainsi environ 4.64% du passage. On observe deux importants pics de passage mi-octobre et début novembre comptabilisant l’essentiel des effectifs de Pigeons ramiers, tandis qu’un léger pic se démarque début octobre pour les Pigeons colombins . Pour rappel, le Défilé de l’Écluse se trouve à la marge sud-est de la voie majeure de passage passant par le Crêt des Roches, dans le Doubs, où 633000 individus ont été dénombrés en 2017."
2018,species,avibase-760F307A,"Comptabilisant 64819 Pigeons, l’effectif 2018 est plus faible qu’en 2017 (94045 individus) mais reste néanmoins dans la moyenne des meilleures années récentes. Sur les 62051 qui ont pu être déterminés, 59171 sont des Pigeons ramiers et 2880 des Pigeons colombins. Les Pigeons colombins représentent ainsi environ 4.64% du passage. On observe deux importants pics de passage mi-octobre et début novembre comptabilisant l’essentiel des effectifs de Pigeons ramiers, tandis qu’un léger pic se démarque début octobre pour les Pigeons colombins . Pour rappel, le Défilé de l’Écluse se trouve à la marge sud-est de la voie majeure de passage passant par le Crêt des Roches, dans le Doubs, où 633000 individus ont été dénombrés en 2017."
2018,species,avibase-5A3D91D3,"1 individu observé le 4 novembre. Suite à l’observation de l’année passée, deuxième mention sur le site, cette donnée constitue le troisième Pygargue à queue blanche observé au Défilé de l’Ecluse."
2018,species,avibase-DB376A66,"Avec seulement 1094 oiseaux, contre 1320 en 2017, cette saison 2018 continue sur la diminution entamée en 2014. Les passages se sont effectués entre le 19 août et le 18 novembre, avec un pic de 118 individus le 3 novembre . Après de longues années de croissance jusqu’à atteindre un pic en 2013 avec plus de 2500 individus, l’effectif chute de manière significative depuis 5 ans . Notons toutefois que la détection de des Eperviers (et autres petits faucons tels que le Faucon Crécerelle) peut être fortement influencée par les conditions météorologiques. En effet, ces oiseaux se déplaçant par un vol battu très rapide et furtif, un vent à l’avantage des spotteurs (Nord-Est) permet d’améliorer leur détection, ce qui, à l’inverse, peut nettement la désavantager."
2019,site,background,"La LPO tient à remercier tout particulièrement la Station Ornithologique Suisse, le Conseil Départemental de Haute-Savoie et le Groupe Ornithologique du Bassin Genevois sans lesquels le suivi 2019 n’aurait pu avoir lieu.

Le site du défilé du Fort l’Écluse (ou Défilé de l’Écluse) fut mis en évidence en 1947 (J. BURNIER, P. CHARVOZ, P. GEROUDET, R. HAINARD, C. VAUCHER et al.) pour ses passages spectaculaires de pigeons et de corvidés. Par la suite, P. CHARVOZ et J.D. FONTOLLIET consacrèrent une grande partie de leur temps libre à l’observation de la migration sur ce site privilégié. La première synthèse qui fut l’œuvre du Groupe des Jeunes de Nos Oiseaux, section Genève (G. MÜLHAUSER, T. SCHMID, A. SCHUBERT ET C. VICARI) porte sur une permanence journalière du 13 août au 30 octobre 1983. Puis c’est en 1992, après 75 jours d’observation continue et le dénombrement de plus de 11000 rapaces, qu’il est envisagé de mettre en place un suivi permanent dès l’année suivante, associant les Suisses de Nos Oiseaux (P. CHARVOZ, M. MAIRE ET AL.) et les Français du Groupe Ornithologique Haut Savoyard, future LPO Haute-Savoie (J-P. MATERAC ET AL.). De 1993 à 2007, le suivi a été assuré au minimum de mi-juillet à fin novembre et ce, tous les jours durant lesquels les conditions météorologiques le permettaient. À la fin de la saison 2007, le DR. CHARVOZ ayant exprimé son impossibilité à assurer une saison supplémentaire, la LPO Haute-Savoie a formulé une demande au collectif « Tête en l’air », avec pour objet, la mise en place d’une permanence salariée durant quatre mois afin de poursuivre le suivi de la migration postnuptiale sur ce site remarquable. Entre 2008 et 2016, le suivi est donc assuré par un seul salarié, puis par 2 professionnels, de 2017 à 2019, les spotteurs étant aidés par les bénévoles.

« Longtemps, l’acquisition de connaissances sur les migrations d’oiseaux n’a pu se faire que par l’observation directe. Malgré le développement d’autres techniques de suivis (baguage, pose de balises, radar), l’identification et le comptage des migrateurs en des points de passage stratégiques demeurent une méthode indispensable et pertinente, dans la mesure où, comme pour tout échantillonnage, les suivis sont réalisés dans les mêmes conditions d’une année à l’autre (protocole stable), et sur une longue période (au moins dix ans). Alors qu’il reste encore à découvrir de nombreux aspects mal connus de la vie des oiseaux migrateurs, la connaissance apportée par les suivis constitue une base solide sur laquelle repose toute évaluation patrimoniale. Les données engrangées durant les nombreuses heures d’observation apportent des informations essentielles sur le déroulement de l’activité migratoire. Les effectifs dénombrés selon un protocole standardisé sur chaque site permettent de mesurer la chronologie de la migration et son évolution dans le temps. Ils offrent aussi la possibilité de produire des indicateurs de la dynamique des populations d’oiseaux. L’évolution du nombre d’oiseaux observés sur un site en migration active est le plus souvent corrélée à la taille de la population de laquelle ils sont issus. La combinaison de tels indicateurs provenant d’un réseau de sites offre une meilleure précision dans le calcul des tendances des effectifs et de l’évaluation de l’état de santé des espèces suivies. Ces conditions remplies, les données recueillies permettent d’évaluer l’état de santé des oiseaux migrateurs en comparant l’évolution des effectifs. Ainsi le suivi de la migration à Organbidexka, qui est conduit depuis plus de trente ans, a permis de mesurer le déclin des populations ouest européennes de Milan royal et a conduit à l’élaboration d’un plan national de restauration de l’espèce. » source : Mission Migration France Extrait de « CHARVOZ& AL. 1996 » « Le défilé du Fort l’Écluse est pratiquement la sortie naturelle du Plateau suisse en direction du sud-ouest. Cet « entonnoir » géographique provoque une concentration des migrateurs en ce point, la crête du Jura paraissant les guider, surtout lorsque le plafond nuageux est bas. En effet, c’est dans cette région que la chaîne principale du Jura devient de plus en plus élevée (Le Reculet, 1717 m) et s’oriente au sud. De l’autre côté du défilé du Fort l’Écluse, au fond duquel coule le Rhône, ce plissement se termine par le Vuache (altitude comprise entre 890 et 1101 m), qui mesure une dizaine de kilomètre de long. A l’est, le Salève (altitude : 1200-1375 m) et, bien au-delà, les Préalpes savoyardes influencent aussi le passage.

Le passage dans le défilé lui-même (altitude 343 m au Pont Carnot) est loin d’être la règle générale. En effet, un grand nombre de migrateurs ne transitent pas par le défilé mais passent à l’est, parfois très loin, puis franchissent le Mont Sion ou le Vuache. D’autres individus, surtout par temps clair, franchissent la chaîne du Jura en amont du Crêt d’Eau (1621 m). » Le site du Fort l’Écluse a été parfois utilisé jusqu’au début des années 90 et en particulier lors de l’étude de 1983, mais le suivi le plus régulier a toujours été effectué depuis la commune de Chevrier, à environ 800 m à l’ouest du point actuel. Bien que beaucoup moins d’oiseaux soient décomptés au Fort, il s’agit certainement du meilleur endroit pour l’observation rapprochée des migrateurs qui transitent par le défilé. Le site de Champ Vautier a été choisi au cours de la saison 1992, quand nous nous sommes aperçus que de très nombreux oiseaux passaient loin à l’est et n’étaient pas visibles depuis le point de suivi situé à l’ouest. De plus les arbres ayant poussé autour de celui-ci, le repérage des oiseaux devenait problématique."
2019,monitoring,methods,"Field protocol:

Le site d’observation se trouve au pied nord-est du massif du Vuache, sur la rive gauche du Rhône, entre le fleuve et le village de Chevrier, à une altitude de 400 mètres. Le lieu même de suivi se trouve entre les lieux dits Champ Vautier et Rogy le long de la voie SNCF. Cette position offre les meilleures conditions de visibilité à la fois sur la chaîne du Jura au nord et en direction du massif du Salève à l’est. Les observations sont effectuées au minimum et si les conditions le permettent, de 10h à 17h en été (GMT + 2), mais souvent jusqu’à 19h30, et de 9h à 16h en automne (GMT + 1), mais presque chaque jour du lever au coucher du jour. La sphère d’observation est balayée systématiquement et en permanence avec des jumelles (7×50 et 10×40) afin de repérer les groupes ou individus isolés. La longue vue (38×82 et 20-60×80) n’est utilisée que pour l’identification et le dénombrement et en aucun cas pour le repérage. Les individus de chaque espèce en migration active sont identifiés, comptés et leur nombre (plus l’âge et le sexe s’il y a lieu) est saisi directement sur tablette par les spotteurs ou reporté par heure par heure sur une fiche de suivi conçue à cet effet pour les bénévoles. Les rapaces et grands oiseaux (ciconiiformes, cormorans) constituent la cible principale du suivi et sont en conséquence dénombrés à l’unité. Les pigeons font l’objet d’une estimation par groupes. Toutes les autres espèces en migration active sont, dans la mesure du possible, identifiées. Leur dénombrement fait l’objet, selon les cas, de comptages unitaires ou d’estimations par tranches de 30 minutes (hirondelles, passereaux). En cas de fort passage de rapaces, une première estimation de l’effectif est effectuée, au loin, lors du repérage aux jumelles. Ensuite, le déplacement du groupe est suivi, puis compté au moment du passage, au plus près des observateurs. Un suivi horaire des conditions météorologiques est effectué, en parallèle au comptage, par le responsable du suivi. Il consiste à relever 6 critères définis préalablement : couverture nuageuse, type de nuage, type de précipitation et intensité, direction et force du vent, visibilité. Deux salariés de la LPO Auvergne Rhône-Alpes, en poste à la délégation Haute-Savoie, sont responsables, en alternance, du suivi chaque jour de la semaine, y compris les samedis, dimanches et jours fériés, du 15 juillet au 15 novembre. Ils sont aidés quasiment chaque jour, par un ou plusieurs bénévoles. Cette année, le suivi a été prolongé jusqu’au 20 Novembre par des bénévoles.

Data processing and analysis:

L’ensemble des observations a été saisi dans la base de données en ligne de la LPO 74, au fur et à mesure du passage, grâce à une tablette, et transmis, chaque jour, à la Mission migration de la LPO France (migraction.net). Afin de ne pas surcharger le présent rapport et par souci de lisibilité, seuls les rapaces et les espèces dont les effectifs le permettent font l’objet d’un histogramme et d’une description. Dans l’objectif de faire ressortir des éléments déterminants et comparables de la migration, une rapide analyse est effectuée, à l’aide d’un histogramme présentant les résultats journaliers pour les espèces les plus représentatives. Pour les 7 espèces de rapaces cibles principales du suivi, représentant plus de 99,1 % de l’effectif total de ce groupe, et le Balbuzard pêcheur, un graphique reprend les effectifs saisonniers et indices annuels sur une période similaire (du 15 juillet au 20 novembre) de 1993 à 2019. L’indice annuel est calculé à partir d’indices journaliers pondérant les effectifs journaliers avec le temps de suivi journalier. Cette pondération, ainsi que l’utilisation des données acquises dans une période équivalente chaque année, permet de gommer en partie les effets de la variation de pression d’observation. Cela permet également de produire une courbe de tendance (régression polynomiale cubique) plus fiable que la simple utilisation de l’effectif brut annuel. Pour des raisons de temps, il n’a pas été possible d’exploiter les relevés météorologiques journaliers."
2019,monitoring,effort,"La migration visible a été suivie du 15 juillet au 20 novembre 2019. Les 129 jours de cette période ont bénéficié d’un suivi sur la journée complète ou non selon les conditions météorologiques, parfois peu favorables. Ces 129 jours totalisent 1523 heures d’observation soit une moyenne d’environ 11 heures 50 minutes par jour.

Pour la saison 2019, la LPO Haute-Savoie a assuré une présence quotidienne avec au moins un ornithologue durant les quatre mois que dure la migration postnuptiale c'est-à-dire du 15 juillet au 20 novembre. De même que l’année passée, les financements apportés par les partenaires ont permis de recruter deux « spotteurs » à plein temps et ainsi assurer une présence salariée permanente 7 jours sur 7.

C’est donc depuis Champ Vautier que la majorité des observations de 2019 a été réalisée. Les sites de Vulbens (74), Dingy-en-Vuache (74), Cessens (74) et Collonges (01) ne sont utilisés qu’en cas de brouillard et/ou stratus persistants."
2019,monitoring,nocturnal,"Enfin, un suivi expérimental nocturne mené à l’aide d’un enregistreur mis à disposition par Sébastien Roques, a pu être réalisé pendant 4 nuits, de 20h30 à 06h30, entre le 23 et le 26 septembre. Un minimum de 5 hérons cendrés, 10 grives musiciennes, 1 chevalier sylvain, 1 bihoreau gris et 1 pluvier doré (non annuel au Défilé) ont été recensés lors de ces 4 sessions."
2019,results,overview,"On note 2 journées sans rapaces, 8 journées avec moins de 10 individus comptabilisés et quelques journées avec des effectifs faibles (10 à 30 individus). Toutes les journées ont bénéficié d’un suivi, malgré des conditions météorologiques parfois très défavorables . 11 journées ont vu passer de 500 à 1000 rapaces, 4 journées en totalisent 1000 à 2000 et 2 journées atteignent un effectif compris entre 2000 et 2500 . Ces 17 journées représentent 49,9% de l’effectif total des rapaces. La journée la plus remarquable de la saison en termes d’effectif est celle du 25 octobre avec un total de 2486 rapaces dénombrés. Il s’agit notamment du pic de passage pour la Buse variable avec 1952 individus . Pour l’ensemble de la période de suivi, 35548 rapaces diurnes ont été dénombrés. 35436 individus représentent 20 espèces et 112 oiseaux n’ont pu être déterminés . Parmi ces 20 espèces, les 7 majoritairement représentées comptabilisent, à elles seules, 99,1% de l’effectif total des rapaces dénombrés . Les 5 principales espèces, dans l’ordre décroissant des effectifs, sont la Buse variable, en première position, totalisant 34%, le Milan royal avec 30,5%, le Milan noir avec 23,9%, la Bondrée apivore avec 4,7% et l’Epervier d’Europe avec 3%. Viennent ensuite 2 espèces aux effectifs nettement inférieurs : le Faucon crécerelle avec 1,6% et enfin le Busard des roseaux avec 1,3% du total observé."
2019,results,highlights,"Hors rapaces, 88 espèces ont été contactées et identifiées en migration active . Avec 19 740 migrateurs comptabilisés cette année, les effectifs du Grand Cormoran sont supérieurs aux 18 605 individus observés en 2017 et bien supérieurs aux 11 959 oiseaux de l’an dernier. Ce total représente donc le nouveau record saisonnier. Cette hausse apparente d’effectif, au vu de la tendance moyenne de ces dernières années (hormis 2015 et 2016, années très basses), est probablement à expliquer par les conditions météorologiques favorables et une pression d’observation plus forte dès le lever du soleil, à partir du 15 août (voir 4.10). L’effectif total de 1066 grues cendrées est nettement en-dessous du record saisonnier établi l’année dernière avec 1652 individus. Malgré tout, cette saison continue de s’inscrire dans un contexte de croissance des effectifs, mis en évidence surtout depuis le début des années 2010 (voir 4.15). Nous pouvons par ailleurs corréler cette augmentation récente d’individus migrateurs passant par le Défilé de l’Ecluse avec l’augmentation des populations hivernant en Camargue (« Evolution de l’hivernage de la Grue cendrée en Camargue », Ornithos, n° 25-1, 2018). Avec 38 415 individus, l’effectif des pigeons ramiers (additionné avec celui des Pigeons indéterminés cette saison) est en baisse par rapport à celui de 2018 (59 971 individus). Cette saison reste cependant dans la moyenne des 15 dernières années. Cette stabilité fait suite à une baisse des effectifs marquée au milieu des années 70, alors que 50 000 à 280 000 oiseaux étaient comptés annuellement entre 1966 et 1975.

Avec 40472 pigeons, l’effectif 2019 est plus faible que celui de 2018 qui totalisait 64 819 individus. Sur les 21 929 qui ont pu être déterminés, 19 872 sont des pigeons ramiers et 2057 des pigeons colombins. Ces derniers représentent ainsi 5,1% du total des pigeons, mais 9,4% de celui des oiseaux déterminés. On observe plusieurs pics de passage autour de la mi-octobre et du début de novembre. Ils comptabilisent l’essentiel des effectifs de pigeons ramiers, ce qui semble habituel pour la phénologie de l’espèce, au regard des années passées, sauf pour le pic de novembre . Si l’on compare les effectifs de pigeons ramiers de 2019 avec ceux des années précédentes, notamment les deux dernières, la saison semble très mauvaise. Il faut remonter à 2009 pour trouver un résultat aussi faible avec 16362 oiseaux. Toutefois, il est très important de noter que la méthode d’identification employée cette année semble fortement influencer ce résultat. En effet, la prudence des spotteurs les a régulièrement incités à considérer les individus comme indéterminés au lieu de différencier l’espèce avec certitude. Ce choix n’est pas lié aux compétences ornithologiques et ne remet pas en question le travail des années passées, mais intègre simplement une difficulté d’identification liée aux conditions d’observation, trop souvent mauvaises cette année. Ainsi, on relève, cette année, 18 543 pigeons indéterminés, correspondant à 46% du total des pigeons, contre 2768 en 2018, qui représentaient 4,3% du total. Outre ces considérations pour le Pigeon ramier, la comparaison des effectifs totaux de pigeons confirme, à nouveau cette année, la diminution sur le long terme au Défilé, bien qu’un passage exceptionnel ait été constaté de l’autre côté du Jura, au Crêt des Roches, ou pas moins d’1 130 788 oiseaux ont été comptés. Il est facilement envisageable que les populations du nord-est de l’Europe, hivernant essentiellement dans le sud-ouest de la France et en Espagne, aient emprunté majoritairement cette « voie » de migration, de l’autre côté du Jura.

Cette saison 2019 a été marquée par des mouvements irruptifs de mésanges et de geais des chênes. Ils ont été constatés, avec une plus grande ampleur, sur des sites plus favorables à la détection des flux de passereaux, comme la Colline de Sion ou le Crêt des Roches, dans le nord-est de la France, au cours de la même période. En premier lieu, ce sont les mésanges noires qui ont été observées, avec 3 oiseaux dès le 26 août et 17 individus le 08 septembre, constituant l’effectif journalier maximal. Ces chiffres ne sont pas significatifs, comparés à la mention de 162 migrateurs, notés par l’un des auteurs, le 12 septembre 2019, au Col de Bretolet, dans le même département. Ils restent cependant à signaler, car l’espèce n’est pas annuelle en migration active sur le site. 96 individus ont été comptabilisés cet automne. Au fil de la saison, les geais des chênes ont ensuite fait leur apparition. L’effectif saisonnier de 1561 oiseaux constitue un nouveau record, pour ce corvidé, sur le site. Il devance nettement ceux des saisons 1996 et 2012, années des précédentes invasions importantes, avec respectivement 1120 et 1079 oiseaux. Les journées du 16 et du 17 octobre regroupant 300 individus, sont les journées cœur du flux annuel. Au cours de ce même mois, les groupes de mésanges investissent le long des haies pour satisfaire leur migration rampante. Ainsi, 6611 oiseaux, dont 4619 mésanges bleues, 589 mésanges charbonnières et 1403 mésanges indéterminées ont traversé notre sphère d’observation, durant quelques semaines. Les journées des 16, 17 et 18 octobre sont à mettre en évidence, avec 1226 mésanges bleues et 352 mésanges charbonnières. Pour la première espèce, il s’agit de la troisième meilleure saison historique, après celles de 2012 et 2017, totalisant respectivement 6097 et 13 080 oiseaux. Pour la seconde, il s’agit de la meilleure année, avec 181 individus de plus que la saison 2017, année du précédent record.

L’ensemble de ces chiffres est cependant à relativiser en fonction de la méthodologie annuelle de relevé pour le groupe des passereaux. Ainsi, depuis 1992, toutes les saisons n’ont pas été inventoriées de la même manière, pour l’ensemble des espèces citées plus haut, sauf pour le Geai des chênes."
2019,results,discussion,"Grâce à l’implication des salariés et de près de 160 bénévoles, cette saison de suivi a permis de comptabiliser 311 343 oiseaux dont 35 548 rapaces (comprenant un rapace nocturne). 129 jours de suivi totalisant 1523 heures de présence ont été nécessaires pour récolter l’ensemble des données. La LPO Haute-Savoie remercie l’ensemble des observateurs. Qu’ils aient aidé durant 1 h, 1 jour ou 1 semaine, leur aide précieuse a été indispensable.

Avec un peu plus de 35 000 rapaces, 2019 est une saison relativement bonne pour le site, très semblable à celle de l’année dernière, avec 36 523 individus, même si l’effectif est en légère baisse, comparativement à 2017, avec plus de 49 000 migrateurs dénombrés. Les milans royaux voient une légère remontée de leur effectif par rapport à l’année précédente, avec un peu plus de 10 000 individus. Cet effectif demeure dans la moyenne des très bonnes années, poursuivant ainsi la forte augmentation constatée depuis 2011. Le Défilé de l’Écluse est le principal site de migration européen de l’espèce. L’effectif de 8481 milans noirs s’insère parfaitement dans la moyenne saisonnière calculée depuis 1992, même si une légère baisse est visible par rapport aux 9400 individus de l’année dernière. Ce résultat est néanmoins très nettement inférieur aux scores exceptionnels des années 2014 et 2017, avec respectivement 15 069 et 14 081 individus. Avec des effectifs s’inscrivant également dans la moyenne, la Buse variable reste le rapace migrateur le plus abondant au Défilé de l’Ecluse. Avec plus de 12 000 individus cette année, elle représente près du tiers de l’effectif total des rapaces dénombrés. A l’inverse de la tendance observée lors des années 2010-2017, avec une moyenne de 600 individus, l’effectif saisonnier de 466 busard des roseaux confirme la baisse sensible déjà notée en 2018, avec 396 oiseaux. Le constat est semblable pour le Balbuzard pêcheur, avec un total saisonnier de 90 individus, s’inscrivant dans la lignée des 75 oiseaux comptabilisés en 2018, assez loin de la période 2010-2017, avec un passage moyen de 125 oiseaux. L’analyse est inverse pour le Faucon crécerelle avec une remontée significative du total saisonnier par rapport à l’année précédente. En effet, le total de 585 individus cette année est plus de deux fois supérieur à l’effectif saisonnier de 264 oiseaux, signalé en 2018. Ce nombre reste cependant très éloigné de celui des belles années 2011-2013 et 2017, quand, entre 800 et 1500 individus traversaient la sphère du Défilé. Le Busard Saint-Martin et le Faucon émerillon voient leurs effectifs nettement augmenter. 2019, avec 46 individus, est la meilleure saison depuis 2012 pour le premier, et 2014, l’est avec 33 oiseaux, pour le second. Ces chiffres restent cependant très inférieurs à ceux signalés au milieu des années 90 et au début des années 2000 pour les 2 espèces avec une moyenne qui était située entre 50 et 100 oiseaux. Avec 1081 oiseaux, les effectifs de l’Épervier d’Europe, quasi identiques à ceux de la saison dernière, continuent de chuter depuis la saison 2017. Les cigognes blanches et cigognes noires montrent des effectifs toujours encourageants, avec respectivement plus de 3000 et un peu plus de 100 individus, corrélés avec la bonne santé des populations. Cette saison établit même un nouveau record pour la Cigogne blanche ! Il est cependant envisageable d’émettre des réserves sur ces chiffres et ces comparaisons, si l’on prend en considération les difficultés de détection de ces espèces, notamment en cas de conditions météorologiques ne favorisant pas la découverte de petits et même de gros groupes, lors des nombreuses journées avec un ciel intégralement bleu et de fortes brumes de chaleur. Avec près de 20 000 migrateurs, le Grand Cormoran voit ses effectifs augmenter, suite à la mauvaise année 2018 qui totalisait 11 063 individus. Cela constitue pour l’espèce, sur le site, un nouveau record, assez proche de celui de la saison 2017, déjà excellente, avec 18 606 oiseaux. Avec 40 000 oiseaux, toutes espèces confondues, les pigeons voient leurs effectifs diminuer, par rapport à ceux de 2018 qui totalisaient près de 65 000 migrateur, et demeurent donc dans la moyenne basse de ces dernières années. Ces chiffres, quoique toujours encourageants pour l’époque récente, nous font regretter, avec nostalgie, les années, maintenant lointaines, au cours desquelles les passages étaient beaucoup plus importants, avec les immenses boules compactes ou les longs rubans de pigeons qui se déroulaient dans le Défilé.

Après certains doutes, fin 2016, concernant la pérennisation du suivi, le soutien très important apporté, depuis 2017, par la Station Ornithologique Suisse de Sempach et ceux conséquents du Conseil Départemental de la Haute-Savoie et du Groupe Ornithologique du Bassin Genevois (GOBG) nous permettent d’assurer, avec plus de sérénité, la poursuite des actions menées au Défilé de l’Ecluse."
2019,outreach,activities,"Deux classes de cycle 3 de l’école de Vulbens ont bénéficié en 2019 d’animations sur le thème de la migration, soit une cinquantaine d’enfants environ.

DEROULEMENT DES ANIMATIONS Pour chaque classe, deux demi-journées d’interventions ont eu lieu. Le 13 septembre 2019, la première séance s’est déroulée à l’école (une classe le matin et une classe l’après-midi), et portait sur la découverte des oiseaux, du phénomène de la migration, et des dangers rencontrés par les oiseaux en migration. La seconde intervention se déroulait sur le site du Défilé de l’écluse, à Chevrier, le 4 octobre 2019 (une classe le matin et une classe l’après-midi), où les élèves se sont rendus à pied depuis l’école. Lors de cette deuxième animation, les élèves, répartis en petits groupes, ont pu s’initier sous forme d’ateliers ludiques à l’utilisation de jumelles, découvrir et apprendre à identifier plusieurs espèces d’oiseaux migrateurs et aussi rencontrer les spotteurs pour découvrir leur mission. Les activités proposées ont permis aussi de sensibiliser à l’utilité d’un suivi scientifique des oiseaux migrateurs et de découvrir les techniques de suivi.

BILAN ET PERSPECTIVES Lors des deux animations, et ce pour les deux classes, les élèves se sont montrés curieux, intéressés et actifs. Les retours de la part des enseignantes ont été très positifs et ceux des enfants très enthousiastes. Plusieurs parents accompagnaient les élèves. Eux aussi n’ont pas hésité à se montrer curieux et à poser des questions. Le site de suivi n’était pas connu de la plupart des participants, mais quelques-uns y étaient déjà passés lors de promenades familiales. La découverte du phénomène de migration des oiseaux est un sujet qui intéresse beaucoup les élèves. La proximité de l’école de Vulbens a rendu encore plus pertinente cette action de sensibilisation à destination des élèves, accompagnés de leurs enseignantes et de quelques parents. Tous ont pu découvrir la richesse de ce site de suivi, proche de chez eux. Ces séances ont aussi été l’occasion pour eux de découvrir des métiers (spotteurs, éducatrice à l’environnement), et l’implication associative et bénévole en faveur de la biodiversité (bénévoles présents sur le site).

Les animations avaient aussi été proposées aux écoles de Chevrier et Dingy-en-Vuache, mais les enseignantes, ayant bénéficié de ces interventions pour leurs classes, en 2018, ont préféré laisser la place à une autre école pour l’année 2019. Les enseignantes de l’école de Dingy-en-Vuache nous ont cependant demandé de les recontacter en 2020 et précisé qu’elles seraient très heureuses de participer à notre animation avec leurs 2 classes de CE1/CE2 et CM1/CM2. » En prévision de la reprise du suivi de la migration en juillet, la réunion mensuelle des adhérents et bénévoles de la LPO Haute-Savoie, du 21 juin, sur le thème « La migration et son suivi », a rassemblé 21 participants. Le 22 septembre E. Guscio a organisé, sur le site de suivi, une visite guidée de découverte axée sur le thème « Migration automnale au Défilé ». Le 6 octobre, D. Besson a organisé la journée européenne de la migration « Eurobirdwatch » qui consistait à faire découvrir au grand public le fascinant spectacle de la migration des oiseaux et les mystères qui persistent, sur le site de suivi et lors d’une visite guidée. En dehors de ces animations, les spotteurs chargés du suivi ont accueilli les nombreux passants, les curieux et les promeneurs pour les renseigner sur le phénomène de la migration ou sur d’autres questions concernant les oiseaux. Ils ont aussi encadré et fait bénéficier de leurs immenses connaissances les nombreux bénévoles locaux (haut-savoyard et suisses du bassin genevois) ou ornithologues originaires d’ailleurs en France, et même d’Angleterre, Allemagne et Suisse plus lointaine, venus apporter leur aide à la réalisation du suivi."
2019,species,avibase-4B8CC285,"1 oiseau juvénile de forme claire, en migration active, est photographié, à la date tardive du 06 novembre. Il s’agit de la 1ère mention de ce rapace depuis 2010 et de la première donnée de l’espèce au mois de novembre !"
2019,species,avibase-C2565B65,"1 individu de type pomarin, d’âge supérieur à 1 an a été identifié le 23 septembre, à une date classique pour le passage de cette espèce, très rare en France. Néanmoins, cet Aigle est annuel sur le site depuis 2013 à l’exception de la saison 2017."
2019,species,avibase-5F8E7CA8,"1 oiseau juvénile est recensé, le 14 octobre, en tant que migrateur/erratique. Un couple d’adultes locaux est quasi-quotidiennement noté, sur l’ensemble des 4 mois de suivi. Nous pouvons aussi mentionner quelques données d’au moins un individu de 2ème année, erratique."
2019,species,avibase-95DD1855,"2 oiseaux (1 d’âge supérieur à 1 an et 1 juvénile) sont recensés le 2 et le 7 novembre, à des dates classiques pour cette espèce qui est peu notée, en migration active, sur l’ensemble des sites de migration français."
2019,species,avibase-1327AC55,"Avec 90 oiseaux, du 29 juillet au 6 novembre, 2019 reste très loin des années exceptionnelles de 2013 et 2017 (avec respectivement 163 et 162 individus) et se rapproche des années basses, plus fréquentes dans l’histoire du suivi. En effet, 16 saisons comportent moins de 100 oiseaux depuis 1992. Nous pouvons noter que la période la plus dense du passage s’est déroulée un peu plus tôt que la normale, avec 18 individus comptabilisés sur les 5 premiers jours de septembre. Elle est plus précoce de 10 jours par rapport à la période théorique du « rush » . Le premier juvénile est observé le 4 septembre. Il est à noter qu’un oiseau, bagué en tant que poussin dans le nord-est de l’Allemagne (région du Mecklembourg) le 24 juin 2015, a été contrôlé en migration active le 2 septembre juste au-dessus de la station. De plus, une femelle (Vija), équipée d’une balise en Lettonie le 12 juillet 2019, a franchi les crêtes du Défilé le 9 septembre et se trouvait le 11 novembre au nord du parc national du Diawling, le long du Littoral Mauritanien (birdmap.5dvision.ee comme référence)."
2019,species,avibase-ED5A7E8F,"Cette année est particulièrement mauvaise pour le passage de la bondrée avec à peine 1677 individus, ce qui en fait la 4ème plus mauvaise année pour cette espèce, depuis 1993 . 11 bondrées sont comptées, le 19 août, puis 500, le 21 août , ceci étant la plus grosse journée de la saison. Le reste du passage s'étale jusqu'au 16 septembre. Au-delà, moins de 10 individus sont comptés journellement. Notons le passage visiblement précoce de bondrées de 1ère année avec 1 individu le 24 août et 2 individus le 28 août. Il sera intéressant de suivre la phénologie de ces oiseaux de 1ère année au cours des saisons à venir. Ce faible résultat est en partie à lier aux conditions climatiques très favorables avec plusieurs semaines de ciel bleu qui ont très probablement permis aux bondrées de passer sur un front plus large (au-dessus du Jura et plus proche de l'arc Alpin), limitant ainsi l'effet entonnoir du site. Il serait néanmoins intéressant de pouvoir appuyer ces ressentis de terrain sur des données météorologiques chiffrées et, éventuellement, chercher d'autres causes potentielles à ces faibles effectifs. Ceux-ci ne se valident pas nécessairement sur les autres sites d'Europe occidentale, en 2019 (Organbidexka, Lizarrieta)."
2019,species,avibase-F558C7F9,"Avec 46 individus, 2019 est la meilleure année enregistrée depuis 2008, au cours de laquelle 48 oiseaux avaient été comptés (2012 fait exception avec 60 migrateurs, mais 22 d’entre eux passent du 30 novembre au 23 décembre, et sont considérés comme des individus en mouvement de fuite hivernale, après la fin du suivi protocolé). 31 de ces 46 busards Saint-Martin ont été observés du 9 au 20 novembre, passage plutôt tardif au regard des 10 années précédentes. On peut en partie imputer ce résultat au fait d'avoir maintenu une pression d'observation dans des conditions difficiles (par temps de pluie, etc..) qui n’empêchent pas cette espèce de migrer."
2019,species,avibase-63B6412E,"Ce Busard n'est représenté que par 5 individus (plus 2 de type cendré/pâle), ce qui est très faible sachant que la moyenne 1993-2017 est de 16 individus. Il faut remonter jusqu'à 2009 pour trouver un résultat aussi faible."
2019,species,avibase-E2A19474,"Après une augmentation significative en 2017 (707 individus), les effectifs de ces 2 dernières années chutent sensiblement, avec 396 busards des roseaux migrateurs en 2018 et 466 cette année. Le passage s’est échelonné entre le 18 août et le 10 novembre. Les effectifs journaliers significatifs ont été obtenus, de manière assez classique, lors des 15 premiers jours de septembre, avec 5 journées dépassant les 20 oiseaux, durant cette période . Le total maximal a été obtenu assez précocement, le 03 septembre, avec 31 individus. Paradoxalement, la spécificité annuelle est la présence très régulière de l’espèce, aux environs du milieu du mois d’octobre avec une journée à 15 individus le 16. En ce qui concerne l’âge et le sex-ratio, on note la présence très nette de mâles adultes lors des 10 premiers jours de septembre, les types femelles et les femelles adultes étant majoritaires lors des 3 dernières semaines de ce mois. Enfin, la présence de 7 juvéniles et 6 types femelles sur cette journée du 16 octobre semble indiquer un passage plus tardif des oiseaux immatures, ce qui est classique. Malgré la belle saison 2017, les effectifs montrent une tendance à la baisse ."
2019,species,avibase-22647E26,"1 oiseau de 1ère année est observé le 12 octobre. Il s’agit de la 5ème saison de présence sur la station pour cette espèce, de moins en moins rare sur les sites de migration Français (5 données au Défilé en 2017 par exemple). Il est à noter que 2 autres busards pâles probables ont été observés, le 4 octobre et le 16 novembre, mais ont été enregistrés comme cendré/pâle car l’ensemble des critères propres à cette espèce (plumage de femelle et juvénile) n’ont pas pu être relevés."
2019,species,avibase-3C0C325D,"12 097 buses migratrices ont été dénombrées entre le 02 août et le 20 novembre. Les oiseaux sont passés en nombre légèrement supérieur à celui de l’année précédente (11 063 individus en 2018). Eu égard à la météo peu favorable pour la détection des oiseaux, lors du mois d’octobre (heures limitées avec du vent de nord-est), la migration s’est concentrée dans le temps, avec un pic remarquable de 1952 individus le 25 octobre . Cet effectif, bien qu’éloigné de celui des années « excellentes », entre dans la moyenne des années normales. Les années de passage supérieur à la moyenne s’expliquent en général par une météo hivernale précoce faisant fuir ces migrateurs partiels des zones plus nordiques. En 2019, ces conditions favorisant les mouvements soudains ne sont intervenues que sur la toute fin de la période protocolée. La journée totalisant 1584 oiseaux, réalisée le 19 novembre, est là pour en témoigner. Sur le site Suédois de Falsterbo, l’effectif le plus important de la saison a également été noté assez tardivement avec plus de 2700 individus recensés le 27 octobre. La tendance globale depuis 2000 est à une très légère augmentation ."
2019,species,avibase-28825494,"Avec un effectif de 3353 individus, l’année 2019 est désormais la meilleure saison réalisée dans l’histoire du suivi. Elle symbolise parfaitement l’augmentation constante, mise en lumière depuis le début de la décennie, alors que moins de 600 individus étaient comptabilisés avant 2008 . Un premier pic, et meilleur bien marqué les 28 et 29 août avec 530 individus cumulés . 6 groupes ont une taille supérieure à 100 oiseaux, dont 2 de plus de 150 migrateurs, les 16 et 25 août. Il est toutefois prévisible que plusieurs groupes aient été ratés. En effet, les cigognes blanches passant loin à l’est, elles sont souvent difficiles à repérer, notamment en cas de mauvaise visibilité due aux brumes de chaleur et/ou lorsqu’elles passent sur fond de végétation du Salève. Enfin, nous pouvons noter, à 3 reprises, lors des 20 jours inventoriés en novembre, le passage de migrateurs tardifs, dont un groupe de 14 oiseaux le 19."
2019,species,avibase-E2817DAE,"A l’inverse des cigognes blanches, l’année 2019 est l’une des moins bonnes saisons pour la Cigogne noire, avec seulement 115 individus. Cet effectif s’inscrit dans la lignée de l’année 2018 avec ses 121 oiseaux. Ces deux dernières saisons sont moins bonnes que 2017, année record avec 201 individus , mais la thèse d’une diminution, sur ce site, nécessiterait confirmation au cours des années à venir. En effet, la détection des oiseaux peut parfois s’avérer délicate, dans cette grande sphère d’observation, sur fond de ciel bleu uni avec brumes de chaleur. Ces conditions météorologiques ont été le lot journalier, au cours de la principale période de passage de l’espèce, qui couvre la dernière décade d’août et des premiers jours de septembre. De plus, en équipe restreinte d’observateurs, il n’est pas toujours aisé de détecter un individu isolé sur fond de végétation ou juste au-dessus du Jura, couloir majoritairement emprunté par l’espèce sur le site. Les 2 meilleures journées de cette saison ont été réalisées, l’une précocement, avec 23 individus, dont un groupe de 11, le 16 août, et l’autre tardivement, avec ces 16 oiseaux, dont un groupe de 12, le 29 septembre . Ceci est tout de même à signaler car cette phénologie n’est pas très classique le long du Défilé."
2019,species,avibase-8372FFBA,"6 individus sont observés cette année. Ce nombre entre dans la moyenne saisonnière connue pour cette espèce, plutôt rare sur le site du Défilé de l’Ecluse. La sphère d’observation accueille, depuis plusieurs années, quelques oiseaux locaux le long du Jura et du Vuache."
2019,species,avibase-2DAB45B8,"585 individus ont été comptés sur la saison, ce qui est bien au-delà des 394 individus de la moyenne des années 1993-2017. Globalement, cet effectif 2019 vient renforcer l'augmentation constatée depuis 2011. En ce qui concerne la phénologie de l’espèce, les individus sont passés essentiellement entre le 1er et le 20 octobre, avec 80,6% des effectifs. Les 2 plus grosses journées sont réalisées le 3 octobre, puis le 16, avec respectivement 87 oiseaux et 76 oiseaux. Les journées à plus de 10 individus sont très régulières entre ces 2 dates . Il semble qu'il y ait un retard d'une dizaine de jours dans le passage de l'espèce par rapport aux années précédentes. Notons enfin que le Défilé semble avoir de bons effectifs en 2019, à l’image d'autres sites Français (1436 à Eyne, 464 au Crêt des roches), sauf Gruissan-Narbonne qui fait exception avec seulement 259 individus."
2019,species,avibase-E91E287A,"L'année 2019 entre dans l'histoire, pour le plus faible résultat enregistré depuis le début du suivi, avec seulement 9 individus comptés sur l'ensemble de la période. Jamais moins de 20 individus n'avaient été comptés en une saison et ceci alors que l'année 2018 était pourtant dans la moyenne haute avec 62 migrateurs. A ce stade, il est difficile de tirer quelque conclusion que ce soit pour expliquer ce résultat."
2019,species,avibase-47E58408,8 individus sont dénombrés entre le 05 et le 19 novembre. Cet effectif continue de confirmer l’augmentation du nombre de données de migrateurs actifs depuis la fin des années 2000. Il s’inscrit aussi dans la moyenne haute du nombre de migrateurs depuis l’année 2010.
2019,species,avibase-F3DA111C,"33 individus sont comptés du 25 septembre au 19 novembre. Bien qu’il s’agisse de la meilleure année depuis 2015, cela reste malgré tout en dessous de la moyenne de 41 individus pour les années 1993 à 2017."
2019,species,avibase-3DF5C587,"Avec 19 740 individus, répartis entre le 22 juillet et le 20 novembre, l’année 2019 est désormais la meilleure saison historiquement réalisée . Comme en 2017, cette saison est bien supérieure d’au moins 5 500 oiseaux à tous les autres effectifs saisonniers enregistrés depuis 1992. La pression d’observation est une importante explication pour justifier ces écarts. Cette année, plus de 1500 heures ont été effectuées, soit 400 de plus que la moyenne des 10 dernières années, ayant vu, par ailleurs, une augmentation significative de l’espèce dans d’autres types d’inventaires (Comptages Wetlands par exemple). Le fait d’effectuer des relevés à partir du lever du soleil, dès le 15 août, a permis de collecter une part non négligeable de migrateurs, à l’image des 978 individus comptabilisés en trois journées, du 24 au 26 août. Néanmoins, le pic maximal de 1079 individus a été noté plusieurs semaines plus tard, le 8 octobre, au cœur de la première moitié de ce mois, période qui a vu passer 5930 oiseaux. C’est le seul jour qui a permis de compter plus de 1000 oiseaux . Excepté lors des 3 journées les plus importantes, la majorité des grands groupes, comptant plus de 40 oiseaux, ont été répertoriés lors des 4 premières heures du suivi."
2019,species,avibase-49D9148A,"Les 467 oiseaux répertoriés, entre le 24 juillet et le 19 novembre, constituent le plus bel effectif saisonnier, jamais enregistré dans l’histoire du suivi. En effet, ce total est supérieur de 117 oiseaux à la précédente meilleure saison, signalée en 2013. Le protocole de comptage mené du lever au coucher du soleil, dès le 15 août et jusqu’à la toute fin de la saison, est une des explications à ce résultat. Ainsi, 12 oiseaux étaient déjà recensés le 24 août, bien avant les meilleures périodes de passage rencontrées tout d’abord du 12 au 15 octobre avec 135 individus, puis entre le 10 et le 16 novembre avec 73 migrateurs . Globalement, cette nette hausse des effectifs, depuis le début des années 2000, s’observe également dans d’autres types d’inventaires (Comptages Wetlands par exemple), mais aussi de manière ponctuelle, avec notamment une croissance des données estivales en Haute-Savoie au cours de cette période."
2019,species,avibase-99B8841E,"1066 individus ont été dénombrés sur cette saison 2019. Bien qu’inférieure à l’année 2018 qui constituait un record de passage, avec 1652 oiseaux, cette saison conforte une tendance à l’augmentation constatée de manière nette lors de la saison 2013. Ainsi, 2019 est désormais la 3ème saison ayant vu le passage de plus de 1000 individus sur ces 6 dernières années. La phénologie est très similaire à celle des 2 précédentes grandes saisons. Le meilleur effectif journalier, représentant les trois quarts du total saisonnier (!) est obtenu le 15 novembre avec 715 oiseaux . Cependant, la première donnée collectée cette saison, concerne 2 groupes totalisant 106 individus, le 18 octobre, date précoce, en comparaison avec les années précédentes."
2019,species,avibase-66AA3934,"Le record saisonnier a été largement battu, avec 822 individus, soit 221 oiseaux de plus que celui de 2018 qui avait totalisé 601 migrateurs. Les 2 maxima précédents étaient ceux de 524 en 2017 et 271 en 2016. Ce résultat conforte largement la tendance à l’augmentation de l’espèce et confirme que les populations nicheuses tendent à s’étendre, de plus en plus, vers le Nord. On observe un pic maximal de 192 individus, le 15 septembre ."
2019,species,avibase-8F123A11,Un oiseau est observé le 08 novembre.
2019,species,avibase-6429024D,"Pour cette espèce, l’année est excellente, avec 1574 oiseaux comptés. Deuxième meilleure saison enregistrée depuis le début du suivi, elle confirme encore une fois l’augmentation des effectifs sur le long terme. La phénologie de l’espèce et le pic de passage semblent être stables et centrés sur le mois de septembre. Les 11, 14 et 15 septembre constituent les plus belles journées avec respectivement, 152, 220 (maximal saisonnier) et 111 individus . Cependant, bien que faible, le passage est régulier de fin juillet à fin octobre. La majorité des autres oiseaux ont été comptés, en partie à l’aube, mais majoritairement au crépuscule, avec fréquemment des groupes de plusieurs dizaines d’individus. Il faut considérer que cet effectif saisonnier est donc probablement relié au fait d’avoir exercé une pression d’observation importante dès le 15 août."
2019,species,avibase-06D9A2C8,"Du 15 juillet et presque sans discontinuer jusqu'au 18 septembre, 8481 Milans noirs ont été recensés. 90 % du passage est compris entre le 27 juillet et le 21 août avec la plus grosse journée à 1793 oiseaux le 29 juillet, puis 899 oiseaux le 1 août, 635 le 8 août et enfin 467 le 21 août . Ces pics et plus globalement la phénologie de l'espèce semblent correspondre à ceux des 2 années précédentes, avec une mention particulièrement tardive le 18 octobre. Bien que 2019 ne puisse être comparée à l'année exceptionnelle de 2017, le 5ème meilleur effectif annuel, depuis 1993, est tout de même atteint. Cette légère tendance à l'augmentation des effectifs, observée depuis plus d'une décennie , semble donc encore se confirmer cette année."
2019,species,avibase-451D6FC8,"Avec 10 839 individus dénombrés entre le 23 juillet et le 20 novembre, les effectifs de 2019 remontent par rapport à l’année dernière (8954 oiseaux), considérée comme une mauvaise année au sein d’un contexte de progression devenu important à partir de 2011 . A une échelle plus générale et en prenant en compte les chiffres du Crêt des Roches (site situé au nord du Jura), cette saison peut être considérée comme très positive pour le couloir « Alpo-Jurassien ». En effet, en additionnant les chiffres du Crêt, excédant les 12 000 individus, cette saison 2019 a vu passer près de 23 000 individus de part et d’autre du Jura. Sur notre site, on observe un passage assez régulier de 150-300 oiseaux par jour, entre le 20 septembre et le 25 octobre (19 journées dans cette tranche) avec un pic de 1 174 individus au cœur de cette période, soit le 03 octobre . Une deuxième vague de passage un peu moins importante se déroule entre le 06 et le 20 novembre. Elle comprend 7 journées avec plus de 150 individus dont une, le 19 novembre, à 876 oiseaux (2ème pic de passage saisonnier). Un oiseau marqué de 2ème année a été noté le 20 octobre et le marquage a pu être lu. Cet individu avait été capturé en Espagne le 24 octobre 2018 à Barajas (aéroport de Madrid) et relâché à Somosierra, soit 50 km au nord. Dans le même registre, les bandelettes blanches de deux oiseaux marqués n’ont malheureusement pas pu être lues et 3 migrateurs, porteurs d’une balise, restent dans l’attente d’une diffusion de données de la part des responsables de programmes."
2019,species,avibase-68E4C0D1,"Avec 40472 pigeons, l’effectif 2019 est plus faible que celui de 2018 qui totalisait 64 819 individus. Sur les 21 929 qui ont pu être déterminés, 19 872 sont des pigeons ramiers et 2057 des pigeons colombins. Ces derniers représentent ainsi 5,1% du total des pigeons, mais 9,4% de celui des oiseaux déterminés. On observe plusieurs pics de passage autour de la mi-octobre et du début de novembre. Ils comptabilisent l’essentiel des effectifs de pigeons ramiers, ce qui semble habituel pour la phénologie de l’espèce, au regard des années passées, sauf pour le pic de novembre . Si l’on compare les effectifs de pigeons ramiers de 2019 avec ceux des années précédentes, notamment les deux dernières, la saison semble très mauvaise. Il faut remonter à 2009 pour trouver un résultat aussi faible avec 16362 oiseaux. Toutefois, il est très important de noter que la méthode d’identification employée cette année semble fortement influencer ce résultat. En effet, la prudence des spotteurs les a régulièrement incités à considérer les individus comme indéterminés au lieu de différencier l’espèce avec certitude. Ce choix n’est pas lié aux compétences ornithologiques et ne remet pas en question le travail des années passées, mais intègre simplement une difficulté d’identification liée aux conditions d’observation, trop souvent mauvaises cette année. Ainsi, on relève, cette année, 18 543 pigeons indéterminés, correspondant à 46% du total des pigeons, contre 2768 en 2018, qui représentaient 4,3% du total. Outre ces considérations pour le Pigeon ramier, la comparaison des effectifs totaux de pigeons confirme, à nouveau cette année, la diminution sur le long terme au Défilé, bien qu’un passage exceptionnel ait été constaté de l’autre côté du Jura, au Crêt des Roches, ou pas moins d’1 130 788 oiseaux ont été comptés. Il est facilement envisageable que les populations du nord-est de l’Europe, hivernant essentiellement dans le sud-ouest de la France et en Espagne, aient emprunté majoritairement cette « voie » de migration, de l’autre côté du Jura."
2019,species,avibase-F837F893,"Avec 40472 pigeons, l’effectif 2019 est plus faible que celui de 2018 qui totalisait 64 819 individus. Sur les 21 929 qui ont pu être déterminés, 19 872 sont des pigeons ramiers et 2057 des pigeons colombins. Ces derniers représentent ainsi 5,1% du total des pigeons, mais 9,4% de celui des oiseaux déterminés. On observe plusieurs pics de passage autour de la mi-octobre et du début de novembre. Ils comptabilisent l’essentiel des effectifs de pigeons ramiers, ce qui semble habituel pour la phénologie de l’espèce, au regard des années passées, sauf pour le pic de novembre . Si l’on compare les effectifs de pigeons ramiers de 2019 avec ceux des années précédentes, notamment les deux dernières, la saison semble très mauvaise. Il faut remonter à 2009 pour trouver un résultat aussi faible avec 16362 oiseaux. Toutefois, il est très important de noter que la méthode d’identification employée cette année semble fortement influencer ce résultat. En effet, la prudence des spotteurs les a régulièrement incités à considérer les individus comme indéterminés au lieu de différencier l’espèce avec certitude. Ce choix n’est pas lié aux compétences ornithologiques et ne remet pas en question le travail des années passées, mais intègre simplement une difficulté d’identification liée aux conditions d’observation, trop souvent mauvaises cette année. Ainsi, on relève, cette année, 18 543 pigeons indéterminés, correspondant à 46% du total des pigeons, contre 2768 en 2018, qui représentaient 4,3% du total. Outre ces considérations pour le Pigeon ramier, la comparaison des effectifs totaux de pigeons confirme, à nouveau cette année, la diminution sur le long terme au Défilé, bien qu’un passage exceptionnel ait été constaté de l’autre côté du Jura, au Crêt des Roches, ou pas moins d’1 130 788 oiseaux ont été comptés. Il est facilement envisageable que les populations du nord-est de l’Europe, hivernant essentiellement dans le sud-ouest de la France et en Espagne, aient emprunté majoritairement cette « voie » de migration, de l’autre côté du Jura."
2019,species,avibase-760F307A,"Avec 40472 pigeons, l’effectif 2019 est plus faible que celui de 2018 qui totalisait 64 819 individus. Sur les 21 929 qui ont pu être déterminés, 19 872 sont des pigeons ramiers et 2057 des pigeons colombins. Ces derniers représentent ainsi 5,1% du total des pigeons, mais 9,4% de celui des oiseaux déterminés. On observe plusieurs pics de passage autour de la mi-octobre et du début de novembre. Ils comptabilisent l’essentiel des effectifs de pigeons ramiers, ce qui semble habituel pour la phénologie de l’espèce, au regard des années passées, sauf pour le pic de novembre . Si l’on compare les effectifs de pigeons ramiers de 2019 avec ceux des années précédentes, notamment les deux dernières, la saison semble très mauvaise. Il faut remonter à 2009 pour trouver un résultat aussi faible avec 16362 oiseaux. Toutefois, il est très important de noter que la méthode d’identification employée cette année semble fortement influencer ce résultat. En effet, la prudence des spotteurs les a régulièrement incités à considérer les individus comme indéterminés au lieu de différencier l’espèce avec certitude. Ce choix n’est pas lié aux compétences ornithologiques et ne remet pas en question le travail des années passées, mais intègre simplement une difficulté d’identification liée aux conditions d’observation, trop souvent mauvaises cette année. Ainsi, on relève, cette année, 18 543 pigeons indéterminés, correspondant à 46% du total des pigeons, contre 2768 en 2018, qui représentaient 4,3% du total. Outre ces considérations pour le Pigeon ramier, la comparaison des effectifs totaux de pigeons confirme, à nouveau cette année, la diminution sur le long terme au Défilé, bien qu’un passage exceptionnel ait été constaté de l’autre côté du Jura, au Crêt des Roches, ou pas moins d’1 130 788 oiseaux ont été comptés. Il est facilement envisageable que les populations du nord-est de l’Europe, hivernant essentiellement dans le sud-ouest de la France et en Espagne, aient emprunté majoritairement cette « voie » de migration, de l’autre côté du Jura."
2019,species,avibase-5D1987CE,"7 oiseaux migrateurs ou erratiques sont notés, le 19 juillet, le long des crêtes du Jura (un oiseau erratique également noté le 10 août). Il s’agit d’une espèce non annuelle sur le site mais régulièrement notée depuis l’année 2011 (7 données)."
2019,species,avibase-DB376A66,"Avec seulement 1081 oiseaux, cette saison 2019 poursuit la diminution déjà constatée en 2018 (effectif presque identique), après plusieurs saisons entre 2014 et 2017 où les effectifs se stabilisaient entre 1300 et 1500 individus. Les passages se sont effectués entre le 21 août et le 20 novembre, avec un pic de 110 individus le 16 octobre, ainsi qu’un autre à 97 oiseaux, le 25 octobre . Ces 2 meilleures journées sont en avance d’une semaine à 15 jours par rapport au pic de 2018 qui avait eu lieu le 03 novembre. Après de longues années de croissance, jusqu’à atteindre un pic en 2013 avec plus de 2500 individus, les effectifs d’éperviers chutent de manière significative depuis 6 ans au travers de deux blocs . Un premier dans la tranche des 1300-1500 individus saisonniers, entre 2014 et 2017, et un deuxième depuis 2018 dans la tranche des 1000-1100 oiseaux saisonniers. Notons toutefois que la détection des éperviers peut être fortement influencée par les conditions météorologiques. En effet, ces oiseaux se déplacent en vol battu très rapide. Un vent de nord-est, à l’avantage des spotteurs, permet d’améliorer leur détection, mais à l’inverse, un vent de sud-est peut nettement la compliquer car les oiseaux passent loin à l’est."
2020,site,background,"La LPO tient à remercier tout particulièrement la Station Ornithologique Suisse, le Conseil Départemental de Haute-Savoie et le Groupe Ornithologique du Bassin Genevois sans lesquels le suivi 2020 n’aurait pu avoir lieu.

Le site du défilé du Fort l’Écluse (ou Défilé de l’Écluse) fut mis en évidence en 1947 (J. BURNIER, P. CHARVOZ, P. GEROUDET, R. HAINARD, C. VAUCHER et al.) pour ses passages spectaculaires de pigeons et de corvidés. Par la suite, P. CHARVOZ et J.D. FONTOLLIET consacrèrent une grande partie de leur temps libre à l’observation de la migration sur ce site privilégié. La première synthèse qui fut l’œuvre du Groupe des Jeunes de Nos Oiseaux, section Genève (G. MÜLHAUSER, T. SCHMID, A. SCHUBERT ET C. VICARI) porte sur une permanence journalière du 13 août au 30 octobre 1983. Puis c’est en 1992, après 75 jours d’observation continue et le dénombrement de plus de 11000 rapaces, qu’il est envisagé de mettre en place un suivi permanent dès l’année suivante, associant les Suisses de Nos Oiseaux (P. CHARVOZ, M. MAIRE ET AL.) et les Français du Groupe Ornithologique Haut Savoyard, future LPO Haute-Savoie (J-P. MATERAC ET AL.). De 1993 à 2007, le suivi a été assuré au minimum de mi-juillet à fin novembre et ce, tous les jours durant lesquels les conditions météorologiques le permettaient. À la fin de la saison 2007, le DR. CHARVOZ ayant exprimé son impossibilité à assurer une saison supplémentaire, la LPO Haute-Savoie a formulé une demande au collectif « Tête en l’air », avec pour objet, la mise en place d’une permanence salariée durant quatre mois afin de poursuivre le suivi de la migration postnuptiale sur ce site remarquable. Entre 2008 et 2016, le suivi est donc assuré par un seul salarié, puis par 2 professionnels, de 2017 à 2020, les spotteurs étant aidés par les bénévoles.

« Longtemps, l’acquisition de connaissances sur les migrations d’oiseaux n’a pu se faire que par l’observation directe. Malgré le développement d’autres techniques de suivis (baguage, pose de balises, radar), l’identification et le comptage des migrateurs en des points de passage stratégiques demeurent une méthode indispensable et pertinente, dans la mesure où, comme pour tout échantillonnage, les suivis sont réalisés dans les mêmes conditions d’une année à l’autre (protocole stable), et sur une longue période (au moins dix ans). Alors qu’il reste encore à découvrir de nombreux aspects mal connus de la vie des oiseaux migrateurs, la connaissance apportée par les suivis constitue une base solide sur laquelle repose toute évaluation patrimoniale. Les données engrangées durant les nombreuses heures d’observation apportent des informations essentielles sur le déroulement de l’activité migratoire. Les effectifs dénombrés selon un protocole standardisé sur chaque site permettent de mesurer la chronologie de la migration et son évolution dans le temps. Ils offrent aussi la possibilité de produire des indicateurs de la dynamique des populations d’oiseaux. L’évolution du nombre d’oiseaux observés sur un site en migration active est le plus souvent corrélée à la taille de la population de laquelle ils sont issus. La combinaison de tels indicateurs provenant d’un réseau de sites offre une meilleure précision dans le calcul des tendances des effectifs et de l’évaluation de l’état de santé des espèces suivies. Ces conditions remplies, les données recueillies permettent d’évaluer l’état de santé des oiseaux migrateurs en comparant l’évolution des effectifs. Ainsi le suivi de la migration à Organbidexka, qui est conduit depuis plus de trente ans, a permis de mesurer le déclin des populations ouest européennes de Milan royal et a conduit à l’élaboration d’un plan national de restauration de l’espèce. » source : Mission Migration France Extrait de « CHARVOZ& AL. 1996 » « Le défilé du Fort l’Écluse est pratiquement la sortie naturelle du Plateau suisse en direction du sud-ouest. Cet « entonnoir » géographique provoque une concentration des migrateurs en ce point, la crête du Jura paraissant les guider, surtout lorsque le plafond nuageux est bas. En effet, c’est dans cette région que la chaîne principale du Jura devient de plus en plus élevée (Le Reculet, 1717 m) et s’oriente au sud. De l’autre côté du défilé du Fort l’Écluse, au fond duquel coule le Rhône, ce plissement se termine par le Vuache (altitude comprise entre 890 et 1101 m), qui mesure une dizaine de kilomètre de long. A l’est, le Salève (altitude : 1200-1375 m) et, bien au-delà, les Préalpes savoyardes influencent aussi le passage.

Le passage dans le défilé lui-même (altitude 343 m au Pont Carnot) est loin d’être la règle générale. En effet, un grand nombre de migrateurs ne transitent pas par le défilé mais passent à l’est, parfois très loin, puis franchissent le Mont Sion ou le Vuache. D’autres individus, surtout par temps clair, franchissent la chaîne du Jura en amont du Crêt d’Eau (1621 m). » Le site du Fort l’Écluse a été parfois utilisé jusqu’au début des années 90 et en particulier lors de l’étude de 1983, mais le suivi le plus régulier a toujours été effectué depuis la commune de Chevrier, à environ 800 m à l’ouest du point actuel. Bien que beaucoup moins d’oiseaux soient décomptés au Fort, il s’agit certainement du meilleur endroit pour l’observation rapprochée des migrateurs qui transitent par le défilé. Le site de Champ Vautier a été choisi au cours de la saison 1992, quand nous nous sommes aperçus que de très nombreux oiseaux passaient loin à l’est et n’étaient pas visibles depuis le point de suivi situé à l’ouest. De plus les arbres ayant poussé autour de celui-ci, le repérage des oiseaux devenait problématique."
2020,monitoring,methods,"Field protocol:

Le site d’observation se trouve au pied nord-est du massif du Vuache, sur la rive gauche du Rhône, entre le fleuve et le village de Chevrier, à une altitude de 400 mètres. Le lieu même de suivi se trouve entre les lieux dits Champ Vautier et Rogy le long de la voie SNCF. Cette position offre les meilleures conditions de visibilité à la fois sur la chaîne du Jura au nord et en direction du massif du Salève à l’est. Les observations sont effectuées au minimum et si les conditions le permettent, de 10h à 17h en été (GMT + 2), mais souvent jusqu’à 19h30, et de 9h à 16h en automne (GMT + 1), mais presque chaque jour du lever au coucher du jour. La sphère d’observation est balayée systématiquement et en permanence avec des jumelles (7×50 et 10×40) afin de repérer les groupes ou individus isolés. La longue vue (38×82 et 20-60×80) n’est utilisée que pour l’identification et le dénombrement et en aucun cas pour le repérage. Les individus de chaque espèce en migration active sont identifiés, comptés et leur nombre (plus l’âge et le sexe s’il y a lieu) est saisi directement sur tablette par les spotteurs ou reporté par heure sur une fiche de suivi conçue à cet effet pour les bénévoles. Les rapaces et grands oiseaux (ciconiiformes, cormorans) constituent la cible principale du suivi et sont en conséquence dénombrés à l’unité. Les pigeons font l’objet d’une estimation par groupes. Toutes les autres espèces en migration active sont, dans la mesure du possible, identifiées. Leur dénombrement fait l’objet, selon les cas, de comptages unitaires ou d’estimations par tranches de 30 minutes (hirondelles, passereaux). En cas de fort passage de rapaces, une première estimation de l’effectif est effectuée, au loin, lors du repérage aux jumelles. Ensuite, le déplacement du groupe est suivi, puis compté au moment du passage, au plus près des observateurs. Un suivi horaire des conditions météorologiques est effectué, en parallèle au comptage, par le responsable du suivi. Il consiste à relever 6 critères définis préalablement : couverture nuageuse, type de nuage, type de précipitation et intensité, direction et force du vent, visibilité. Deux salariés de la LPO Auvergne Rhône-Alpes, en poste à la délégation Haute-Savoie, sont responsables, en alternance, du suivi chaque jour de la semaine, y compris les samedis, et jours fériés, de mi-juillet à mi-novembre. Ils sont aidés quasiment chaque jour, et remplacés les dimanches par un ou plusieurs bénévoles. Cette année, le suivi a pris fin le 20 Novembre.

Data processing and analysis:

L’ensemble des observations a été saisi dans la base de données en ligne de la LPO 74, au fur et à mesure du passage, grâce à une tablette, et transmis, chaque jour, à la Mission migration de la LPO France (migraction.net). Afin de ne pas surcharger le présent rapport et par souci de lisibilité, seuls les rapaces et les espèces dont les effectifs le permettent font l’objet d’un histogramme et d’une description. Dans l’objectif de faire ressortir des éléments déterminants et comparables de la migration, une rapide analyse est effectuée, à l’aide d’un histogramme présentant les résultats journaliers pour les espèces les plus représentatives. Pour les 7 espèces de rapaces cibles principales du suivi, représentant plus de 99,1 % de l’effectif total de ce groupe, et le Balbuzard pêcheur, un graphique reprend les effectifs saisonniers et indices annuels sur une période similaire (du 15 juillet au 20 novembre) de 1993 à 2020. L’indice annuel est calculé à partir d’indices journaliers pondérant les effectifs journaliers avec le temps de suivi journalier. Cette pondération, ainsi que l’utilisation des données acquises dans une période équivalente chaque année, permet de gommer en partie les effets de la variation de pression d’observation. Cela permet également de produire une courbe de tendance (régression polynomiale cubique) plus fiable que la simple utilisation de l’effectif brut annuel. Pour des raisons de temps, il n’a pas été possible d’exploiter les relevés météorologiques journaliers."
2020,monitoring,effort,"La migration visible a été suivie du 15 juillet au 20 novembre 2020. Les 129 jours de cette période ont bénéficié d’un suivi sur la journée complète ou non selon les conditions météorologiques, parfois peu favorables. Ces 129 jours totalisent 1333 heures d’observation soit une moyenne d’environ 10 heures 33 minutes par jour.

La crise sanitaire liée à la Covid-19 a empêché l’accueil de bénévoles au gîte de migration. La fréquentation du site était réduite, la fréquentation étrangère quasi inexistante et les bénévoles totalement absents durant la période couverte par le deuxième confinement. Cette dernière particularité a certainement joué dans la détection des oiseaux, en particulier pour les espèces telles que le Faucon émerillon et la Cigogne noire.

Pour la saison 2020, la LPO Haute-Savoie a assuré une présence quotidienne avec au moins un ornithologue durant les quatre mois que dure la migration postnuptiale c'est-à-dire du 15 juillet au 20 novembre. En raison de la crise sanitaire liée à la Covid-19, la participation des bénévoles s’est arrêtée le 30 octobre, date du 2ème confinement en France. Pour la quatrième saison consécutive, les financements apportés par les partenaires ont permis de recruter deux « spotteurs » à plein temps et ainsi assurer une présence salariée permanente 6 jours sur 7, appuyée par des bénévoles le dimanche.

C’est donc depuis Champ Vautier que la majorité des observations de 2020 a été réalisée. Les sites de Vulbens (74), Dingy-en-Vuache (74), Cessens (74) et Collonges (01) ne sont utilisés qu’en cas de brouillard et/ou stratus persistants."
2020,results,overview,"On note 4 journées sans rapaces (dont 1 sans comptage), 4 journées avec moins de 10 individus comptabilisés et quelques journées avec des effectifs faibles (10 à 30 individus). Toutes les journées, sauf une, ont bénéficié d’un suivi, malgré des conditions météorologiques parfois très défavorables . 8 journées ont vu passer de 500 à 1000 rapaces, 4 journées en totalisent 1000 à 2000 et 1 journée atteint le chiffre de 4305 rapaces. La journée la plus remarquable de la saison en termes d’effectif est celle du 14 octobre avec un total de 4305 rapaces dénombrés. Il s’agit notamment du pic de passage pour la Buse variable avec 2112 individus  et du Milan royal avec 2010 individus. Pour l’ensemble de la période de suivi, 35548 rapaces diurnes ont été dénombrés. 33498 individus représentent 20 espèces et 183 oiseaux n’ont pu être déterminés . Parmi ces 20 espèces, les 6 majoritairement représentées comptabilisent, à elles seules, 98,9% de l’effectif total des rapaces dénombrés . Les 5 principales espèces, dans l’ordre décroissant des effectifs, sont le Milan royal, en première position, totalisant 35,4%, la Buse variable avec 25%, le Milan noir avec 19,7% et la Bondrée apivore avec 14,9%. Viennent ensuite 3 espèces aux effectifs nettement inférieurs : l’Epervier d’Europe avec 1,7%, le Faucon crécerelle avec 1,2% et enfin le Busard des roseaux avec 1% du total observé."
2020,results,highlights,"Hors rapaces, 73 espèces ont été contactées et identifiées en migration active . Avec 10 317 migrateurs comptabilisés cette année, les effectifs du Grand Cormoran sont biens inférieurs à ceux de l’année 2019 avec 19 908 oiseaux, mais similaires à l’année 2018 avec 11950 oiseaux. Les quatre dernières années sont donc en dents de scie, malgré une augmentation apparente des effectifs puisque plus de 10 000 oiseaux sont observés chaque année depuis 2013, hormis les années 2015 et 2016 qui ont été très faibles. L’effectif total de 380 grues cendrées est nettement en-dessous du chiffre de l’année dernière (1301) et du record saisonnier établi en 2018 avec 1652 individus. Cette saison n’est pas représentative de la croissance des effectifs mise en évidence surtout depuis le début des années 2010 (voir 4.15). Avec 23 703 individus, l’effectif des Pigeons ramiers (additionné avec celui des Pigeons indéterminés cette saison) est en baisse par rapport à celui de 2019 et l’un des plus bas enregistrés depuis le début du suivi. Cette saison reste cependant dans la moyenne des 15 dernières années. Cette stabilité fait suite à une baisse des effectifs marquée au milieu des années 70, alors que 50 000 à 280 000 oiseaux étaient comptés annuellement entre 1966 et 1975.

Avec 26 345 pigeons, l’effectif 2020 est plus faible que ceux de 2018 et 2019 qui totalisait entre 40 000 et 65 000 individus. Sur les 25 963 qui ont pu être déterminés, 23 321 sont des pigeons ramiers et 2642 des pigeons colombins. On observe un pic de passage autour de la mi-octobre qui comptabilisent l’essentiel des effectifs de pigeons ramiers, ce qui semble habituel pour la phénologie de l’espèce, au regard des années passées . Si l’on compare les effectifs de pigeons ramiers de 2020 avec ceux des années précédentes, notamment celles de 2017 et 2018, la saison est très mauvaise, comme en 2019. Outre les considérations de différences de comptage, les effectifs totaux de pigeons confirment, à nouveau cette année, la diminution sur le long terme au Défilé, bien qu’un passage important ait été constaté de l’autre côté du Jura, au Crêt des Roches, ou pas moins de 763 170 oiseaux ont été comptés. Il est facilement envisageable que les populations du nord-est de l’Europe, hivernant essentiellement dans le sud-ouest de la France et en Espagne, aient emprunté majoritairement cette « voie » de migration, de l’autre côté du Jura.

Le défilé de l’écluse a vu passer dans sa sphère plusieurs espèces peu communes en 2020, dont 2 Elanions blancs, 1 Martinet pâle (2° mention du site), 1 Héron pourpré, 14 Bruants proyers et 3 Sizerins cabarets pour ne citer qu’eux. Bien que réguliers sur le site, le Busard pâle (2 individus) et les aigles de type pomarin/criard (1 individu) n’en restent pas moins des oiseaux rares. Un aigle indéterminé (de type impérial) a également été observé."
2020,results,discussion,"Grâce à l’implication des salariés et de près de 117 bénévoles, cette saison de suivi a permis de comptabiliser 161 492 oiseaux dont 33 498 rapaces. 129 jours de suivi totalisant 1334 heures de présence ont été nécessaires pour récolter l’ensemble des données. La LPO Haute-Savoie remercie l’ensemble des observateurs. Qu’ils aient aidé durant 1 h, 1 jour ou 1 semaine, leur aide précieuse a été indispensable.

Malgré des effectifs globaux moitié moins importants que les années précédentes (160 000 oiseaux contre 300 000), plus de 33 498 rapaces ont été observés en migration. 2020 est donc une saison assez bonne pour ce groupe qui représente donc 20% du total des oiseaux observés. L’année est relativement semblable à 2019, avec 35 000 individus, même si l’effectif est en légère baisse, comparativement à 2017, avec plus de 49 000 migrateurs dénombrés. Les Milans royaux voient une légère baisse de leur effectif par rapport à l’année précédente, avec un peu plus de 11 985 individus. Cet effectif demeure dans la moyenne des très bonnes années, poursuivant ainsi la forte augmentation constatée depuis 2011. Le Défilé de l’Écluse est le principal site de migration européen de l’espèce. L’effectif de 6651 Milans noirs s’insère dans la moyenne basse calculée depuis 1993, avec une nette baisse visible par rapport aux 8481 et 9400 individus des deux dernières années. Ce résultat est également très nettement inférieur aux scores exceptionnels des années 2014 et 2017, avec respectivement 15 069 et 14 081 individus. Avec 8456 individus, la Buse variable passe au rang de second rapace migrateur le plus abondant au Défilé de l’Ecluse. Elle ne représente plus qu’un quart de l’effectif total des rapaces dénombrés. Le Busard des roseaux, avec 326 individus, confirme la baisse sensible déjà notée en 2018 puis 2019, avec 396 et 426 oiseaux. Le constat est semblable pour le Balbuzard pêcheur, avec un total saisonnier de 93 individus, semblable aux effectifs de 2019 (90) mais bien de la période 2010-2017, avec un passage moyen de 125 oiseaux. L’analyse est inverse pour le Faucon crécerelle dont les effectifs tendent à augmenter. En effet, le total de 452 individus cette année est largement supérieur à l’effectif saisonnier de 264 oiseaux, signalé en 2018. Ce nombre reste cependant très éloigné de celui des belles années 2011-2013 et 2017, quand, entre 800 et 1500 individus traversaient la sphère du Défilé. Le Faucon émerillon et le Busard Saint-Martin voient leurs effectifs baisser en 2020, contrairement à 2019. Le premier avec 25 individus est en baisse depuis 2015, et en dessous de la moyenne basse de 30 individus. Le second avec 16 oiseaux effectue l’un des pires effectifs saisonniers, à surveiller les prochaines années pour voir si un lien avec la baisse des populations est faisable. Avec 582 oiseaux, les effectifs de l’Épervier d’Europe sont en chute libre cette année, en particulier par rapport à l’année dernière où plus du double était compté. L’Elanion blanc, avec deux individus, pourrait tendre à devenir régulier sur le site, en particulier grâce à sa dynamique de colonisation de ces dernières années.

Les Cigognes blanches et Cigognes noires montrent des effectifs toujours encourageants, avec respectivement plus de 3300 et un peu plus de 80 individus, corrélés avec la bonne santé des populations. Cette saison établit même un nouveau record pour la Cigogne blanche ! Il est cependant envisageable d’émettre des réserves sur ces chiffres et ces comparaisons, si l’on prend en considération les difficultés de détection de ces espèces, notamment en cas de conditions météorologiques ne favorisant pas la découverte de petits et même de gros groupes, lors des nombreuses journées avec un ciel intégralement bleu et de fortes brumes de chaleur. Avec un peu plus de 10 000 migrateurs, le Grand Cormoran voit ses effectifs baisser, faisant suite à la mauvaise année de 2018 qui totalisait 11 063 individus. Avec 26 000 oiseaux, toutes espèces confondues, les pigeons continuent leur diminution, par rapport à 2018 et 2019 qui totalisaient plus de 60 000 et 40 000 migrateurs, et effectuent l’un des plus mauvais scores. Ces chiffres, nous font regretter, avec nostalgie, les années, maintenant lointaines, au cours desquelles les passages étaient beaucoup plus importants, avec les immenses boules compactes ou les longs rubans de pigeons qui se déroulaient dans le Défilé. Une tendance qui se confirme notamment sur les cols basques, pourtant réputés pour leurs « vols bleus ». Enfin, le suivi a été perturbé par la crise sanitaire liée à la Covid-19 et la deuxième période de confinement, amputant ainsi le suivi des paires d’yeux bénévoles si nécessaires à son exhaustivité.

La LPO remercie à nouveau ses partenaires : Station Ornithologique Suisse, Conseil Départemental de la Haute-Savoie et Groupe Ornithologique du Bassin Genevois (GOBG). Sans leur soutien financier, et la passion des spotteurs et bénévoles, un suivi d’une telle qualité ne pourrait pas être effectué."
2020,outreach,activities,"4 animations à destination de 2 classes ont été réalisées. En 2020, les deux classes de primaire de l'école de Chevrier (une classe de CP-CE1 et une classe de CE2-CM1-CM2) ont bénéficié de deux demi-journées d'animation chacune sur la thématique de la migration des oiseaux. Au total, une cinquantaine d'élèves ont suivi les animations.

Pour chaque classe, deux demi-journées d'animation ont été programmées.

La première séance a eu lieu en classe le vendredi 9 octobre (une classe le matin et une classe l'après-midi). En première partie d'animation, les élèves ont été amenés à se questionner sur le phénomène de la migration : ça veut dire quoi migrer ? Pourquoi les oiseaux migrent-ils ? Est-ce que tous les oiseaux migrent ? Les élèves ont ensuite réfléchi au trajet emprunté par les oiseaux migrateurs au cour de leur voyage : par où passent-ils et pourquoi suivent-ils ce trajet ? Différentes activités et des jeux ont permis de répondre à toutes ces questions. Dans la deuxième partie de l'animation, les élèves se sont transformés en oiseaux migrateurs et ont suivi un parcours pour comprendre et sentir par eux-mêmes les difficultés rencontrées lors de la migration. Nous avons terminé cette séance en visionnant le film «born to travel » qui récapitule les dangers de la migration, et nous avons visualisé le parcours de migration d'oiseaux équipés de bagues GPS.

La deuxième séance a eu lieu en extérieur sur le site de suivi de la migration du Défilé de l'Écluse, le mardi 13 octobre (une classe le matin et une classe l'après-midi). Les élèves se sont rendus sur le site à pied de l'école. La première partie de l'animation a eu pour objectif d'apprendre à utiliser les jumelles et de familiariser les élèves à l'observation des oiseaux migrateurs : par binôme, les élèves avaient une fiche avec des descriptions d'oiseaux migrateurs suivant leurs caractéristiques physiques. Les photos des oiseaux correspondants avec leur nom sont « cachées » dans les arbres. Chaque binôme doit alors associer l'oiseau avec sa description. Les classes ont ensuite été réparties en trois groupes pour suivre des ateliers tournants : – un atelier sur le baguage, animé par une animatrice LPO ; – un atelier pour comprendre le suivi de la migration, animé par un spotteur ; – un atelier d'observation libre avec des planches d'identification, animé par un parent d'élève.

Les élèves ont été très intéressés par les activités proposées et par la thématique de la migration. Ils se sont montrés enthousiastes et motivés par les animations. La première séance en classe permet de poser les bases pour comprendre le phénomène de la migration. La seconde séance sur site permet d'approfondir les connaissances acquises, de « concrétiser » sur le terrain l'observation du phénomène de la migration et de bien comprendre l'intérêt du suivi scientifique de la migration. Les ateliers proposés sur le site de suivi et la rencontre avec les spotteurs ont été particulièrement appréciés par les élèves. De plus, l'observation des oiseaux en train de migrer est un moment très fort pour les enfants qui repartent ravis de l'animation ! De plus, comme le site de suivi est situé sur la commune de Chevrier, plusieurs élèves ont fait part de leur souhait de retourner sur le site pour le faire découvrir à leurs parents. La migration est une thématique passionnante à aborder avec les scolaires ! C'est également une superbe entrée pour sensibiliser à minima les élèves, les enseignants et les parents accompagnateurs à la préservation de la biodiversité en générale.

La crise sanitaire liée à la Covid-19 a entraîné un accueil restreint du public sur le site, des mesures de distanciation sociale et un nombre d’animations restreint."
2020,species,avibase-7E9CC505,"Un aigle de grande taille est observé le 29 aout, les conditions d’observations n’ont pas permis de l’identifier de manière certaine, cependant les critères penchent en faveur d’un oiseau de type aigle impérial."
2020,species,avibase-2A16982E,"1 individu est observé le 8 octobre, à une date classique pour le passage de ces espèces, très rares en France. Néanmoins, les aigles de ce type sont annuels sur le site depuis 2013 à l’exception de la saison 2017."
2020,species,avibase-95DD1855,"3 oiseaux (2 mâles et 1 femelle) sont recensés entre le 23 septembre et le 3 octobre, à des dates classiques pour cette espèce qui est peu notée, en migration active, sur l’ensemble des sites de migration français."
2020,species,avibase-1327AC55,"Avec 93 oiseaux, du 4 aout au 14 octobre, 2020 reste très loin des années exceptionnelles de 2013 et 2017 (avec 163 et 162 individus) et se rapproche des années basses, mais reste similaire à l’année 2019 qui comptait 90 oiseaux . La saison 2020 a tout de même montré quelques belles journées avec 8 à 10 individus. Comme en 2019, la période la plus dense du passage s’est déroulée un peu plus tôt que la normale, avec 47 individus comptabilisés du 29 aout au 9 septembre, soit 51% des effectifs en 10 jours. Elle est plus précoce de 10 jours par rapport à la période théorique du « rush », ce qui semble se vérifier depuis quelques années . Il est à l’heure actuelle impossible de tirer une quelconque conclusion quant aux faibles effectifs observés cette année, le passage des balbuzards étant intimement lié à la météo annuelle."
2020,species,avibase-ED5A7E8F,"Cette année est légèrement en dessous de la moyenne pour le passage de la Bondrée apivore avec 4997 individus mais bien meilleur qu’en 2019 où seulement 1677 oiseaux étaient observés. Les premières bondrées sont notées dès le 2 août, puis le 17 aout avec deux individus à nouveau observés. A partir de cette date des migrateurs sont observés quasi-quotidiennement jusqu’au 24 septembre (sauf le 28 aout). Des individus sont observés occasionnellement le 26/09, le 02/10 et le 29/10 (date tardive pour l’espèce). Le pic de passage a lieu le 31 aout et le 1er septembre, avec respectivement 1227 et 1576 individus."
2020,species,avibase-F558C7F9,"Avec 16 individus, 2020 est l’une des plus mauvaises années enregistrées depuis 1993, où une quarantaine d’oiseaux sont comptés en moyenne (2012 fait exception avec 60 migrateurs, mais 22 d’entre eux passent après le 30 novembre et sont considérés comme des individus en mouvement de fuite hivernale, après la fin du suivi protocolé). Les oiseaux observés sont en majorité des mâles adultes."
2020,species,avibase-63B6412E,"Ce busard n'est représenté que par 13 individus, ce qui est dans la moyenne 1993-2017 (16 individus). Ce résultat contraste avec les effectifs très faibles des 4 dernières années."
2020,species,avibase-E2A19474,"Après une augmentation significative en 2017 (707 individus), les effectifs de ces 3 dernières années chutent sensiblement, avec 329 Busards des roseaux migrateurs en 2020 et 466 en 2019. Le passage s’est échelonné du 22 août au 3 novembre. Comme en 2019, le total maximal a été obtenu assez précocement, le 07 septembre, avec 20 individus. 13 journées ont vu passer entre 5 et 10 individus, et 11 journées de 10 à 17 oiseaux pour lesquels on note une grande disparité dans les dates de passage . La spécificité annuelle que constitue la présence très régulière de l’espèce aux environs du milieu du mois d’octobre n’est pas vérifiée cette année puisqu’à partir du 14/10 l’on ne compte pas plus de 3 oiseaux par jour. Comme il est de coutume, ce sont les mâles adultes qui ouvrent le bal avant de céder la place à une majorité de juvéniles et de femelles/types femelles aux environs de la mi-septembre. Malgré la belle saison 2017, les effectifs montrent une tendance à la baisse, même s’il est trop tôt pour établir une corrélation avec une potentielle diminution des populations ou autre cause ."
2020,species,avibase-22647E26,"2 oiseaux de 1ère année sont observés les 5 et 9 octobre. Il s’agit de la 6ème saison de présence sur la station pour cette espèce, de plus en plus commun sur les sites de migration Français."
2020,species,avibase-AEEF72BC,"12 individus sont passés, les conditions d’observation n’ont pas permis de trancher entre ces deux espèces extrêmement difficiles à différencier."
2020,species,avibase-3C0C325D,"8377 buses migratrices ont été dénombrées du 1er septembre au 20 novembre, c’est le chiffre le plus bas enregistré depuis 2007 (7496 individus). C’est également bien inférieur à celui de l’année précédente (13 241 individus). Moins de 10 individus sont observés par jour jusqu’au 18 septembre où 16 oiseaux sont dénombrés. Ensuite, les effectifs journaliers oscillent entre 1 et 2010 oiseaux, le 14 octobre qui constitue le pic de passage . La tendance globale depuis 2000 est à une très légère augmentation, bien que ces trois dernières années n’appuient pas ce résultat ."
2020,species,avibase-28825494,"Avec un effectif de 3472 individus, l’année 2020 est la meilleure saison réalisée dans l’histoire du suivi. Elle symbolise parfaitement l’augmentation constante des populations, mise en lumière depuis le début de la décennie, alors que moins de 600 individus étaient comptabilisés annuellement avant 2008 . Les deux premiers oiseaux sont vus le 29 juillet, puis deux autres le 2 aout. Il faudra attendre le 14 aout pour avoir des passages réguliers jusqu’au pic du 31 août, avec 817 individus. Il s’agit du record journalier sur le site, dépassant de loin le précédent record de 325 oiseaux le 16 aout 2019. Il s’agit donc d’une excellente année pour le Défilé de l’écluse. Il est toutefois possible que plusieurs groupes aient été ratés. En effet, les cigognes blanches passant loin à l’est, elles sont souvent difficiles à repérer, notamment en cas de mauvaise visibilité due aux brumes de chaleur et/ou lorsqu’elles passent sur fond de végétation du Salève. Ce nouveau record saisonnier fait écho à celui du Crêt des Roches avec 3277 individus sur la saison et un top jour de 1410 oiseaux le 1er septembre."
2020,species,avibase-E2817DAE,"A l’inverse des cigognes blanches, l’année 2020 est l’une des moins bonnes saisons pour la Cigogne noire, avec seulement 82 individus. Cet effectif s’inscrit dans la lignée des trois dernières années avec respectivement 121 et 115 oiseaux . Mais la thèse d’une diminution, sur ce site, nécessiterait confirmation au cours des années à venir. En effet, la détection des oiseaux peut parfois s’avérer délicate, dans cette grande sphère d’observation, sur fond de ciel bleu uni avec brumes de chaleur. De plus, en équipe restreinte d’observateurs, il n’est pas toujours aisé de détecter un individu isolé sur fond de végétation ou juste au-dessus du Jura, couloir majoritairement emprunté par l’espèce sur le site. Par ailleurs, les populations de cigogne noire augmentent, lentement mais régulièrement en France. La meilleure journée a été le 04 septembre avec 11 individus, c’est par ailleurs la seule journée dépassant les 10 individus sur cette saison."
2020,species,avibase-8372FFBA,"4 individus sont observés cette année. Ce nombre entre dans la moyenne saisonnière connue pour cette espèce, plutôt rare sur le site du Défilé de l’Ecluse. La sphère d’observation accueille, depuis plusieurs années, quelques oiseaux locaux le long du Jura et du Vuache."
2020,species,avibase-2DAB45B8,"413 individus ont été comptés sur la saison, ce qui est légèrement au-delà des 394 individus de la moyenne des années 1993-2017 mais bien plus bas que l'augmentation constatée depuis 2011 avec jusqu’à 1548 migrateurs en 2012 . En ce qui concerne la phénologie de l’espèce, la plupart des individus est passée essentiellement entre le 28 septembre et le 16 octobre avec 78,4% des effectifs. 4 journées comptent plus de 40 individus avec une journée à 59 individus le 10 octobre . Tout comme en 2019, il semble qu'il y ait un retard d'une dizaine de jours dans le passage de l'espèce par rapport aux années précédentes. Notons qu’au Crêt des roches, à l’inverse, 683 oiseaux ont été comptés constituant ainsi la meilleure année en termes de passage et les sites de Lizzarieta et Eyne dans les Pyrénées réalisent de bons chiffres avec 325 et 1107 oiseaux."
2020,species,avibase-E91E287A,"L'année 2020 fait suite à l’année 2019 (plus faible résultat de l’histoire du site avec 9 oiseaux) puisque seulement 19 individus ont été comptés. Ce chiffre revient dans la moyenne basse du site, mais est très largement en dessous de la moyenne globale du site qui est d’une cinquantaine d’oiseaux. Cette tendance ne se dessine pas sur les autres sites de suivi de migration postnuptiale."
2020,species,avibase-47E58408,3 individus sont dénombrés entre le 25 septembre et le 1 novembre. Cet effectif continue de confirmer l’augmentation du nombre de données de migrateurs actifs depuis la fin des années 2000 bien qu’il s’inscrive dans la moyenne basse du nombre de migrateurs depuis l’année 2010.
2020,species,avibase-F3DA111C,25 individus sont comptés du 30 septembre au 9 novembre. Cet effectif est bien en dessous de la moyenne de 41 individus pour les années 1993 à 2017.
2020,species,avibase-3DF5C587,"Avec 10 966 individus, répartis entre le 15 juillet et le 20 novembre, l’année 2020 est bien moins bonne que l’année 2019 qui faisait figure de record sur le site . C’est aussi la moins bonne année depuis 3 ans, mais cet effectif s’inscrit tout de même dans la tendance à la hausse des effectifs généraux de l’espèce observée ces dernières années. Cette évolution est constatée au travers d’autres inventaires, comme les comptages Wetlands (comptage oiseaux d’eau) par exemple. Du 15 juillet au 13 aout moins d’une dizaine d’individus est observée quotidiennement à l’exception de 4 journées oscillant entre 12 et 31 migrateurs. A partir du 16 août les effectis journaliers augmentent jusqu’au pic maximal de 807 individus noté le 9 octobre, à un jour près du pic de 2019. Ensuite l’espèce sera observée quasi-quotidiennement jusqu’au 20 novembre avec des effectifs allant de 6 à 560 migrateurs."
2020,species,avibase-49D9148A,"Les 190 oiseaux répertoriés, entre le 1er aout et le 11 novembre ne confirment pas l’augmentation de ces trois dernières années mais constituent tout de même l’une des 10 meilleures saisons avec un effectif quasiment égal à l’année 2017 avec 188 individus . Le protocole de comptage mené du lever au coucher du soleil depuis qu’une présence salariée est assurée permet d’expliquer cette augmentation générale. Les fluctuations interannuelles dépendent essentiellement des conditions météorologiques. Les effectifs journaliers sont très faibles et sporadiques jusqu’au 16 septembre (4 individus), avec un pic à 28 individus le 14 octobre. Un creux est constaté du 14 au 25 octobre puis quelques individus (de 1 à 7) passent jusqu’au 11 novembre . Globalement, cette nette hausse des effectifs, depuis le début des années 2000, s’observe également dans d’autres types d’inventaires (Comptages Wetlands entre autres), mais aussi de manière ponctuelle, avec notamment une croissance des données estivales en Haute-Savoie au cours de cette période."
2020,species,avibase-99B8841E,"380 individus ont été dénombrés sur cette saison 2020, ce qui est bien en dessous des 1301 oiseaux comptés en 2019. Ce chiffre est tout de même au-dessus de la moyenne des oiseaux observés depuis 1993 qui est de 204. Les 1ers oiseaux sont observés les 25 et 29 octobre puis régulièrement jusqu’au 8 novembre. Un dernier passage important est observé bien plus tard, le 19 novembre, avec 102 individus. Le meilleur effectif journalier est obtenu le 06 novembre avec 134 oiseaux, ce qui est bien plus bas que les 790 oiseaux du 17 novembre 2019 . Cet effectif ne conforte pas l’augmentation observée sur les sites de suivis de migration et au niveau des populations nicheuses, comme en atteste le chiffre de 57 808 oiseaux observés à Lizzarieta en 2020."
2020,species,avibase-66AA3934,"En 2020 643 individus ont été comptés, ce qui est plus bas que le record de 2019 avec 822 oiseaux mais constitue tout de même la 2° meilleure année pour le site. On observe un pic maximal de 275 individus, le 12 septembre et une autre belle journée à 195 oiseaux le 06 septembre, ce sont les 2° et 3° plus belles journées pour l’espèce sur le site . Ce résultat et celui des années précédentes conforte largement la tendance à l’augmentation de l’espèce et confirme que les populations nicheuses tendent à s’étendre, de plus en plus, vers le Nord. De plus le site voisin du Crêt des Roches réalise son record de 863 individus ce qui vient renforcer cette hypothèse."
2020,species,avibase-6429024D,"Pour cette espèce, l’année est mauvaise avec seulement 590 oiseaux comptés, bien en dessous de l’année 2019 avec 1574 oiseaux. Les effectifs de l’année 2020 sont même en dessous de la moyenne du site qui est de 719 individus et donc non représentatifs de l’évolution des effectifs au niveau national . La période de passage s’étale du 14 aout au 19 octobre, avec un petit sursaut d’activité début novembre. Le pic de passage semble être centré sur le mois de septembre avec un petit regain d’activité en octobre. Les 18 septembre constitue la plus belle journée avec 89 individus, seules deux autres journées dépassent les 40 oiseaux (7/09 et 1/10) ."
2020,species,avibase-06D9A2C8,"Du 15 juillet au 01 septembre 6596 Milans noirs ont été recensés en 2020, ce qui est largement plus faible que l’année 2019 (8491) et pas représentatif de l’augmentation observée depuis plus d’une décennie sur l’ensemble des sites de migration et au niveau des populations européennes. . La majorité du passage est compris entre le 23 juillet et le 18 août avec la plus grosse journée à 638 oiseaux le 2 août, bien loin derrière les pics habituels compris habituellement entre 1000 et 2000 individus. La période de passage semble s’étendre ces dernières années et finir plus tard en aout. Une mention particulièrement tardive est enregistrée le 1er novembre après celle de 3 individus observés à la mi-octobre ."
2020,species,avibase-451D6FC8,"Avec 11 862 individus dénombrés entre le 29 juillet et le 20 novembre, les effectifs de 2020 atteignent la moyenne haute depuis 2010 et constituent la troisième meilleure année depuis le début du suivi . Ce chiffre confirme l’augmentation des effectifs globaux à l’échelle européenne. Cela est d’autant plus encourageant puisque les chiffres du Crêt des Roches (site situé au nord du Jura) atteignent les 10 000 oiseaux. En additionnant les chiffres des deux sites, cette saison 2020 a vu passer plus de 22 000 individus par le couloir « Alpo-Jurassien ». Sur le site, on observe un passage assez régulier de 110 à 700 oiseaux par jour, entre le 28 septembre et le 15 octobre avec un pic de 2112 individus le 14 octobre, qui est le record journalier du site, devant celui de 1822 oiseaux le 6 octobre 2016 . Il s’agit également du record Français et probablement mondial pour l’espèce en migration. Le passage continuera jusqu’au 20 novembre de manière continue avec des journées à minimum 23 individus allant jusqu’à 237, et encore 29 individus dénombrés le 20 novembre."
2020,species,avibase-68E4C0D1,"Avec 26 345 pigeons, l’effectif 2020 est plus faible que ceux de 2018 et 2019 qui totalisait entre 40 000 et 65 000 individus. Sur les 25 963 qui ont pu être déterminés, 23 321 sont des pigeons ramiers et 2642 des pigeons colombins. On observe un pic de passage autour de la mi-octobre qui comptabilisent l’essentiel des effectifs de pigeons ramiers, ce qui semble habituel pour la phénologie de l’espèce, au regard des années passées . Si l’on compare les effectifs de pigeons ramiers de 2020 avec ceux des années précédentes, notamment celles de 2017 et 2018, la saison est très mauvaise, comme en 2019. Outre les considérations de différences de comptage, les effectifs totaux de pigeons confirment, à nouveau cette année, la diminution sur le long terme au Défilé, bien qu’un passage important ait été constaté de l’autre côté du Jura, au Crêt des Roches, ou pas moins de 763 170 oiseaux ont été comptés. Il est facilement envisageable que les populations du nord-est de l’Europe, hivernant essentiellement dans le sud-ouest de la France et en Espagne, aient emprunté majoritairement cette « voie » de migration, de l’autre côté du Jura."
2020,species,avibase-760F307A,"Avec 26 345 pigeons, l’effectif 2020 est plus faible que ceux de 2018 et 2019 qui totalisait entre 40 000 et 65 000 individus. Sur les 25 963 qui ont pu être déterminés, 23 321 sont des pigeons ramiers et 2642 des pigeons colombins. On observe un pic de passage autour de la mi-octobre qui comptabilisent l’essentiel des effectifs de pigeons ramiers, ce qui semble habituel pour la phénologie de l’espèce, au regard des années passées . Si l’on compare les effectifs de pigeons ramiers de 2020 avec ceux des années précédentes, notamment celles de 2017 et 2018, la saison est très mauvaise, comme en 2019. Outre les considérations de différences de comptage, les effectifs totaux de pigeons confirment, à nouveau cette année, la diminution sur le long terme au Défilé, bien qu’un passage important ait été constaté de l’autre côté du Jura, au Crêt des Roches, ou pas moins de 763 170 oiseaux ont été comptés. Il est facilement envisageable que les populations du nord-est de l’Europe, hivernant essentiellement dans le sud-ouest de la France et en Espagne, aient emprunté majoritairement cette « voie » de migration, de l’autre côté du Jura."
2020,species,avibase-97C47F3E,"2 individus sont observés en 2020, le 29 juillet et le 21 septembre. Il s’agit seulement de la 4° et 5° mention sur le site ! Elles font suite à l’année 2017 où étaient comptés deux individus et l’année 2016 où 1 seul individu avait été observé. L’augmentation de la fréquence de ces observations fait écho à la progression remarquable de l’espèce au niveau national, dont l’année 2020 fut particulièrement prolifique avec des couples trouvés en Bretagne, Pas-de-calais, Isère, Ardèche…"
2020,species,avibase-DB376A66,"Avec seulement 578 oiseaux, cette saison 2020 poursuit la diminution déjà constatée depuis 2013, après plusieurs saisons entre 2014 et 2017 où les effectifs se stabilisaient entre 1300 et 1500 individus. Il s’agit du pire effectif depuis 2001. Les passages se sont effectués entre le 16 août et le 20 novembre, avec un pic de 97 individus le 14 octobre . Ce pic de passage coïncide avec celui de l’année 2019 (16 octobre) et ses 110 migrateurs. Après de longues années de croissance, jusqu’à atteindre un pic en 2013 avec plus de 2500 individus, les effectifs d’éperviers chutent de manière significative depuis 6 ans au travers de deux blocs . Un premier dans la tranche des 1300-1500 individus saisonniers, entre 2014 et 2017, et un deuxième depuis 2018 dans la tranche des 1000-1100 oiseaux saisonniers. Notons toutefois que la détection des éperviers peut être fortement influencée par les conditions météorologiques. En effet, ces oiseaux se déplacent en vol battu très rapide. Un vent de nord-est, à l’avantage des spotteurs, permet d’améliorer leur détection, mais à l’inverse, un vent de sud-est peut nettement la compliquer car les oiseaux passent loin à l’est."
2021,site,background,"La LPO tient à remercier tout particulièrement la Station Ornithologique Suisse, le Conseil Départemental de Haute-Savoie et le Groupe Ornithologique du Bassin Genevois sans lesquels le suivi 2021 n’aurait pu avoir lieu.

Le site du défilé du Fort l’Écluse (ou Défilé de l’Écluse) fut mis en évidence en 1947 (J. BURNIER, P. CHARVOZ, P. GEROUDET, R. HAINARD, C. VAUCHER et al.) pour ses passages spectaculaires de pigeons et de corvidés. Par la suite, P. CHARVOZ et J.D. FONTOLLIET consacrèrent une grande partie de leur temps libre à l’observation de la migration sur ce site privilégié. La première synthèse qui fut l’œuvre du Groupe des Jeunes de Nos Oiseaux, section Genève (G. MÜLHAUSER, T. SCHMID, A. SCHUBERT ET C. VICARI) porte sur une permanence journalière du 13 août au 30 octobre 1983. Puis c’est en 1992, après 75 jours d’observation continue et le dénombrement de plus de 11000 rapaces, qu’il est envisagé de mettre en place un suivi permanent dès l’année suivante, associant les Suisses de Nos Oiseaux (P. CHARVOZ, M. MAIRE ET AL.) et les Français du Groupe Ornithologique Haut Savoyard, future LPO Haute-Savoie (J-P. MATERAC ET AL.). De 1993 à 2007, le suivi a été assuré au minimum de mi-juillet à fin novembre et ce, tous les jours durant lesquels les conditions météorologiques le permettaient. À la fin de la saison 2007, le DR. CHARVOZ ayant exprimé son impossibilité à assurer une saison supplémentaire, la LPO Haute-Savoie a formulé une demande au collectif « Tête en l’air », avec pour objet, la mise en place d’une permanence salariée durant quatre mois afin de poursuivre le suivi de la migration postnuptiale sur ce site remarquable. Entre 2008 et 2016, le suivi est donc assuré par un seul salarié, puis par 2 professionnels depuis 2017, les spotteurs étant aidés par les bénévoles.

« Longtemps, l’acquisition de connaissances sur les migrations d’oiseaux n’a pu se faire que par l’observation directe. Malgré le développement d’autres techniques de suivis (baguage, pose de balises, radar), l’identification et le comptage des migrateurs en des points de passage stratégiques demeurent une méthode indispensable et pertinente, dans la mesure où, comme pour tout échantillonnage, les suivis sont réalisés dans les mêmes conditions d’une année à l’autre (protocole stable), et sur une longue période (au moins dix ans). Alors qu’il reste encore à découvrir de nombreux aspects mal connus de la vie des oiseaux migrateurs, la connaissance apportée par les suivis constitue une base solide sur laquelle repose toute évaluation patrimoniale. Les données engrangées durant les nombreuses heures d’observation apportent des informations essentielles sur le déroulement de l’activité migratoire. Les effectifs dénombrés selon un protocole standardisé sur chaque site permettent de mesurer la chronologie de la migration et son évolution dans le temps. Ils offrent aussi la possibilité de produire des indicateurs de la dynamique des populations d’oiseaux. L’évolution du nombre d’oiseaux observés sur un site en migration active est le plus souvent corrélée à la taille de la population de laquelle ils sont issus. La combinaison de tels indicateurs provenant d’un réseau de sites offre une meilleure précision dans le calcul des tendances des effectifs et de l’évaluation de l’état de santé des espèces suivies. Ces conditions remplies, les données recueillies permettent d’évaluer l’état de santé des oiseaux migrateurs en comparant l’évolution des effectifs. Ainsi le suivi de la migration à Organbidexka, qui est conduit depuis plus de trente ans, a permis de mesurer le déclin des populations ouest européennes de Milan royal et a conduit à l’élaboration d’un plan national de restauration de l’espèce ».

Source : Mission Migration France.

Extrait de « CHARVOZ & AL. 1996 » « Le défilé du Fort l’Écluse est pratiquement la sortie naturelle du Plateau suisse en direction du sud-ouest. Cet « entonnoir » géographique provoque une concentration des migrateurs en ce point, la crête du Jura paraissant les guider, surtout lorsque le plafond nuageux est bas. En effet, c’est dans cette région que la chaîne principale du Jura devient de plus en plus élevée (Le Reculet, 1717 m) et s’oriente au sud. De l’autre côté du défilé du Fort l’Écluse, au fond duquel coule le Rhône, ce plissement se termine par le Vuache (altitude comprise entre 890 et 1101 m), qui mesure une dizaine de kilomètre de long. A l’est, le Salève (altitude : 1200-1375 m) et, bien au-delà, les Préalpes savoyardes influencent aussi le passage.

Le passage dans le défilé lui-même (altitude 343 m au Pont Carnot) est loin d’être la règle générale. En effet, un grand nombre de migrateurs ne transitent pas par le défilé mais passent à l’est, parfois très loin, puis franchissent le Mont Sion ou le Vuache. D’autres individus, surtout par temps clair, franchissent la chaîne du Jura en amont du Crêt d’Eau (1621 m). » Le site du Fort l’Écluse a été parfois utilisé jusqu’au début des années 90 et en particulier lors de l’étude de 1983, mais le suivi le plus régulier a toujours été effectué depuis la commune de Chevrier, à environ 800 m à l’ouest du point actuel. Bien que beaucoup moins d’oiseaux soient décomptés au Fort, il s’agit certainement du meilleur endroit pour l’observation rapprochée des migrateurs qui transitent par le défilé. Le site de Champ Vautier a été choisi au cours de la saison 1992, quand nous nous sommes aperçus que de très nombreux oiseaux passaient loin à l’est et n’étaient pas visibles depuis le point de suivi situé à l’ouest. De plus les arbres ayant poussé autour de celui-ci, le repérage des oiseaux devenait problématique."
2021,monitoring,methods,"Field protocol:

Le site d’observation se trouve au pied nord-est du massif du Vuache, sur la rive gauche du Rhône, entre le fleuve et le village de Chevrier, à une altitude de 400 mètres. Le lieu même de suivi se trouve entre les lieux dits Champ Vautier et Rogy le long de la voie SNCF. Cette position offre les meilleures conditions de visibilité à la fois sur la chaîne du Jura au nord et en direction du massif du Salève à l’est. Les observations sont effectuées au minimum et si les conditions le permettent, de 10h à 17h en été (GMT + 2), mais souvent jusqu’à 19h30, et de 9h à 16h en automne (GMT + 1), mais presque chaque jour du lever au coucher du jour. La sphère d’observation est balayée systématiquement et en permanence avec des jumelles (7×50 et 10×40) afin de repérer les groupes ou individus isolés. La longue vue (38×82 et 20-60×80) n’est utilisée que pour l’identification et le dénombrement et en aucun cas pour le repérage. Les individus de chaque espèce en migration active sont identifiés, comptés et leur nombre (plus l’âge et le sexe s’il y a lieu) est saisi directement sur tablette par les spotteurs ou reporté par heure sur une fiche de suivi conçue à cet effet pour les bénévoles. Les rapaces et grands oiseaux (ciconiiformes, cormorans) constituent la cible principale du suivi et sont en conséquence dénombrés à l’unité. Les pigeons font l’objet d’une estimation par groupes. Toutes les autres espèces en migration active sont, dans la mesure du possible, identifiées. Leur dénombrement fait l’objet, selon les cas, de comptages unitaires ou d’estimations par tranches de 30 minutes (hirondelles, passereaux). En cas de fort passage de rapaces, une première estimation de l’effectif est effectuée, au loin, lors du repérage aux jumelles. Ensuite, le déplacement du groupe est suivi, puis compté au moment du passage, au plus près des observateurs. Un suivi horaire des conditions météorologiques est effectué, en parallèle au comptage, par le responsable du suivi. Il consiste à relever 6 critères définis préalablement : couverture nuageuse, type de nuage, type de précipitation et intensité, direction et force du vent, visibilité. Deux salariés de la LPO Auvergne Rhône-Alpes, en poste à la délégation Haute-Savoie, sont responsables, en alternance, du suivi chaque jour de la semaine, y compris les samedis, dimanches et jours fériés, du 18 juillet au 18 novembre. Ils sont aidés quasiment chaque jour, par un ou plusieurs bénévoles. Cette année, le suivi a été prolongé jusqu’au 20 Novembre par les salariés pour poursuivre la méthodologie entreprise par les bénévoles.

Data processing and analysis:

L’ensemble des observations a été saisi dans la base de données en ligne de la LPO 74, au fur et à mesure du passage, grâce à un téléphone, et transmis, chaque jour, à la Mission migration de la LPO France (migraction.net) ainsi que sur un site de partage d'observations regroupant plusieurs pays du monde entier (Trektellen.org). Afin de ne pas surcharger le présent rapport et par souci de lisibilité, seuls les rapaces et les espèces dont les effectifs le permettent font l’objet d’un histogramme et d’une description. Dans l’objectif de faire ressortir des éléments déterminants et comparables de la migration, une rapide analyse est effectuée, à l’aide d’un histogramme présentant les résultats journaliers pour les espèces les plus représentatives. Pour les 7 espèces de rapaces cibles principales du suivi, représentant plus de 99,3 % de l’effectif total de ce groupe, et le Balbuzard pêcheur, un graphique reprend les effectifs saisonniers et indices annuels sur une période similaire (du 18 juillet au 18 novembre) de 1993 à 2021. L’indice annuel est calculé à partir d’indices journaliers pondérant les effectifs journaliers avec le temps de suivi journalier. Cette pondération, ainsi que l’utilisation des données acquises dans une période équivalente chaque année, permet de gommer en partie les effets de la variation de pression d’observation. Cela permet également de produire une courbe de tendance (régression polynomiale cubique) plus fiable que la simple utilisation de l’effectif brut annuel. Pour des raisons de temps, il n’a pas été possible d’exploiter les relevés météorologiques journaliers."
2021,monitoring,effort,"La migration visible a été suivie du 18 juillet au 20 novembre 2021. Les 125 jours de cette période ont bénéficié d’un suivi sur la journée complète ou non selon les conditions météorologiques, parfois peu favorables. Ces 125 jours totalisent 1230 heures d’observation soit une moyenne d’environ 9,84 heures par jour. Pour des raisons de fiabilité et de logique, les résultats sont analysés sur la période du 18 juillet au 18 novembre.

Ce sont ainsi 139 Bénévoles qui se sont relayés au cours de la saison, un grand merci à eux !

Pour la saison 2021, la LPO Haute-Savoie a assuré une présence quotidienne avec au moins un ornithologue durant les quatre mois que dure la migration postnuptiale c'est-à-dire du 18 juillet au 20 novembre. De même que l’année passée, les financements apportés par les partenaires ont permis de recruter deux « spotteurs » à plein temps et ainsi assurer une présence salariée permanente 7 jours sur 7.

C’est donc depuis Champ Vautier que la majorité des observations de 2019 a été réalisée. Les sites de Vulbens (74), Dingy-en-Vuache (74), Cessens (74) et Collonges (01) ne sont utilisés qu’en cas de brouillard et/ou stratus persistants."
2021,results,overview,"Cette année 2021 a vu passer 60 467 rapaces au cours de la période protocolée, il s'agit de la deuxième année comptabilisant plus de 60 000 rapaces, après l'année de tous les records de 2012. Ces 60 467 rapaces concernent 18 espèces et 143 rapaces n'ont pu être déterminés avec exactitude . On note 1 journée sans rapace (dont 1 sans comptage), 9 journées avec moins de 10 individus comptabilisés et quelques journées avec des effectifs faibles (10 à 30 individus). Toutes les journées, sauf une, ont bénéficié d’un suivi, malgré des conditions météorologiques parfois très défavorables. 12 journées ont vu passer de 500 à 1000 rapaces, 19 journées en totalisent 1000 à 2000, 2 journées dépassent les 2000 individus et 1 journée atteint le chiffre de 7 286 rapaces. Deux journées se démarquent particulièrement, celle du 8 août où 7 286 Milans noirs ont traversé la sphère d'observation, et plus classiquement celle du 10 octobre avec un total de 3 243 rapaces dénombrés. Il s’agit notamment du pic de passage pour la Buse variable avec 1928 individus et du Milan royal avec 1230 individus (max le 30/09 avec 1463 individus). Parmi ces 18 espèces, les 7 majoritairement représentées comptabilisent, à elles seules, 99,3% de l’effectif total des rapaces dénombrés . Les 5 principales espèces, dans l’ordre décroissant des effectifs, sont la Buse variable, en première position, totalisant 31,3%, le Milan royal avec 29,6%, le Milan noir avec 27,2% et la Bondrée apivore avec 7,1%. Viennent ensuite 3 espèces aux effectifs nettement inférieurs : l’Epervier d’Europe avec 2,0%, le Faucon crécerelle avec 1,3% et enfin le Busard des roseaux avec 0,9% du total observé."
2021,results,highlights,"Hors rapaces, 93 espèces ont été contactées et identifiées en migration active . Avec 15 748 migrateurs comptabilisés cette année, les effectifs du Grand Cormoran sont remontés dans la moyenne haute de ces dernières années. La tendance à l'augmentation se confirme puisque plus de 10 000 oiseaux sont observés chaque année depuis 2013, hormis les années 2015 et 2016 qui ont été très faibles. L’effectif total de 536 Grues cendrées est au-dessus du chiffre de l’année dernière (380) mais reste bien en dessous du record saisonnier établi en 2018 avec 1 652 individus. Cette saison, comme en 2020, n’est pas représentative de la croissance des effectifs mise en évidence surtout depuis le début des années 2010. En revanche, les pigeons (trois espèces confondues) ont effectué une saison que le défilé n'avait pas vu depuis longtemps, avec plus de 125 000 individus. Cette saison ne reflète pas la baisse des effectifs observées depuis le milieu des années 70, alors que 50 000 à 280 000 oiseaux étaient comptés annuellement entre 1966 et 1975. Autre espèce marquante en 2021, le Geai des chênes est passé en nombre cette année. Ce sont plus précisément 1891 de ces corvidés qui sont passés par le défilé de l'écluse, illustrant bien le phénomène ""d'invasion/irruption"" propres à certaines espèces de migrateurs partiels. Il s'agit d'un record pour le site. La Grive musicienne s'est également fait remarquer avec plus de 5202 individus. Mais lors de plusieurs journées les effectifs totaux n’ont pu être comptés faute d’un nombre suffisant d'observateurs. Il s'agit donc d'un minimum.

Cette année 2021 est excellente pour les pigeons, dans le contexte de diminution des dernières années, puisque ce sont 77 022 Pigeons ramiers, 2 241 Pigeons colombins et 46 632 Pigeons indéterminés, soit 125 895 pigeons toutes espèces confondues qui sont passés au Défilé de l'Ecluse. En revanche, il ne s'agit pas d'une bonne année pour le Pigeon colombin, puisque les 2241 oiseaux ne représentent que 1,8 % du total. Pour cette espèce, dont les dates de passage sont plus précoces que pour le Pigeon ramier, le passage s'étale du 20 août au 04 novembre, avec un pic de 409 individus le 8 septembre.

Pour le Pigeon ramier et les pigeons indéterminés, les premiers migrateurs ont été notés le 17 septembre et ce jusqu'au 14 novembre. On observe plusieurs pics de passage autour de la mi-octobre. Ils concentrent l’essentiel des effectifs, ce qui est habituel pour la phénologie de l’espèce. Les meilleurs jours ont été les 8, 9, et 10 octobre, avec plus de 25 000 oiseaux par jour, dont 37 061 pigeons, toutes espèces confondues, le 10 octobre, soit, en une seule journée, plus que le total pigeon de l'année 2019 .

La méthode d’identification employée cette année, comme en 2019, influence fortement les proportions de ces deux ""espèces"" sur l'effectif total. En effet, la prudence des spotteurs les a régulièrement incités à considérer les individus comme indéterminés au lieu de différencier l’espèce avec certitude à cause des conditions d’observation, trop souvent mauvaises cette année. Ainsi, on relève, cette année, 46 632 pigeons indéterminés, correspondant à 37% du total des pigeons, contre 2 768 en 2018, qui représentaient 4,3% du total. A première vue les résultats semblent infirmer la théorie de diminution des effectifs sur le long terme au Défilé, or, de l'autre côté du Jura, seuls 428 115 oiseaux ont été comptés au Crêt des roches. Il semblerait que le passage des migrateurs ait fortement été influencé par les vents, ce qui les auraient poussés à emprunter davantage cette voie de migration que celle longeant l'autre côté du Jura.

Cette saison 2021 a été marquée par de gros effectifs pour plusieurs espèces, en particulier pour les rapaces, excepté pour la Bondrée apivore puisque lors des dates de passage les conditions météorologiques étaient très mauvaises pour cette espèce.

Un autre phénomène qui a marqué la saison sont les mouvements éruptifs de mésanges mais surtout de Geais des chênes. Contrairement à leur phénologie habituelle, ce sont les geais qui sont apparus les premiers, dès le 7 septembre. L’effectif saisonnier de 1895 oiseaux constitue un nouveau record, pour cette espèce sur le site. Le pic de passage pour l'espèce s'est produit les 24 et 25 septembre Les mésanges quant à elles, même si l'on est certains qu'il s'agit d'une année d'irruption au regard des comportements observés ainsi que des résultats obtenus sur les autres sites, n'ont pas atteint des effectifs faramineux. En effet, ce sont 463 Mésanges bleues, 216 Mésanges charbonnières, 12 Mésanges noires et 35 Mésanges indéterminées qui ont été observées en migration. Ces chiffres sont bien en-dessous de ceux des années 2019 ou 2017 par exemple, mais peuvent être expliqués en partie par les conditions de passage des passereaux à ces dates. Le flux de passereaux semblait être concentré sur les contreforts du Jura, ce qui les rendaient visibles uniquement à la longue-vue, soit hors protocole et impossibles à compter lors de passage intensif de rapaces. L’ensemble de ces chiffres est cependant à relativiser en fonction de la méthodologie annuelle de relevé pour le groupe des passereaux. Ainsi, depuis 1992, toutes les saisons n’ont pas été inventoriées de la même manière, pour l’ensemble des espèces citées plus haut, sauf pour le Geai des chênes."
2021,results,discussion,"Grâce à l’implication des salariés et de près de 150 bénévoles, cette saison de suivi a permis de comptabiliser 380 020 oiseaux dont 60 468 rapaces. 128 jours de suivi totalisant 1237 heures de présence ont été nécessaires pour récolter l’ensemble des données. La LPO Haute-Savoie remercie l’ensemble des observateurs. Qu’ils aient aidé durant 1 h, 1 jour ou 1 semaine, leur aide précieuse a été indispensable.

Avec un peu plus de 60 000 rapaces, 2021 est la deuxième meilleure année depuis le début du suivi, et bien meilleure que celle de 2020 qui ne comptabilisait ""que"" 33 498 rapaces. Les espèces marquantes de la saison sont sans aucun doute les deux espèces de milans, qui ont vu leurs effectifs s'envoler littéralement. Les Milans royaux signent la meilleure saison jamais enregistrée, avec 18 230 individus en prenant en compte les observations de décembre. L'année est exceptionnelle pour l'espèce sur l'intégralité des sites de suivi de migration en France. Le Défilé de l’Écluse reste le principal site de migration européen de l’espèce. Les Milans noirs ne sont pas en reste avec pas moins de 16 418 migrateurs, dont une journée exceptionnelle à 7283 oiseaux, un record pour le site mais aussi pour la région. La Buse variable reste le rapace migrateur le plus abondant au Défilé de l’Ecluse. Avec plus de 19 039 individus, l'année 2021 s'inscrit dans les 5 meilleures années pour l'espèce. A l’inverse de la tendance observée lors des années 2010-2017, avec une moyenne de 600 individus, l’effectif saisonnier de 544 busards des roseaux confirme la baisse des effectifs, même si le résultat est bien meilleur que les 326 oiseaux de l'année passée. Le constat est semblable pour le Balbuzard pêcheur, avec un total saisonnier de 97 individus, néanmoins stable sur les 4 dernières années, mais bien loin de celles totalisant jusqu'à 160 individus. C'est le contraire pour le Faucon crécerelle avec une remontée significative du total saisonnier par rapport à l’année précédente avec 757 individus cette année contre 452 en 2020. Ce nombre reste cependant très éloigné de celui des belles années 2011-2013 et 2017, quand, entre 800 et 1500 individus traversaient la sphère du Défilé. Le Faucon émerillon reste dans la moyenne de ces 30 dernières années puisque ce sont 28 oiseaux qui sont comptés en 2021. Les effectifs du Busard Saint-Martin sont fluctuants mais se maintiennent dans la moyenne avec 28 migrateurs cette saison. Le Busard cendré quant à lui ne cesse de dégringoler, en dépit de l'excellente année réalisée en 2014, ce sont seulement 4 individus qui sont comptés cette année, et un qui n'est pas passé par le défilé. Le passage de ce rapace dépend énormément des conditions climatiques mais la baisse observée sur la majorité des sites de migration fait écho à l'état de conservation défavorable de l'espèce. Avec 1239 oiseaux, les effectifs de l’Épervier d’Europe remontent un peu après 5 années de baisse. Les Cigognes blanches et Cigognes noires montrent des effectifs toujours encourageants, avec respectivement plus de 4388 et 114 individus, corrélés avec la bonne santé des populations. Cette saison établit même un nouveau record pour la Cigogne blanche ! Avec 15 750 migrateurs, le Grand Cormoran voit ses effectifs augmenter, suite aux mauvaises années de 2018 et 2020 qui dépassaient à peine les 10 000 individus. Un nouveau record journalier est établi avec 1710 oiseaux le 24 octobre 2021. Là aussi, les chiffres en constante augmentation sont à mettre en lien avec l'augmentation observée sur les autres comptages (Wetlands par exemple). Avec plus de 125 000 oiseaux, toutes espèces confondues, les pigeons réalisent une excellente année comme l'on n'en avait pas vu depuis longtemps au Défilé. Ces chiffres ont pu rappeler, dans une moindre mesure, à quelques habitués les années maintenant lointaines au cours desquelles les passages étaient beaucoup plus importants. Les observateurs présents à cette période ont pu admirer le spectacle des immenses boules compactes surgissant devant la chaîne du Jura, même si l'on reste loin des longs rubans de pigeons qui se déroulaient dans le Défilé dans les années 90. Il est toutefois important de noter que ce passage exceptionnel est certainement le fruit de vents dominants ayant poussé les oiseaux de ce côté de la chaîne montagneuse, à la défaveur de nos amis du Crêt des roches.

Le Défilé de l'Ecluse aura une nouvelle fois montré son importance pour le suivi de certaines espèces comme le Milan royal et la Buse variable. Fort de plus de 60 ans de suivi, avec plus au moins d'assiduité, et d'un protocole appliqué avec sérieux depuis 30 ans, le Défilé constitue un sérieux outil d'analyse de la migration des rapaces et d'autres espèces phares comme la Cigogne blanche, complémentaire des suivis de populations nicheuse."
2021,outreach,activities,"Le 18 septembre était organisée une journée de partage et d'échanges sur le site de suivi, à l'attention des partenaires et financeurs principaux, le Groupe Ornithologique du Bassin Genevois ainsi que la Station Ornithologique Suisse. Des bénévoles, dont l'ancien président de la LPO Haute-Savoie, Jean-Pierre Matérac, ont pu retracer l'historique du site et échanger sur les résultats obtenus depuis le début du suivi. Ce sont plus d'une trentaine de personnes qui ont pu admirer ce jour-là le spectacle de la migration puisque 1062 rapaces ont décidé de passer ce jour-là. La LPO tient à remercier tous les participants pour ce moment de partage et de convivialité !

Comme chaque année à l'occasion de l'EuroBirdwatch (journées européennes de la migration), un évènement était organisé pour permettre à qui le souhaite de découvrir le phénomène de la migration. Il s'agissait du week-end du 2 et 3 octobre, malheureusement la météo a été exécrable et l'évènement annulé au dernier moment.

Les membres de la ""formation ornitho"" de la LPO Délégation Territoriale 74 ont également effectué quelques sessions formation à la migration grâce à leur formateur et avec l'appui des salariés."
2021,species,avibase-95DD1855,"1 oiseau est noté comme ""erratique "" le 8 septembre."
2021,species,avibase-1327AC55,"Avec 98 oiseaux, répartis du 23 juillet au 17 octobre, le saison 2021 reste stable parmi les 4 dernières. Elle reste tout de même largement derrière les années record de 2013 et 2017 avec plus de 160 oiseaux . Le premier Balbuzard a été observé assez tôt à savoir le 23 juillet, le dernier a, quant à lui, été vu le 17 octobre. Contrairement aux deux années précédentes, la période de ""rush"" est arrivée aux dates habituelles, entre le 12 septembre et le 21 septembre, avec un pic de 9 individus le 21 septembre ."
2021,species,avibase-ED5A7E8F,"Comme en 2020, les conditions météorologiques n'étaient pas favorables à l'observation de la Bondrée apivore en 2021. Les chiffres sont relativement similaires avec 4318 individus pour 4997 en 2020, mais bien en dessous du record de 10 279 en 2014. Une première bondrée est comptée le 23 juillet, puis le 31 juillet. Il faudra attendre le 15 août pour que l'espèce soit observée quasi-quotidiennement jusqu’au 23 septembre. Un individu tardif sera observé le 1er octobre, ce qui reste relativement commun. Le pic de passage a lieu entre le 26 août et le 04 septembre, les journées comptant le plus d'individus sont le 27 août (816 individus) et le 1er septembre avec 1646 individus."
2021,species,avibase-F558C7F9,"Avec 27 individus, 2021 remonte un petit peu par rapport aux dernières années, mais reste loin derrière la moyenne des années 1990, avec au minimum 4 individus, une moyenne à 60 et un record à 102. La baisse continuelle des effectifs de busard est à mettre en corrélation avec les chutes des populations."
2021,species,avibase-63B6412E,"Seuls 4 busards cendrés sont passés en 2021 (plus un ""type femelle"" étant finalement passée de l'autre côté du Jura), il s'agit de la pire année depuis le début du suivi salarié. Les effectifs de busards passant en migration sont très fluctuants et dépendent fortement des vents dominants mais la tendance générale est à la baisse, tout comme pour les populations nicheuses."
2021,species,avibase-E2A19474,"Ce sont 543 Busards des roseaux qui sont passés par le défilé de l'écluse en 2021, ce qui est bien au-dessus des 326 de 2020, mais en dessous des 600 oiseaux minimums des années 2010 à 2015. Le passage s’est échelonné entre le 6 août et le 31 octobre, avec une donnée très tardive et hors protocole le 19 novembre. Comme en 2019 et 2020, le total maximal a été obtenu assez précocement, le 1er septembre, avec 48 individus, ce qui constitue la 7ème meilleure journée du site pour l'espèce . La spécificité du site que constitue la présence très régulière de l’espèce aux environs du milieu du mois d’octobre est une fois de plus vérifiée cette année puisque l’on compte des migrateurs jusqu'à la fin du mois. Malgré plusieurs belles saisons dans les années 2010, les effectifs montrent une tendance à la baisse, ce qui pourrait avoir un lien avec la diminution des populations à l’échelle européenne ."
2021,species,avibase-22647E26,"3 oiseaux seront passés cette année : 1 mâle adulte le 17 septembre, un mâle de 2ème année le 22 septembre et une juvénile le 6 octobre, un beau panel de plumage et des observations qui ont ravi les ornithologues présents ! Il s’agit de la 7ème saison de présence sur la station pour cette espèce, de plus en plus commun sur les sites de migration Français."
2021,species,avibase-3C0C325D,"18 896 buses migratrices ont été dénombrées entre le 24 août et le 18 novembre, et 19 039 en comptant des observations ponctuelles jusqu'au 18 décembre. C'est la deuxième année avoisinant les 20 000 individus, avec 2003 (19 100), loin derrière 2012 (32 905). Moins de 10 individus sont observés par jour jusqu’au 2 septembre où 33 oiseaux sont dénombrés, c'est une date précoce pour un tel effectif. Ensuite, les effectifs journaliers oscillent entre 1 et 1 928 oiseaux, le 10 octobre qui constitue le pic de passage . Il s’agit de la cinquième meilleure journée pour l’espèce sur le site du défilé de l'Ecluse. Cette année confirme la tendance à une légère augmentation des effectifs observée depuis les années 2000, qui n'était pourtant pas appuyée par les résultats des 3 dernières années ."
2021,species,avibase-28825494,"Avec un effectif de 4388 individus l’année 2021 constitue, une fois de plus, un record pour le site. Un premier pic et meilleur effectif journalier sur la saison est atteint, assez tôt, le 12 août avec 490 individus. C'est également la première donnée de l'espèce pour la saison et la deuxième meilleure journée pour le Défilé de l'Ecluse. Un tel effectif ne sera plus atteint dans la saison. Un second pic, mais moindre, est atteint le 1er septembre avec 387 individus . 8 groupes ont une taille supérieure à 100 oiseaux, et 6 ont une taille supérieure à 200. A noter que les conditions étaient mauvaises pour la détection des groupes de cigognes en pleine période de ""rush"" (elles sont difficiles à détecter par beau temps lorsqu'elles passent loin vers le Salève). Enfin, nous pouvons noter un oiseau très tardif le 5 novembre, après plusieurs petits groupes au mois d'octobre. Cette augmentation constante est mise en lumière depuis le début de la décennie, alors que moins de 600 individus étaient comptabilisés avant 2008. Le constat est sans appel sur la totalité des sites de migration qui enregistrent chaque année de nouveaux records ."
2021,species,avibase-E2817DAE,"A l’inverse de la Cigogne blanche, l’année 2021 n'est pas une excellente saison pour la Cigogne noire, avec seulement 118 individus . Les 2 meilleures journées de cette saison ont été réalisées le 11 août avec 17 individus, dont un groupe de 11, et le 21 septembre avec 14 oiseaux . Cette phénologie n'est pas courante au Défilé de l'Ecluse, mais ressemble énormément à celle obtenue en 2019. L'effectif global de la saison ne met pas en lumière la lente mais sûre augmentation des populations . Contrairement aux Cigognes blanches, ces oiseaux sont très dépendants des vents et se comportent comme des rapaces solitaires. De plus leur détection est difficile en cas de beau temps et/ou de manque d'observateurs, ce qui fut parfois le cas lors de la période de ""rush"". Ce facteur influe fortement les résultats obtenus d'années en années."
2021,species,avibase-8372FFBA,"6 individus sont observés en migration certaine cette année. La différence avec les oiseaux locaux empruntant les mêmes thermiques est difficile, mais dans le cas de ces oiseaux, des différences de plumage ont permis de statuer sur leur caractère migrateur."
2021,species,avibase-2DAB45B8,"757 individus ont été comptés sur la saison, ce qui semble confirmer une tendance à la hausse depuis 2010, malgré deux années basses en 2018 et 2020 . Le premier migrateur a été observé le 23 août et la période de passage s'est étalée jusqu'au 10 novembre . Le ""rush"" s'est étalé sur une période assez longue ; du 16 septembre au 10 octobre, le pic ayant été atteint le 21 septembre avec 172 individus, ce qui est un nouveau record pour le site."
2021,species,avibase-E91E287A,"L'année 2021 remonte un peu par rapport aux deux dernières années avec 31 migrateurs certains, et 6 migrateurs potentiels supplémentaires. Ce chiffre est très largement en dessous de la moyenne globale du site qui est d’une cinquantaine d’oiseaux. Cette tendance ne se dessine pas sur les autres sites de suivi de migration postnuptiale. Une donnée précoce est enregistrée au 17 août."
2021,species,avibase-47E58408,"2 individus sont notés en 2021, pour cette espèce pour laquelle il est également difficile de distinguer les oiseaux locaux des migrateurs certains. Cet effectif ne permet pas de confirmer l’augmentation du nombre de données de migrateurs actifs depuis la fin des années 2 000."
2021,species,avibase-F3DA111C,"28 individus sont comptés du 06 octobre au 11 novembre. Cet effectif est bien en dessous de la moyenne de 41 individus pour les années 1993 à 2017, mais constant avec celui des 4 dernières années. Une journée à 4 individus est notée le 27 octobre 2021. C'est la 2ème meilleure journée sur le site."
2021,species,avibase-3DF5C587,"Avec 17 729 individus, répartis entre le 19 juillet et le 18 novembre, l’année 2021 figure parmi les 3 meilleures saisons réalisées . On observe deux pics de passage: le 30 septembre avec 1530 oiseaux et le 24 octobre avec 1710 migrateurs, ce qui constitue respectivement la 3ème et la meilleure journée pour l'espèce sur le site . La pression d’observation est un facteur important pour expliquer ces écarts puisqu'en effet cette année, plus de 1 230 heures ont été effectuées et le suivi a été réalisé du lever du soleil au coucher du soleil à partir du 15 septembre. On peut supposer que davantage de cormorans aient migré avant cette date. L' augmentation significative de l’espèce dans d’autres types d’inventaires (Comptages Wetlands par exemple) est un autre facteur d'explication, ce qui pourrait être confirmé d'ici les années à venir."
2021,species,avibase-49D9148A,"Seuls 80 oiseaux ont été répertoriés, entre le 7 août et le 26 octobre, avec un pic à 19 migrateurs le 10 octobre . Le protocole de comptage mené du lever au coucher du soleil, n'a pu être mis en place qu'à partir du 15 septembre, faute de bénévoles, à la place du 15 août comme en 2019. Cependant, le pic de passage se situant en octobre, nous ne disposons pas d'explications pour une telle baisse d'effectif par rapport aux années précédentes . Ces résultats ne reflètent pas la hausse des effectifs, depuis le début des années 2000, qui s’observe également dans d’autres types d’inventaires (Comptages Wetlands par exemple), mais aussi de manière ponctuelle, avec notamment une croissance des données estivales en Haute-Savoie au cours de cette période."
2021,species,avibase-99B8841E,"536 individus ont été dénombrés sur cette saison 2021, ce qui est mieux que l'année 2019 (380 oiseaux) mais bien inférieur à l’année 2018 qui constituait un record de passage, avec 1652 oiseaux. Ces effectifs fluctuants ne reflètent pas l'augmentation des populations, mais la Grue cendrée étant capable de migrer de nuit, ou lors de mauvaises conditions météo, les chiffres sont très dépendants des horaires de passage de celles-ci. La phénologie est elle aussi très différente de celle des 2 précédentes saisons. Le passage s'étale du 10 octobre au 11 novembre. Le meilleur effectif journalier, représentant plus de la moitié du total saisonnier est obtenu le 26 octobre avec 322 oiseaux ."
2021,species,avibase-66AA3934,"En 2021, ce sont 746 Guêpiers d'Europe qui sont passés par le Défilé de l'Ecluse, soit la deuxième meilleure année après les 822 oiseaux de 2019. Cette augmentation constante, malgré quelques fluctuations, conforte largement la tendance à l’augmentation de l’espèce et confirme que les populations nicheuses tendent à s’étendre, de plus en plus vers le Nord. On observe un pic maximal de 290 individus, le 5 septembre, ce qui est la deuxième meilleure journée du site pour l'espèce ."
2021,species,avibase-6429024D,"Pour cette espèce, l’année est très moyenne, avec 562 oiseaux comptés, tout comme l'année 2020, après trois années excellentes . Le premier migrateur est noté le 25 juillet, la phénologie de l’espèce et le pic de passage semblent être stables et centrés sur le mois de septembre. Le pic de passage a été un peu avancé, à savoir le 1er septembre avec 80 oiseaux, puis les effectifs se tassent jusqu'au 27 octobre . Comme pour la Grande aigrette, les suivis en matinée et en soirée ont été inégaux jusqu'au 15 septembre cette année, ce qui peut expliquer en partie le faible effectif, contrairement à 2019 où toute la plage horaire était couverte ce qui permit de comptabiliser l'effectif record de 1574 hérons."
2021,species,avibase-06D9A2C8,"16 418 Milans noirs ont été recensés en 2021, ce qui constitue une année record, devant les 15069 oiseaux de 2014. Ce chiffre est représentatif de l’augmentation observée depuis plus d’une décennie sur l’ensemble des sites de migration et au niveau des populations européennes . La majorité du passage est compris entre le 31 juillet et le 15 août, avec une première observation le 18 juillet et une dernière observation le 16 septembre. Les ornithologues ont pu être spectateurs d'une journée incroyable le 8 août où, après plusieurs jours de météo défavorable, 7 283 Milans noirs sont passés dans la sphère d’observation ! Ce nouveau record est bien au-delà de l'ancien qui date de 2017, à savoir 2 445 oiseaux, mais c'est également un record pour les sites de migration d'Auvergne-Rhône-Alpes puisque de tels effectifs ne sont observés en général que sur les sites du pays basque ."
2021,species,avibase-451D6FC8,"Avec 17 939 individus dénombrés entre le 18 juillet et le 18 novembre, et 18 230 au total avec les observations allant jusqu'au 18 décembre, l'espèce continue sa croissance exponentielle en migration . Ces chiffres confirment l’augmentation des populations rendue possible grâce, entre autres, aux diverses mesures de protection. Cela est confirmé par les 9 000 oiseaux passés au Crêt des Roches (plus de 26 000 individus sont donc passés par le couloir « Alpien-Jurassien »), ainsi que les 28 000 individus observés sur les sites du Pays basque (contre 16 000 en 2020), c'est donc une année exceptionnelle pour la migration de l'espèce. Sur notre site, l'espèce est observée tout au long de la période du suivi avec deux pics de 1193 et 1463 individus le 28 et le 30 septembre. Ce dernier représente la troisième meilleure journée du défilé ."
2021,species,avibase-68E4C0D1,"Cette année 2021 est excellente pour les pigeons, dans le contexte de diminution des dernières années, puisque ce sont 77 022 Pigeons ramiers, 2 241 Pigeons colombins et 46 632 Pigeons indéterminés, soit 125 895 pigeons toutes espèces confondues qui sont passés au Défilé de l'Ecluse. En revanche, il ne s'agit pas d'une bonne année pour le Pigeon colombin, puisque les 2241 oiseaux ne représentent que 1,8 % du total. Pour cette espèce, dont les dates de passage sont plus précoces que pour le Pigeon ramier, le passage s'étale du 20 août au 04 novembre, avec un pic de 409 individus le 8 septembre.

Pour le Pigeon ramier et les pigeons indéterminés, les premiers migrateurs ont été notés le 17 septembre et ce jusqu'au 14 novembre. On observe plusieurs pics de passage autour de la mi-octobre. Ils concentrent l’essentiel des effectifs, ce qui est habituel pour la phénologie de l’espèce. Les meilleurs jours ont été les 8, 9, et 10 octobre, avec plus de 25 000 oiseaux par jour, dont 37 061 pigeons, toutes espèces confondues, le 10 octobre, soit, en une seule journée, plus que le total pigeon de l'année 2019 .

La méthode d’identification employée cette année, comme en 2019, influence fortement les proportions de ces deux ""espèces"" sur l'effectif total. En effet, la prudence des spotteurs les a régulièrement incités à considérer les individus comme indéterminés au lieu de différencier l’espèce avec certitude à cause des conditions d’observation, trop souvent mauvaises cette année. Ainsi, on relève, cette année, 46 632 pigeons indéterminés, correspondant à 37% du total des pigeons, contre 2 768 en 2018, qui représentaient 4,3% du total. A première vue les résultats semblent infirmer la théorie de diminution des effectifs sur le long terme au Défilé, or, de l'autre côté du Jura, seuls 428 115 oiseaux ont été comptés au Crêt des roches. Il semblerait que le passage des migrateurs ait fortement été influencé par les vents, ce qui les auraient poussés à emprunter davantage cette voie de migration que celle longeant l'autre côté du Jura."
2021,species,avibase-F837F893,"Cette année 2021 est excellente pour les pigeons, dans le contexte de diminution des dernières années, puisque ce sont 77 022 Pigeons ramiers, 2 241 Pigeons colombins et 46 632 Pigeons indéterminés, soit 125 895 pigeons toutes espèces confondues qui sont passés au Défilé de l'Ecluse. En revanche, il ne s'agit pas d'une bonne année pour le Pigeon colombin, puisque les 2241 oiseaux ne représentent que 1,8 % du total. Pour cette espèce, dont les dates de passage sont plus précoces que pour le Pigeon ramier, le passage s'étale du 20 août au 04 novembre, avec un pic de 409 individus le 8 septembre.

Pour le Pigeon ramier et les pigeons indéterminés, les premiers migrateurs ont été notés le 17 septembre et ce jusqu'au 14 novembre. On observe plusieurs pics de passage autour de la mi-octobre. Ils concentrent l’essentiel des effectifs, ce qui est habituel pour la phénologie de l’espèce. Les meilleurs jours ont été les 8, 9, et 10 octobre, avec plus de 25 000 oiseaux par jour, dont 37 061 pigeons, toutes espèces confondues, le 10 octobre, soit, en une seule journée, plus que le total pigeon de l'année 2019 .

La méthode d’identification employée cette année, comme en 2019, influence fortement les proportions de ces deux ""espèces"" sur l'effectif total. En effet, la prudence des spotteurs les a régulièrement incités à considérer les individus comme indéterminés au lieu de différencier l’espèce avec certitude à cause des conditions d’observation, trop souvent mauvaises cette année. Ainsi, on relève, cette année, 46 632 pigeons indéterminés, correspondant à 37% du total des pigeons, contre 2 768 en 2018, qui représentaient 4,3% du total. A première vue les résultats semblent infirmer la théorie de diminution des effectifs sur le long terme au Défilé, or, de l'autre côté du Jura, seuls 428 115 oiseaux ont été comptés au Crêt des roches. Il semblerait que le passage des migrateurs ait fortement été influencé par les vents, ce qui les auraient poussés à emprunter davantage cette voie de migration que celle longeant l'autre côté du Jura."
2021,species,avibase-760F307A,"Cette année 2021 est excellente pour les pigeons, dans le contexte de diminution des dernières années, puisque ce sont 77 022 Pigeons ramiers, 2 241 Pigeons colombins et 46 632 Pigeons indéterminés, soit 125 895 pigeons toutes espèces confondues qui sont passés au Défilé de l'Ecluse. En revanche, il ne s'agit pas d'une bonne année pour le Pigeon colombin, puisque les 2241 oiseaux ne représentent que 1,8 % du total. Pour cette espèce, dont les dates de passage sont plus précoces que pour le Pigeon ramier, le passage s'étale du 20 août au 04 novembre, avec un pic de 409 individus le 8 septembre.

Pour le Pigeon ramier et les pigeons indéterminés, les premiers migrateurs ont été notés le 17 septembre et ce jusqu'au 14 novembre. On observe plusieurs pics de passage autour de la mi-octobre. Ils concentrent l’essentiel des effectifs, ce qui est habituel pour la phénologie de l’espèce. Les meilleurs jours ont été les 8, 9, et 10 octobre, avec plus de 25 000 oiseaux par jour, dont 37 061 pigeons, toutes espèces confondues, le 10 octobre, soit, en une seule journée, plus que le total pigeon de l'année 2019 .

La méthode d’identification employée cette année, comme en 2019, influence fortement les proportions de ces deux ""espèces"" sur l'effectif total. En effet, la prudence des spotteurs les a régulièrement incités à considérer les individus comme indéterminés au lieu de différencier l’espèce avec certitude à cause des conditions d’observation, trop souvent mauvaises cette année. Ainsi, on relève, cette année, 46 632 pigeons indéterminés, correspondant à 37% du total des pigeons, contre 2 768 en 2018, qui représentaient 4,3% du total. A première vue les résultats semblent infirmer la théorie de diminution des effectifs sur le long terme au Défilé, or, de l'autre côté du Jura, seuls 428 115 oiseaux ont été comptés au Crêt des roches. Il semblerait que le passage des migrateurs ait fortement été influencé par les vents, ce qui les auraient poussés à emprunter davantage cette voie de migration que celle longeant l'autre côté du Jura."
2021,species,avibase-5A3D91D3,"1 individu immature est observé longeant les crêtes du Jura puis passant au beau milieu du défilé le 7 novembre. Il s'agit de la 4ème observation seulement mais la fréquence semble s'intensifier puisque la dernière observation, concernant un adulte, date de 2018 et était précédée par la mention d'un autre immature en 2017."
2021,species,avibase-5D1987CE,"Un vautour fauve solitaire est observé le 6 novembre, l'espèce passe régulièrement au défilé de l'écluse et toujours en petit nombre (maximum de 7 individus en 2019)."
2021,species,avibase-97C47F3E,"3 individus sont observés en 2021, le 10 août, le 9 et le 30 septembre, il s'agit donc d'un nouveau ""record"" pour le site ! L'espèce continue son expansion (une quinzaine de couples reproducteurs en Auvergne en 2021 contre 0 connus l'année précédente !) et ses apparitions multiples sur les sites de migration. A noter également que deux individus ont stationné dans les environs du Défilé début novembre, visiblement en halte à cause du mauvais temps. Le comptage n'ayant pas été assuré en continu pour cette même raison, il est impossible de dire si les deux oiseaux ont continué leur route en passant par le site mais c'est une forte probabilité."
2021,species,avibase-DB376A66,"1238 éperviers sont passés par le Défilé de l'écluse en 2021, revenant dans la moyenne haute du suivi et rejoignant les saisons de 2014 à 2017 où les effectifs se stabilisaient entre 1300 et 1500 individus . Les passages se sont effectués entre le 18 août et le 18 novembre, avec un pic de 91 individus le 5 novembre . Les résultats pour l'espèce sont très fluctuants mais il est important de noter que la détection des éperviers peut être fortement influencée par les conditions météorologiques. En effet, ces oiseaux se déplacent en vol battu très rapide. Un vent de nord-est, à l’avantage des spotteurs, permet d’améliorer leur détection, mais à l’inverse, un vent de sud-est peut nettement la compliquer car les oiseaux passent loin à l’est."
2023,site,background,"La LPO tient à remercier les financeurs du suivi à savoir la Station Ornithologique Suisse et le Groupe Ornithologique du Bassin Genevois sans le soutien desquels le suivi n’aurait, une nouvelle fois, pu se tenir cette année.

Le site du défilé du Fort l’Écluse (ou Défilé de l’Écluse) fut mis en évidence en 1947 (J. BURNIER, P. CHARVOZ, P. GEROUDET, R. HAINARD, C. VAUCHER et al.) pour ses passages spectaculaires de pigeons et de corvidés. Par la suite, P. CHARVOZ et J.D. FONTOLLIET consacrèrent une grande partie de leur temps libre à l’observation de la migration sur ce site privilégié.

La première synthèse qui fut l’œuvre du Groupe des Jeunes de Nos Oiseaux, section Genève (G. MÜLHAUSER, T. SCHMID, A. SCHUBERT ET C. VICARI) porte sur une permanence journalière du 13 août au 30 octobre 1983. Puis c’est en 1992, après 75 jours d’observation continue et le dénombrement de plus de 11 000 rapaces, qu’il est envisagé de mettre en place un suivi permanent dès l’année suivante, associant les Suisses de Nos Oiseaux (P. CHARVOZ, M. MAIRE et al.) et les Français du Groupe Ornithologique Haut Savoyard, future LPO Haute-Savoie (J-P. MATERAC et al.). De 1993 à 2007, le suivi a été assuré au minimum de mi-juillet à fin novembre et ce, tous les jours durant lesquels les conditions météorologiques le permettaient.

À la fin de la saison 2007, le DR. CHARVOZ ayant exprimé son impossibilité à assurer une saison supplémentaire, la LPO Haute-Savoie a formulé une demande au collectif « Tête en l’air », avec pour objet, la mise en place d’une permanence salariée durant quatre mois afin de poursuivre le suivi de la migration postnuptiale sur ce site remarquable. Entre 2008 et 2016, le suivi est donc assuré par un seul salarié, puis par 2 professionnels, de 2017 à 2023, les spotteurs étant aidés par les bénévoles.

« Longtemps, l’acquisition de connaissances sur les migrations d’oiseaux n’a pu se faire que par l’observation directe. Malgré le développement d’autres techniques de suivis (baguage, pose de balises, radar), l’identification et le comptage des migrateurs en des points de passage stratégiques demeurent une méthode indispensable et pertinente, dans la mesure où, comme pour tout échantillonnage, les suivis sont réalisés dans les mêmes conditions d’une année à l’autre (protocole stable), et sur une longue période (au moins dix ans). Alors qu’il reste encore à découvrir de nombreux aspects mal connus de la vie des oiseaux migrateurs, la connaissance apportée par les suivis constitue une base solide sur laquelle repose toute évaluation patrimoniale. Les données engrangées durant les nombreuses heures d’observation apportent des informations essentielles sur le déroulement de l’activité migratoire. Les effectifs dénombrés selon un protocole standardisé sur chaque site permettent de mesurer la chronologie de la migration et son évolution dans le temps. Ils offrent aussi la possibilité de produire des indicateurs de la dynamique des populations d’oiseaux. L’évolution du nombre d’oiseaux observés sur un site en migration active est le plus souvent corrélée à la taille de la population de laquelle ils sont issus. La combinaison de tels indicateurs provenant d’un réseau de sites offre une meilleure précision dans le calcul des tendances des effectifs et de l’évaluation de l’état de santé des espèces suivies. Ces conditions remplies, les données recueillies permettent d’évaluer l’état de santé des oiseaux migrateurs en comparant l’évolution des effectifs. Ainsi le suivi de la migration à Organbidexka, qui est conduit depuis plus de trente ans, a permis de mesurer le déclin des populations ouest européennes de Milan royal et a conduit à l’élaboration d’un plan national de restauration de l’espèce ».

Source : Mission Migration France.

Extrait de « CHARVOZ & AL. 1996 » « Le défilé du Fort l’Écluse est pratiquement la sortie naturelle du Plateau suisse en direction du sud-ouest. Cet « entonnoir » géographique provoque une concentration des migrateurs en ce point, la crête du Jura paraissant les guider, surtout lorsque le plafond nuageux est bas. En effet, c’est dans cette région que la chaîne principale du Jura devient de plus en plus élevée (Le Reculet, 1717 m) et s’oriente au sud. De l’autre côté du défilé du Fort l’Écluse, au fond duquel coule le Rhône, ce plissement se termine par le Vuache (altitude comprise entre 890 et 1101 m), qui mesure une dizaine de kilomètre de long. A l’est, le Salève (altitude : 1200-1375 m) et, bien au-delà, les Préalpes savoyardes influencent aussi le passage.

Le passage dans le défilé lui-même (altitude 343 m au Pont Carnot) est loin d’être la règle générale. En effet, un grand nombre de migrateurs ne transitent pas par le défilé mais passent à l’est, parfois très loin, puis franchissent le Mont Sion ou le Vuache. D’autres individus, surtout par temps clair, franchissent la chaîne du Jura en amont du Crêt d’Eau (1621 m). » Le site du Fort l’Écluse a été parfois utilisé jusqu’au début des années 90 et en particulier lors de l’étude de 1983, mais le suivi le plus régulier a toujours été effectué depuis la commune de Chevrier, à environ 800 m à l’ouest du point actuel. Bien que beaucoup moins d’oiseaux soient décomptés au Fort, il s’agit certainement du meilleur endroit pour l’observation rapprochée des migrateurs qui transitent par le défilé. Le site de Champ Vautier a été choisi au cours de la saison 1992, quand nous nous sommes aperçus que de très nombreux oiseaux passaient loin à l’est et n’étaient pas visibles depuis le point de suivi situé à l’ouest. De plus les arbres ayant poussé autour de celui-ci, le repérage des oiseaux devenait problématique."
2023,monitoring,methods,"Field protocol:

Le site d’observation se trouve au pied nord-est du massif du Vuache, sur la rive gauche du Rhône, entre le fleuve et le village de Chevrier, à une altitude de 400 mètres. Le lieu même de suivi se trouve entre les lieux-dits Champ Vautier et Rogy le long de la voie SNCF. Cette position offre les meilleures conditions de visibilité à la fois sur la chaîne du Jura au nord et en direction du massif du Salève à l’est.

De façon générale depuis le début du suivi permanent en 1993, les observations sont effectuées au minimum et si les conditions le permettent, de 10h à 17h en été (GMT + 2), mais souvent jusqu’à 19h30, et de 9h à 16h en automne (GMT + 1), mais presque chaque jour du lever au coucher du jour. En 2023, les observations ont été systématiquement effectuées du lever du soleil à 19h30 minimum entre le 17 juillet et le 10 août puis du lever au coucher du soleil entre le 11 août et le 18 novembre.

La sphère d’observation est balayée systématiquement et en permanence avec des jumelles (le plus souvent 8x42 ou 10x42) afin de repérer les groupes ou individus isolés. La longue vue (par exemple 20-60×80) n’est utilisée que pour l’identification et le dénombrement et en aucun cas pour le repérage.

Les individus de chaque espèce en migration active sont identifiés, comptés et leur nombre (plus l’âge et le sexe s’il y a lieu) est saisi directement sur tablette par les spotteurs ou les bénévoles.

Les rapaces et grands oiseaux (Ciconiiformes, cormorans) constituent la cible principale du suivi et sont en conséquence dénombrés à l’unité dès que c’est possible. Les pigeons font l’objet d’une estimation par groupes. Toutes les autres espèces en migration active sont, dans la mesure du possible, identifiées. Leur dénombrement fait si possible l’objet d’un comptage le plus précis possible selon les possibilités du moment (nombres d’observateurs présents / intensité du passage des espèces prioritaires). De nombreux points de repère ont été définis sur le site (relief, infrastructures, arbres isolés, etc.) afin de faciliter le repérage par tous les observateurs présents. Le franchissement de certains de ces repères ainsi que l’observation des comportements permet de considérer, ou non, un oiseau comme migrateur. En cas de fort passage de rapaces, une première estimation de l’effectif est effectuée, au loin, lors du repérage aux jumelles. Ensuite, le déplacement du groupe est suivi, puis les oiseaux sont de nouveau comptés au moment du passage, au plus près des observateurs.

Deux salariés de la LPO Auvergne Rhône-Alpes, en poste à la délégation Haute-Savoie, sont responsables, en alternance, du suivi chaque jour de la semaine, y compris les samedis, de mi-juillet à mi-novembre. Ils sont aidés quasiment chaque jour, et remplacés les dimanches et jours fériés par un ou plusieurs bénévoles. Cette année, le suivi officiel a débuté le 17 juillet et pris fin le 18 novembre.

Data processing and analysis:

L’ensemble des observations a été saisi dans la base de données en ligne Trektellen.nl, au fur et à mesure du passage, grâce à une tablette.

Afin de ne pas surcharger le présent rapport et par souci de lisibilité, seuls les rapaces et les espèces dont les effectifs sur le site sont significatifs font l’objet d’une petite monographie présentant le déroulement du passage lors de la saison 2023 et l’évolution interannuelle des effectifs.

Pour les 7 espèces de rapaces cibles principales du suivi, représentant plus de 99,2 % de l’effectif total de ce groupe, et le Balbuzard pêcheur, un graphique reprend les effectifs saisonniers et indices annuels sur une période similaire (du 18 juillet au 18 novembre) de 1993 à 2023. L’indice annuel est calculé à partir d’indices journaliers pondérant les effectifs journaliers avec le temps de suivi journalier. Cette pondération, ainsi que l’utilisation des données acquises dans une période équivalente chaque année, permet de gommer en partie les effets de la variation de pression d’observation. Cela permet également de produire une courbe de tendance (régression polynomiale cubique) plus fiable que la simple utilisation de l’effectif brut annuel."
2023,monitoring,effort,"En 2023, le suivi officiel de la migration a eu lieu du 17 juillet au 18 novembre soit 125 jours totalisant 1538,1 heures de suivi. Sur cette période, toutes les journées, sans exception, ont fait l’objet d’un comptage, y compris lorsque les conditions météorologiques étaient défavorables. Un comptage bénévole a également eu lieu sur le site les 15 et 16 juillet ainsi que les 19 et 23 novembre.

Dans le but de pouvoir comparer au mieux les résultats d’une année sur l’autre, les graphiques et tableaux présentés ci-dessous sont restreints à la période qui s’étale du 18 juillet au 18 novembre (période comptée chaque saison entre 1993 et 2023). C’est ainsi que le lecteur attentif pourra observer quelques légères différences de chiffres entre les résultats présentés dans ce rapport et les résultats inscrits sur la base de données Trektellen.nl.

Pour la saison 2023, la LPO Haute-Savoie a assuré une présence quotidienne avec au moins un ornithologue durant les quatre mois que dure la migration postnuptiale c'est-à-dire du 17 juillet au 18 novembre.

Pour la septième saison consécutive, les financements apportés par les partenaires ont permis de recruter deux « spotteurs » à plein temps et ainsi assurer une présence salariée permanente 6 jours sur 7, appuyée par des bénévoles le dimanche et les jours fériés.

C’est donc depuis Champ Vautier que la majorité des observations de 2023 a été réalisée. Durant les quelques heures de certaines matinées où le site de suivi de Champ Vautier se trouvait sous le brouillard, les observations ont été réalisées depuis le cimetière de Vulbens situé plus en hauteur, km au SSE du site de suivi habituel."
2023,monitoring,nocturnal,"1. METHODOLOGIE Le suivi nocturne réalisé en 2023 est un suivi acoustique. Il consiste en l’enregistrement des cris des oiseaux survolant le site puis à l’analyse des sonagrammes récoltés pour identifier les espèces et tenter de comptabiliser les individus.

Les enregistrements ont été effectués à l’aide d’un enregistreur Zoom H4n Pro relié à 4 capsules EM272 elles-mêmes insérées dans un piège à son stéréo construit sur la base du modèle recommandé dans l’ouvrage La migration nocturne par le son (Wroza et Rochefort, 2021).

L’enregistreur a été placé à même le sol dans une prairie à un peu plus d’une centaine de mètres du site de comptage diurne.

L’enregistrement a eu lieu durant toutes les nuits de la saison, de la nuit du 14 au 15 juillet, jusqu’à la nuit du 17 au 18 novembre.

L’analyse des enregistrements se restreint strictement à la période comprise entre la fin du crépuscule (environ 30 min. après le coucher du soleil) et le début de l’aube (environ 30 min. avant le lever du soleil) suivant ainsi les recommandations en la matière (Wroza et Rochefort, 2021).

L’analyse des sonagrammes s’est faite à l’aide du logiciel Audacity.

Comme pour le comptage diurne, l’ensemble des données a été enregistré sur la base de données Trektellen.nl.

A la lecture des résultats présentés ci-dessous, il faut garder en tête que l’ensemble des oiseaux contactés a été comptabilisé mais qu’il est évidemment impossible de connaître la véritable nature du vol (vol local ou vol migratoire), en particulier lorsque seul un faible nombre de cris est disponible.

De plus, l’estimation du nombre d’individus passant au-dessus de l’enregistreur est particulièrement difficile. Il est parfois possible de percevoir sans ambiguïté le passage de 2, 3 voire 4 individus ensemble lorsque les cris se chevauchent mais l’estimation du nombre d’individus par le chevauchement des cris devient compliquée au-delà. Ainsi, lorsqu’il semblait qu’un groupe plus important passait au-dessus de l’enregistreur (par exemple parce qu’un grand nombre de cris d’une espèce était enregistré en peu de temps alors que celle-ci pousse habituellement des cris très espacés dans le temps), une estimation du nombre d’individus a été tentée. Celle-ci étant très subjective, il était important d’exposer les résultats sur les nombres de contacts et les nombres de cris car ces deux valeurs sont plus faciles à apprécier.

Enfin, comme de jour, les conditions météo et l’environnement du site influencent à la fois l’intensité du passage des oiseaux mais aussi la capacité à détecter des cris via l’enregistreur. Le vent, lorsqu’il souffle assez fort, rend difficile l’analyse du sonagramme, tandis que la pluie même modérée la rend quasiment impossible. De même, les bruits de fond engendrent une certaine difficulté de détection. Les bruits de voiture au loin sont particulièrement présents sur les enregistrements réalisés sur le site du Défilé. Ces bruits de voiture se situant dans les basses fréquences, ils ont pu contribuer à une sous-détection des cris graves (par exemple le cri de la Caille des blés ou les cris de certains ardéidés).

Le suivi réalisé prend en compte 127 nuits d’enregistrement soit 1323,7 h potentiellement analysables. Cependant, souvent faute de batterie, 43,8 h n’ont pu être enregistrées ce qui donne un total de 1279,9 heures véritablement analysées. Les heures non enregistrées sont réparties de la façon suivante : 0,3 h à la fin août, 41,4 h en septembre et 2,1 h en novembre.

Au cours de ce suivi, 52 espèces migratrices ont été contactées . Pour chaque espèce a été répertorié à la fois le nombre de contact (1 contact étant une série de cris), le nombre d’individus estimés sur le sonagramme et le nombre de cris enregistrés. Une exception a été faite pour la Grive musicienne, espèce de loin la plus commune sur la saison, pour gagner du temps à l’analyse. Pour cette espèce, seul le nombre d’individus estimés a ainsi été noté.

Parmi les espèces recensées, on remarquera la présence de migrateurs :  strictement nocturnes (par exemple la Foulque macroule) ;  à la fois nocturnes et diurnes (par exemple la Grue cendrée) ;  majoritairement diurnes mais pouvant démarrer leur migration juste avant l’aube ou être notés occasionnellement durant la nuit (par exemple le Pinson des arbres).

Comme c’est souvent le cas avec les enregistrements nocturnes, les résultats du suivi acoustique sur le site du Défilé en 2023 révèlent le passage régulier d’espèces considérées comme des migrateurs rares à l’échelle locale (Butor étoilé, Blongios nain ou Bruant ortolan par exemple).

De façon générale, le site semble particulièrement intéressant pour les ardéidés, et en particulier pour le Héron cendré (comme c’est le cas en journée). La diversité de limicoles est également remarquable bien qu’attendue pour un suivi de ce type et les effectifs saisonniers pour le Courlis cendré et le Courlis corlieu apparaissent comme étant parmi les plus élevés pour une station d’enregistrement située en France à l’intérieur des terres.

En revanche, les résultats pour les passereaux semblent relativement faibles étant donné que toutes les nuits de la période ont été analysées. En particulier, pour certaines espèces typiques des mois d’août et de septembre comme le Gobemouche gris (20 ind.), le Gobemouche noir (0 ind.) ou le Pipit des arbres (6 ind.) alors que ces espèces sont fréquemment enregistrées en migration nocturne sur d’autres sites où la situation géographique ne concentre pas particulièrement le passage. Pour le Gobemouche noir, la présence de l’espèce en halte de jour a d’ailleurs été régulièrement observée sur le site de comptage. Une hypothèse pouvant expliquer le faible nombre général de passereaux est que ceux-ci abordent le massif du Vuache en volant déjà à haute altitude, si bien que leurs cris ne sont pas détectés par les micros.

4. RESULTATS PAR ESPECE Râle d’eau (Rallus aquaticus) En 2023, les enregistrements réalisés au Défilé ont permis d’estimer un effectif de 72 râles d’eau en migration nocturne (72 contacts). Le site apparaît donc comme excellent pour étudier le passage nocturne de l’espèce parmi les stations d’enregistrement partageant leurs résultats sur Trektellen.

Les contacts débutent dès le début de la période mais le cœur du passage semble surtout s’étaler de début septembre à mi-octobre avec 68 % des contacts entre le 7 septembre et le 13 octobre, avec un pic à 6 contacts lors de la nuit du 10 au 11 septembre. Les mouvements de l’espèce semblent par contre quasi inexistants à partir de fin octobre mais cela a probablement été influencé par des conditions météorologique défavorables au passage à cette période.

La phénologie horaire montre clairement que l’espèce migre très peu en début de nuit. Le pic de passage a lieu en milieu de nuit (entre minuit et 3h) avant de décroître progressivement jusqu’à l’aube.

Héron cendré (Ardea cinerea) En 2023, les enregistrements réalisés au Défilé ont permis d’estimer un effectif de 651 hérons cendrés en migration nocturne (415 contacts).

A l’image de ce qui apparaît au regard des résultats obtenus en journée, le Défilé semble également être un des meilleurs sites en France pour le passage nocturne du Héron cendré au regard des résultats consultables sur Trektellen.

La phénologie de passage sur l’ensemble de la saison est relativement semblable à ce qui est observé en journée (cœur du passage centré sur septembre), bien qu’un pic soit noté plus précocement qu’en journée (38 ind. estimés dans la nuit du 24 au 25 août). Le passage devient très faible en novembre.

Au niveau de la phénologie horaire de passage, on observe qu’un premier pic de passage se produit 1-2h après le crépuscule. L’intensité du passage semble ensuite décroître avant d’augmenter de nouveau fortement durant la seconde moitié de la nuit.

Grive musicienne (Turdus philomelos) En 2023, les enregistrements réalisés au Défilé ont permis d’estimer un effectif de 4 174 grives musiciennes en migration nocturne.

La Grive musicienne, bien que régulièrement notée en migration active de jour sur les sites de suivi de la migration, migre majoritairement de nuit et l’analyse des enregistrements peut ainsi sembler plus adaptée à l’étude de la migration de cette espèce.

Les premiers oiseaux en migration ont été enregistrés au début du mois de septembre, mais le passage ne s’est réellement intensifié qu’à partir de la nuit du 24 au 25 septembre (première nuit avec plus de 50 ind.). Le passage est intense jusqu’à la nuit du 24 au 25 octobre puis décroît progressivement jusqu’à la fin de la période."
2023,results,overview,"Comme il est de coutume sur le site ces dernières années, le Milan noir (Milvus migrans), la Bondrée apivore (Pernis apivorus), le Milan royal (Milvus milvus) et la Buse variable (Buteo buteo) rassemblent l’immense majorité des effectifs de rapaces dénombrés en 2023 (93,24 %). Si on ajoute à ces 4 espèces les effectifs du Busard des roseaux (Circus aeruginosus), de l’Epervier d’Europe (Accipiter nisus) et du Faucon crécerelle (Falco tinnunculus), on obtient 99 % des effectifs de rapaces."
2023,results,highlights,"Hors rapaces, 80 espèces ont été comptabilisées sur le site en 2023 pour un total de 344 684 individus . En incluant les rapaces, cela porte le total saisonnier à 98 espèces pour 376 504 individus.

Parmi ces espèces, certaines font l’objet d’un suivi attentif sur le site depuis le début des comptages : la Cigogne blanche, la Cigogne noire, la Grue cendrée, les pigeons et les corvidés.

Pour ces espèces, 2023 constitue une année record pour la Cigogne blanche et le Pigeon colombin. Avec un total de 5648 individus dénombrés pour la première espèce citée, cette saison dépasse de près de 22 % le précédent record saisonnier (2022) et confirme la très nette tendance à la hausse des effectifs empruntant cette voie de migration. Pour le Pigeon colombin, cette saison 2023 a vu passer 7 055 migrateurs soit une augmentation de plus de 23 % par rapport au comptage de 2022 qui constituait lui aussi un nouveau record pour l’espèce. Sur le long terme, la tendance à la hausse pour cette espèce est cependant moins nette que pour la Cigogne blanche. Pour les corvidés, le comptage 2023, comme les années précédentes, confirme le caractère désormais marginal du passage du Corbeau freux (Corvus frugilegus) et du Choucas des tours (Corvus monedula) à travers le Défilé.

Parmi les espèces faisant l’objet d’un comptage assez inégal selon les années mais pour lesquelles le Défilé constitue indiscutablement un haut lieu du passage en France, figurent le Grand Cormoran, le Héron cendré et la Grande Aigrette. Ces trois espèces migrent très majoritairement aux premières et aux dernières heures de la journée. Ainsi, le fait que le comptage au Défilé de l’Ecluse se soit restreint certaines années aux heures chaudes de la journée (au moins en juillet / août / septembre) empêche une véritable interprétation des tendances à long terme observées sur le site. On ne peut qu’encourager les observateurs à maintenir un comptage sur les heures de passage de ces espèces durant les années à venir. Pour rappel, en ce qui concerne les sites de migration postnuptiale suivis chaque année en France, le Défilé de l’Ecluse constitue le site comptant les plus gros effectifs pour chacune de ces trois espèces et pourrait donc constituer un site de référence pour leur suivi si les comptages étaient plus systématiquement réalisés en début et fin de journée au moins à partir de la mi-août.

En dehors des espèces déjà mentionnées plus haut, la saison 2023 a vu passer plusieurs espèces rares ou très rares pour le site.

Au mois d’août, tout ou partie d’un groupe de cormorans pygmées stationnant en Suisse non loin de la frontière (barrage de Verbois), est venu faire plusieurs passages devant le site de suivi avant de faire demi-tour. C’est ainsi que 13 individus ont été notés le 12 août puis 10 le 13 août et 2 le 22 août. Le 26 août 6 individus ont finalement franchis le Défilé et ont été comptabilisés comme étant en migration active. C’est la première fois que cette espèce est observée au Défilé de l’Ecluse mais les observations semblent amenées à se répéter de façon plus régulière à l’avenir. L’espèce niche désormais en Bavière et est observée de plus en plus régulièrement en Suisse, en Allemagne et dans l’Est de la France.

La liste des migrateurs observés compte pour la troisième année consécutive la Spatule blanche (1 ind. le 14 septembre) alors que cette espèce était très rarement notée sur le site auparavant.

Le passage diurne des limicoles reste évidemment anecdotique au Défilé mais on peut signaler des observations très inhabituelles pour le site : 1 petit gravelot le 27 juillet (première donnée d’un oiseau en migration active pour le site), un groupe de 6 chevaliers sylvains le 4 août et un chevalier arlequin le 4 septembre.

La Sterne caspienne, espèce rare mais régulière au Défilé, totalise cette saison 6 individus en migration active dans la période de passage attendue : 1 le 12 août, 2 le 15 août et 3 le 11 septembre.

Enfin, notons la première donnée au Défilé d’une corneille mantelée le 8 octobre."
2023,results,discussion,"Le suivi réalisé en 2023 grâce au soutien de 156 observateurs bénévoles a permis le comptage de 376 504 oiseaux dont 31 820 rapaces sur la période du 18 juillet au 18 novembre.

Le faible nombre de rapaces par rapport aux résultats des dernières années est fortement influencé par l’effectif total bien en-dessous de la moyenne habituelle pour la Buse variable. Pour cette espèce, les conditions météorologiques ont de façon certaine influencé à la baisse les effectifs comptés mais on notera que l’année s’inscrit dans une diminution des effectifs migrateurs comptés sur le moyen terme. L’influence du réchauffement du climat est probablement à prendre en compte dans cette tendance.

Pour ce qui est du Milan royal, l’année 2023 confirme la bonne santé actuelle des populations passant à travers le Défilé même si une stabilisation des effectifs semble s’amorcer après les deux années records de 2021 et 2022.

La tendance à la baisse très marquée sur le long terme se poursuit chez les trois espèces de busards classiquement notées au Défilé.

Au niveau des autres espèces bien suivies sur le site, l’année a été exceptionnelle pour la migration de la Cigogne blanche avec un nouveau record saisonnier de 5 648 individus confirmant ainsi la très nette tendance à la hausse observée chez cette espèce.

La tendance est également toujours nettement à la hausse en ce qui concerne le Grand Cormoran.

Une spécificité du suivi 2023 concerne la réalisation d’un suivi acoustique de la migration nocturne, chose qui n’avait encore jamais été tenté sur une période aussi longue au Défilé. Les résultats montrent tout l’intérêt d’un suivi de ce type pour des espèces migrant majoritairement ou exclusivement de nuit (Râle d’eau, Héron cendré ou Grive musicienne notamment) ainsi que la découverte d’une diversité d’espèces migratrices jamais ou très rarement notées sur le site en journée.

Pour finir, la LPO AuRA délégation Haute-Savoie tient une nouvelle fois à remercier très chaleureusement les partenaires financiers de ce suivi que sont la Station Ornithologique Suisse de Sempach et le Groupe Ornithologique du Bassin Genevois sans lesquels ce suivi ne pourrait se maintenir."
2023,outreach,activities,"Une page a été créée sur le site de la LPO Auvergne-Rhône-Alpes dédiée au suivi de la migration à Chevrier ; elle permet d’orienter les personnes souhaitant s’investir ou en apprendre plus sur cette opération.  Chaque mois, une communication sur les dernières semaines du suivi a été envoyée à l’ensemble des adhérents et sympathisants de la LPO en Pays de Savoie (3591 personnes) et mise en ligne dans la rubrique « Actualités » de notre site internet.  Des articles sont également parus pour marquer le début et la fin du suivi de la migration dans les journaux.

Plusieurs animations se sont déroulées sur le site de comptage à Chevrier ou en parallèle du comptage au Fort l’Ecluse.

Le samedi 22 juillet, à l’occasion du début du suivi, un accueil était organisé sur le site. Didier Besson, président de la LPO Haute-Savoie tenait un stand de la LPO. Plus d’une trentaine de personnes sont passées sur le site ce jour-là.

Une sortie organisée par le Groupe Ornithologique du Bassin Genevois rassemblant une petite dizaine d’adhérents et animée par Jérémy Gremion (GOBG / Station Ornithologique Suisse) a également eu lieu sur le site le 26 août.

Dans le cadre de la formation ornitho de la LPO 74 réalisée par Thibault Goutin (bénévole), plusieurs sorties ont eu lieu sur le site cette saison : une le 13 septembre, animée par Dominique Maire (bénévole LPO) regroupant 3 personnes, puis deux les 24 septembre et 8 octobre animées par Thibault Goutin et regroupant chacune une vingtaine de personnes.

De façon similaire un groupe de la formation ornithologique suisse (une vingtaine de personnes) a passé une matinée sur le site le 23 septembre.

A l’occasion des journées européennes des 16 et 17 septembre, la LPO Haute-Savoie a tenu un stand au Fort l’Ecluse (01) afin de faire découvrir la migration des oiseaux aux visiteurs. Cet évènement a permis d’amener une cinquantaine de personnes à visiter également le site de suivi de Chevrier (74).

Le 08 octobre, l’évènement annuel « Eurobirdwatch – Journées Européennes de la Migration » a réuni une cinquantaine de personnes sur le site pour fêter la migration des oiseaux. En dehors de ces journées, les personnes intéressées par le suivi ont été invitées à se rendre spontanément sur le site, tous les jours entre le lever et le coucher du soleil ; un salarié ou bénévole de la LPO étant toujours présent sur ces créneaux."
2023,species,avibase-C2565B65,1 individu observé le 17 septembre présentait un phénotype très proche d’un Aigle pomarin pur même si un hybride avec l’Aigle criard (Aquila clanga) n’a pu être totalement exclu étant donné les conditions d’observation. L’Aigle pomarin reste d’observation occasionnelle au Défilé de l’Ecluse.
2023,species,avibase-95DD1855,5 individus ont été notés en migration entre le 27 septembre et le 22 octobre.
2023,species,avibase-1327AC55,"En 2023, 73 balbuzards pêcheurs ont été dénombrés au Défilé de l’Ecluse.

Le premier individu de la période considérée dans le présent rapport (18 juillet – 18 novembre) a été observé le 5 août. On notera toutefois qu’un individu en migration active a été observé dès le 17 juillet, ce qui est une date particulièrement précoce pour cette espèce. De même, les données du 16 novembre puis d’un oiseau le 19 novembre, après un mois sans contact, sont des données remarquablement tardives pour le site. En dehors du premier et du dernier oiseau du comptage officiel, l’ensemble des individus est passé entre le 17 août et le 17 octobre avec un pic journalier à 8 individus le 4 septembre.

Le total saisonnier 2023 se situe nettement en-dessous de la moyenne des 30 années de suivi (97 ind.) et vient confirmer la légère tendance à la baisse des effectifs qui semble s’amorcer depuis 2017."
2023,species,avibase-ED5A7E8F,"En 2023, 3188 bondrées apivores ont été dénombrées au Défilé de l’Ecluse. Le premier jour avec un passage bien marqué est le 27 août (123 individus). Avant cette date, aucune journée ne totalisait plus de 5 individus. Comme c’est souvent le cas pour cette espèce, le passage a été particulièrement concentré, 90,6 % du total saisonnier étant passé en seulement 11 jours (du 27 août au 5 septembre). Signalons cependant que le début de la période de passage (autour du 20 août) a été marqué par des journées de canicule et par une nébulosité souvent très faible, ce qui a pu entraîner une sous-détection importante de l’espèce, certains oiseaux étant probablement passés beaucoup trop haut pour être vus. Au sein même de cette intense période de passage, on notera que le « rush » s’est produit entre 16h le 30 août et 15h le 31 août, période qui a vu passer un total de 1 219 individus. Fait notable, le 30 août, le passage s’est poursuivi jusqu’en toute fin de journée, un groupe de 72 oiseaux étant encore noté très haut en migration au-dessus du Jura à 20h24. Fait classique pour l’espèce, une deuxième vague de passage, nettement plus réduite, s’est produite durant la deuxième moitié du mois de septembre et concernait quasi exclusivement des jeunes de l’année. Sur les 112 bondrées dont l’âge à pu être noté après le 14 septembre, seulement 5 étaient des adultes (4,5 %). La dernière bondrée migratrice a été notée le 12 octobre. En ce qui concerne les variations interanuelles des effectifs comptés sur le site, 2023 s’inscrit dans la continuité de la baisse marquée du nombre de bondrées passant par le Défilé à moyen terme, la dernière année de passage très marquée remontant à 2014."
2023,species,avibase-F558C7F9,"Avec 20 individus comptabilisés sur la période considérée entre le 23 septembre et le 18 novembre, 2023 confirme la tendance à long terme à la baisse des effectifs passant par le Défilé. Comme pour la Buse variable, la question de l’impact d’un possible décalage du passage de l’espèce vers des dates plus tardives à mesure que les températures se font de plus en plus clémentes sur le site en fin de saison mérite cependant d’être posée. La meilleure journée de la saison pour l’espèce a en tout cas été la dernière (4 ind. le 18 novembre) et des individus ont été observés tous les jours du 15 au 18 novembre ce qui semblait montrer un renforcement du passage au moment de la fin du suivi."
2023,species,avibase-63B6412E,"7 individus ont été comptabilisés entre le 12 août et le 9 septembre, ce qui est faible et confirme la tendance à la baisse des effectifs sur le long terme au Défilé."
2023,species,avibase-E2A19474,"En 2023, 401 busards des roseaux ont été dénombrés au Défilé de l’Ecluse.

Le premier de la saison a été observé le 19 août et le dernier le 10 novembre. Le pic journalier est intervenu le 4 septembre (38 individus). Le passage est centré sur septembre, avec 80 % du total noté entre le 30 août et le 1er octobre.

Sur le long terme, les effectifs comptés au Défilé poursuivent leur baisse, après le léger regain du début des années 2010. On notera par exemple que la moyenne des années 2019-2023 (430 ind.) est inférieure de près de 36 % à celle de la période 1993-1997 (676 ind.)."
2023,species,avibase-22647E26,"L’espèce est notée sur le site pour la 5ème année consécutive, avec cette fois-ci 4 individus au total passés le 1er octobre, le 9 octobre, le 23 octobre et le 12 novembre. Ceci confirme la plus grande régularité de l’espèce sur le site de comptage."
2023,species,avibase-3C0C325D,"En 2023, 6 169 buses variables ont été dénombrées au Défilé de l’Ecluse. Le passage a été anecdotique avant le 22 septembre puis s’est intensifié à partir de cette date (première journée avec plus de 20 individus). Un pic de passage très net est intervenu les 16 et 17 octobre, journées qui ont totalisé respectivement 542 et 958 individus. Le total relevé cette année est le plus faible relevé en 31 ans de suivi. Ce résultat trouve probablement en partie son origine dans les conditions météorologiques peu favorables à la migration de l’espèce lors des 3-4 dernières semaines de comptage. En effet, durant cette période, les dépressions se sont succédées rapidement, le dernier épisode de bise sur le site étant intervenu le 23 octobre alors que la période de fin octobre et début novembre constitue habituellement une période de fort passage pour cette espèce. De plus, les températures sont restées inhabituellement élevées en plaine jusqu’à la fin du suivi officiel (aucun jour de gel sur le site de comptage), ce qui a pu inciter les oiseaux stationnés plus au nord à retarder leur migration. Au niveau des variations interannuelles des effectifs, on notera une baisse globale des chiffres depuis l’afflux marqué de 2012, une tendance qui pourrait se poursuivre si les fins de saison aussi clémentes au niveau des températures étaient amenées à se répéter."
2023,species,avibase-28825494,"En 2023, 5 648 cigognes blanches ont été dénombrées au Défilé de l’Ecluse.

Les premières de la saison sont observées le 5 août. Le passage se renforce ensuite petit à petit jusqu’au début du mois de septembre qui constitue le cœur du passage cette saison avec un pic journalier atteint le 3 septembre (538 ind.). Le passage devient beaucoup plus marginal à partir de début octobre, et les dernières sont notées le 1er novembre.

La saison 2023 marque donc le retour à une phénologie de passage plus classique pour l’espèce après une saison 2022 qui avait vu une migration plus précoce des cigognes blanches, la majorité des effectifs étant passés en août. De façon remarquable, le record saisonnier pour le site est de nouveau largement dépassé, cette fois avec une augmentation de plus de 22 % ce qui vient confirmer l’augmentation très rapide des effectifs passant au Défilé observée ces dernières années. Cette bonne santé des populations ouest européennes s’est largement fait ressentir sur d’autres sites de suivi ailleurs en France en 2023, notamment en moyenne vallée du Rhône où les effectifs comptés ont là aussi été exceptionnellement élevés."
2023,species,avibase-E2817DAE,"En 2023, 85 cigognes noires ont été dénombrées au Défilé de l’Ecluse.

Le passage débute dès les premiers jours du suivi (un individu en migration a d’ailleurs été observé le 16 juillet) et est important entre fin juillet et début octobre. Deux petits pics de passage se dessinent : d’abord fin août / début septembre avec un pic le 30 août (7 ind.), puis un second dans la troisième décade de septembre avec un pic le 23 septembre (8 ind.). Les oiseaux se font ensuite nettement plus rares à partir de mi-octobre et le dernier est observé le 8 novembre.

L’effectif total relevé cette année confirme la tendance à la baisse relevée sur le site ces six dernières années après le pic marqué au début et au milieu des années 2010. La moyenne est par exemple de 98 individus comptés sur les saisons 2019-2023 tandis qu’elle était de 154 sur la période 2013-2017."
2023,species,avibase-8372FFBA,"11 individus ont été notés en migration entre le 24 juillet et le 16 septembre. Bien qu’encore très marginaux, les effectifs de cette espèce semblent être en augmentation depuis le milieu des années 2010, ce qui est à mettre en relation avec l’extension de son aire de nidification vers la Suisse."
2023,species,avibase-2DAB45B8,"En 2023, 570 faucons crécerelles ont été dénombrés au Défilé de l’Ecluse.

Le passage de l’espèce a réellement débuté à partir du 14 septembre (9 ind.), première journée avec plus de deux individus. L’essentiel du passage s’est concentré entre le 23 septembre et le 17 octobre, cette période regroupant 488 individus soit plus de 85 % du total saisonnier, avec un pic journalier le 15 octobre (48 ind.).

Au niveau de la tendance à long terme, cette année vient confirmer la tendance globalement à la hausse pour cette espèce observée depuis 2011 (l’année exceptionnelle de 2012 influe fortement sur la tendance des effectifs comptés)."
2023,species,avibase-E91E287A,37 individus ont été comptabilisés entre le 17 août et le 11 octobre ce qui est plutôt dans la moyenne de ces dernières années au Défilé mais une légère tendance à la baisse semble se dessiner sur le long terme.
2023,species,avibase-47E58408,14 individus ont été comptés entre le 14 septembre et le 10 novembre ce qui constitue une excellente année pour l’espèce sur le site.
2023,species,avibase-F3DA111C,"Avec 48 individus comptabilisés entre le 13 septembre et le 16 novembre et un pic journalier à 7 ind. le 17 octobre, 2023 ressort comme une très bonne année pour l’espèce sur le site contrastant ainsi avec les dernières années."
2023,species,avibase-3DF5C587,"En 2023, 20 781 grands cormorans ont été dénombrés au Défilé de l’Ecluse.

La migration débute véritablement à partir du 10 août (103 ind.). Avant cette date, aucune journée ne totalise plus de 35 individus et les allers-et-venues de nombreux individus le long du Rhône rendent difficile la distinction des migrateurs véritables et des individus locaux. Le passage de l’espèce se poursuit ensuite sur l’ensemble de la période de comptage en s’intensifiant à partir de la fin septembre mais sans une période centrale de passage bien marquée. Le pic du passage est intervenu les 28 et 29 octobre, journées qui totalisent respectivement 1 644 et 925 individus. On notera que le passage est encore intense à la fin du comptage officiel (par exemple 848 ind. le 16 novembre) et s’est probablement prolongé (voire intensifié ?) par la suite avec l’arrivée des premières gelées.

Le suivi réalisé en 2023 a permis de bien appréhender le passage de l’esèce sur le site puisque le comptage s’est effectué dès le début de saison à partir du lever du jour, l’espèce passant préférentiellement en début de matinée. 2023 est ainsi la seconde meilleure année pour le Grand Cormoran au Défilé de l’Ecluse et confirme l’intérêt majeur du site pour le suivi de cette espèce en migration postnuptiale ainsi que la nette tendance à l’augmentation des effectifs observée ces dernières années."
2023,species,avibase-49D9148A,"En 2023, 291 grandes aigrettes ont été dénombrées au Défilé de l’Ecluse.

Le passage de l’espèce s’est effectué en 2023 tout au long de la période de comptage, sans qu’on puisse véritablement dégager une période centrale, même si on peut constater que les effectifs sont nettement plus élevés lors de la deuxième moitié de la saison, avec un pic journalier intervenant le 29 septembre (20 ind.).

Comme pour le Grand Cormoran, le suivi réalisé en 2023 a permis de bien appréhender le passage de cette espèce et de mettre en valeur un passage significatif en début de saison (65 ind. comptés en juillet et août ce qui représente plus de 22 % du total saisonnier).

Etant donné l’inégalité de la pression d’observation sur les heures de passage de l’espèce d’une année sur l’autre, la tendance des effectifs comptés est à prendre avec précaution. On constate néanmoins une augmentation des effectifs de l’espèce depuis le début du suivi en 1993. Le caractère de plus en plus commun de la Grande Aigrette est largement constaté ailleurs en France, en particulier lors de comptages spécifiques aux oiseaux d’eau comme les comptages Wetlands des oiseaux d’eau hivernants."
2023,species,avibase-99B8841E,"En 2023, 921 grues cendrées ont été dénombrées au Défilé de l’Ecluse.

Les premières sont notées le 17 octobre (1 ind.) puis le 21 octobre (4 ind.) mais le gros du passage ne démarre qu’au 2 novembre et 96 % du passage a lieu entre le 2 novembre et le 10 novembre même s’il faut bien sûr tenir compte du fait que des groupes sont probablement passés après le fin du suivi officiel. Le pic journalier a lieu le 7 novembre avec 451 individus recensés. Après trois années consécutives moins fournies en grues cendrées, 2023 maintient donc la tendance globale à la hausse observée depuis le début des années 2010. Rappelons aussi que la Grue cendrée peut migrer aussi bien de jour que de nuit et que selon les années, une proportion variable du passage peut donc échapper aux observateurs ce qui vient s’ajouter aux biais habituels des suivis de migration pour les grands planeurs et limite la portée des comparaisons interanuelles."
2023,species,avibase-66AA3934,"En 2023, 778 guêpiers d’Europe ont été dénombrés au Défilé de l’Ecluse.

Le premier groupe est notée le 11 août (44 ind.). Les groupes sont relativement rares jusqu’au début du mois de septembre. Le cœur du passage a lieu durant la première décade de ce mois avec 482 individus entre le 5 et le 10 septembre (soit 62 % du total saisonnier). Le dernier est observé le 15 septembre. L’année 2023 constitue la deuxième meilleure année de l’espèce pour le site. On notera qu’après une hausse exponentielle des effectifs entre 2014 et 2019, le nombre de guêpiers d’europe comptabilisés sur le site semble se stabiliser sur les dernières années."
2023,species,avibase-6429024D,"En 2023, 1 943 hérons cendrés ont été dénombrés au Défilé de l’Ecluse.

Comme pour le Grand Cormoran et la Grande Aigrette, le passage a débuté dès le lancement du comptage. Il ne s’est cependant intensifié qu’à partir du 10 août (38 ind. comptés) qui constitue la première journée avec plus de 10 oiseaux. La migration de cette espèce est loin d’être négligeable au mois d’août avec des départs de quelques dizaines d’oiseaux régulièrement notés à partir du 10 août. Le cœur du passage se situe clairement en septembre avec des pics notés les 2 septembre (115 ind.), 4 septembre (188 ind.), 15 septembre (188 ind.) et 25 septembre (118 ind.). L’espèce devient nettement moins régulière à partir de début octobre même si un petit regain est noté un peu après la mi-octobre. Le passage devient ensuite anecdotique à partir de début novembre.

Comme pour les deux espèces précédentes, le passage du Héron cendré au Défilé a pu être bien appréhendé en 2023 grâce à un suivi s’étalant sur toute la journée dès le 11 août même si quelques dizaines d’oiseaux sont peut-être passés inaperçus lors des soirées de fin juillet et début août. 2023 constitue ainsi la meilleure saison pour l’espèce au Défilé et confirme la légère tendance à la hausse des effectifs observée depuis le début des années 2010."
2023,species,avibase-06D9A2C8,"En 2023, 7265 milan noirs ont été dénombrés au Défilé de l’Ecluse.

Les premiers oiseaux en migration sont observés dès le début de suivi. Deux pics de passage à plus de 1000 oiseaux se sont produits, le 30 juillet (1002 ind.) et le 5 août (1895 ind.). Le passage a été relativement concentré avec 77 % de l’effectif saisonnier comptabilisé entre le 30 juillet et le 11 août. Le passage devient anecdotique à partir du 18 août mais on notera qu’un léger regain a eu lieu début septembre, période à laquelle les milans noirs observés étaient souvent associés aux groupes de bondrées apivores. Le dernier individu a été observé le 22 octobre, date très tardive pour l’espèce.

Les deux journées pics de migration ont été immédiatement précédées d’épisodes pluvieux et on notera que la journée du 4 août, jour où la pluie tombait sur le site de comptage, a coïncidé avec un fort passage de milans noirs à Meinier (Suisse) où près de 2000 individus ont été comptabilisés ce jour-là. La direction prise par ces oiseaux incite à penser qu’ils ont emprunté une voie de migration trop éloignée du Défilé pour pouvoir être vus par les observateurs. Les blocages météo locaux, même de courte durée peuvent donc donner lieu à des reports particulièrement significatifs d’oiseaux vers d’autres points de passage et affecter de façon importante les totaux saisonniers.

Au niveau de la phénologie horaire, plusieurs observations d’oiseaux en migration active jusqu’à tard en soirée permettent de rappeler que le passage de l’espèce est possible jusqu’en fin de journée malgré sa propension à utiliser les ascendances thermiques. On peut par exemple mentionner cette observation d’un groupe de 19 oiseaux en migration active à 21h le 15 août, passant au-dessus du Vuache plusieurs minutes après le coucher du soleil.

Ceci étant, la saison 2023 s’inscrit comme une année relativement faible pour l’espèce au regard de ce qui a pu être observé depuis le début des années 2010, les saisons records de 2011, 2014, 2017 et 2021 tirants fortement la moyenne de cette période vers le haut."
2023,species,avibase-451D6FC8,"En 2023, 13 046 milans royaux ont été dénombrés au Défilé de l’Ecluse.

La migration de l’espèce est restée anecdotique jusqu’au 23 septembre (106 ind.), aucune journée ne totalisant plus de 25 individus avant cette date. Dès lors le passage a été particulièrement intense de fin septembre à mi-octobre, le pic journalier intervenant le 17 octobre (1 025 ind.). Après cette date le passage a globalement diminué même si certaines journées ont encore totalisé plusieurs centaines d’individus (par exemple 413 ind. le 8 novembre).

Tout comme pour la Buse variable, les conditions météorologiques sur les 3-4 dernières semaines de suivi ont été plutôt très défavorables et il y a fort à parier pour que le passage de cette espèce se soit renforcé dès les premiers jours de bise suivant la fin du comptage officiel comme cela a pu déjà se produire par le passé.

Néanmoins, la période du cœur de passage pour le Milan royal intervenant nettement plus tôt en saison que pour la Buse variable, l’effectif saisonnier est particulièrement remarquable puisqu’il constitue la troisième meilleure année pour le site après les années records de 2021 et 2022. Cela vient conforter la très nette tendance à la hausse de l’espèce sur le long terme. Du fait de la baisse notable des effectifs entre 2021 et 2022 puis entre 2022 et 2023, cette hausse n’apparaît cependant plus exponentielle comme pouvait le suggérer la courbe de tendance à l’issu de la saison 2021. Cette même courbe suggère désormais davantge une stabilisation récente des effectifs passant par le Défilé qui sera bien évidemment à confirmer sur le plus long terme."
2023,species,avibase-760F307A,"En 2023, 90 681 pigeons ramiers ont été dénombrés au Défilé de l’Ecluse.

Le premier oiseau en migration est noté le 11 septembre dans un groupe de pigeons colombins.

Le passage ne forcit réellement qu’à partir de début octobre et 4 journées de ce mois concentrent à elles seules 75 % du passage : le 16 octobre (9 129 ind.), le 17 octobre (10 699 ind.), le 23 octobre (37 396 ind.) et le 30 octobre (10 370 ind.). Ces journées de très fort passage ont été caractérisées du point de vue météorologique par une absence de vent et une couverture nuageuse basse cachant les crêtes du Jura.

Le passage est plus faible en novembre mais se poursuit néanmoins jusqu’à la fin du suivi avec par exemple 1 111 individus le 18 novembre.

Cette saison 2023 s’inscrit donc dans une relative stabilité des effectifs de pigeons ramiers passant par le Défilé depuis 1994. Rappelons qu’historiquement les effectifs relevés dans les années 60 et 70 étaient beaucoup plus importants (plusieurs centaines de milliers par saison)."
2023,species,avibase-97C47F3E,"1 oiseau en migration active a été observé le 12 octobre. C’est donc la quatrième année d’affilée que l’espèce est notée en migration active sur le site du Défilé confirmant sa plus grande régularité. Notons que l’aire de nidification de l’espèce continue de s’étendre en France, un couple ayant niché dans les Dombes en 2023."
2023,species,avibase-DB376A66,"En 2023, 866 éperviers d’Europe ont été dénombrés au Défilé de l’Ecluse.

Le premier individu en migration a été noté le 7 août. Le passage est resté anecdotique avant le 14 septembre (15 oiseaux comptabilisés), première journée avec plus de 5 individus. Le passage est ensuite bien marqué sur l’ensemble de la deuxième moitié du suivi avec un pic journalier à 90 individus le 23 octobre.

La baisse des effectifs notée depuis le début des années 2010 est assez spectaculaire. La moyenne de la période 2019-2023 (905 ind.) est par exemple inférieure de 54 % par rapport à celle de la période 2010-2014 (1977 ind.)."
2024,site,background,"La LPO tient à remercier les financeurs du suivi pour cette 31° saison à savoir la Station Ornithologique Suisse et le Groupe Ornithologique du Bassin Genevois sans le soutien desquels le suivi n'aurait, une nouvelle fois, pu se tenir cette année.

Le site du défilé du Fort l'Écluse (ou Défilé de l'Écluse) fut mis en évidence en 1947 (J. BURNIER, P. CHARVOZ, P. GEROUDET, R. HAINARD, C. VAUCHER et al.) pour ses passages spectaculaires de pigeons et de corvidés. Par la suite, P. CHARVOZ et JD. FONTOLLIET consacrèrent une grande partie de leur temps libre à l'observation de la migration sur ce site privilégié.

La première synthèse qui fut l'œuvre du Groupe des Jeunes de Nos Oiseaux, section Genève (G. MÜLHAUSER, T. SCHMID, A. SCHUBERT ET C. VICARI) porte sur une permanence journalière du 13 août au 30 octobre 1983. Puis c'est en 1992, après 75 jours d'observation continue et le dénombrement de plus de 11 000 rapaces, qu'il est envisagé de mettre en place un suivi permanent dès l’année suivante, associant les Suisses de Nos Oiseaux (P. CHARVOZ, M. MAIRE et al.) et les Français du Groupe Ornithologique Haut Savoyard, future LPO Haute-Savoie (J-P. MATERAC et al.). De 1993 à 2007, le suivi a été assuré au minimum de mi-juillet à fin novembre et ce, tous les jours durant lesquels les conditions météorologiques le permettaient.

À la fin de la saison 2007, le DR. CHARVOZ ayant exprimé son impossibilité à assurer une saison supplémentaire, la LPO Haute-Savoie a formulé une demande au collectif « Tête en l'air », avec pour objet la mise en place d'une permanence salariée durant quatre mois afin de poursuivre le suivi de la migration postnuptiale sur ce site remarquable. Entre 2008 et 2016, le suivi est donc assuré par un seul salarié, puis par 2 professionnels, de 2017 à 2023, les spotteurs étant aidés par les bénévoles.

Longtemps, l'acquisition de connaissances sur les migrations d'oiseaux n'a pu se faire que par l'observation directe. Malgré le développement d’autres techniques de suivis (baguage, pose de balises, radar), l'identification et le comptage des migrateurs en des points de passage stratégiques demeurent une méthode indispensable et pertinente, dans la mesure où, comme pour tout échantillonnage, les suivis sont réalisés dans les mêmes conditions d'une année à l'autre (protocole stable), et sur une longue période (au moins dix ans).

Alors qu'il reste encore à découvrir de nombreux aspects mal connus de la vie des oiseaux migrateurs, la connaissance apportée par les suivis constitue une base solide sur laquelle repose toute évaluation patrimoniale. Les données engrangées durant les nombreuses heures d'observation apportent des informations essentielles sur le déroulement de l’activité migratoire. Les effectifs dénombrés selon un protocole standardisé sur chaque site permettent de mesurer la chronologie de la migration et son évolution dans le temps. Ils offrent aussi la possibilité de produire des indicateurs de la dynamique des populations d'oiseaux. L'évolution du nombre d'oiseaux observés sur un site en migration active est le plus souvent corrélée à la taille de la population de laquelle ils sont issus. La combinaison de tels indicateurs provenant d'un réseau de sites offre une meilleure précision dans le calcul des tendances des effectifs et de l'évaluation de l'état de santé des espèces suivies. Ces conditions remplies, les données recueillies permettent d'évaluer l’état de santé des oiseaux migrateurs en comparant l'évolution des effectifs. Ainsi le suivi de la migration à Organbidexka, qui est conduit depuis plus de trente ans, a permis de mesurer le déclin des populations ouest européennes de Milan royal et a conduit à l'élaboration d'un plan national de restauration de l'espèce ».

Source : Mission Migration France.

Extrait de « CHARVOZ & AL. 1996 » « Le défilé du Fort l'Écluse est pratiquement la sortie naturelle du Plateau suisse en direction du sud-ouest. Cet « entonnoir » géographique provoque une concentration des migrateurs en ce point, la crête du Jura paraissant les guider, surtout lorsque le plafond nuageux est bas. En effet, c'est dans cette région que la chaîne principale du Jura devient de plus en plus élevée (Le Reculet, 1717 m) et s'oriente au sud. De l’autre côté du défilé du Fort l'Écluse, au fond duquel coule le Rhône, ce plissement se termine par le Vuache (altitude comprise entre 890 et 1101 m), qui mesure une dizaine de kilomètre de long. A l'est, le Salève (altitude : 1200-1375 m) et, bien au-delà, les Préalpes savoyardes influencent aussi le passage.

Le passage dans le défilé lui-même (altitude 343 m au Pont Carnot) est loin d'être la règle générale. En effet, un grand nombre de migrateurs ne transitent pas par le défilé mais passent à l’est, parfois très loin, puis franchissent le Mont Sion où le Vuache. D'autres individus, surtout par temps clair, franchissent la chaîne du Jura en amont du Crêt d'Eau (1621 m). » Le site du Fort l'Écluse a été parfois utilisé jusqu'au début des années 90 et en particulier lors de l'étude de 1983, mais le suivi le plus régulier a toujours été effectué depuis la commune de Chevrier, à environ 800 m à l’ouest du point actuel. Bien que beaucoup moins d'oiseaux soient décomptés au Fort, il s'agit certainement du meilleur endroit pour l'observation rapprochée des migrateurs qui transitent par le défilé. Le site de Champ Vautier a été choisi au cours de la saison 1992, quand nous nous sommes aperçus que de très nombreux oiseaux passaient loin à l'est et n'étaient pas visibles depuis le point de suivi situé à l’ouest. De plus les arbres ayant poussé autour de celui-ci, le repérage des oiseaux devenait problématique."
2024,monitoring,methods,"Field protocol:

Le site d'observation se trouve au pied nord-est du massif du Vuache, sur la rive gauche du Rhône, entre le fleuve et le village de Chevrier, à une altitude de 400 mètres. Le lieu même de suivi se trouve entre les lieux-dits Champ Vautier et Rogy le long de la voie SNCF. Cette position offre les meilleures conditions de visibilité à la fois sur la chaîne du Jura au nord et en direction du massif du Salève à l'est.

De façon générale depuis le début du suivi permanent en 1993, les observations sont effectuées au minimum et si les conditions le permettent, de 10h à 17h en été (GMT + 2), mais souvent jusqu'à 19h30, et de 9h à 16h en automne (GMT +1), mais presque chaque jour du lever au coucher du jour depuis quelques années.

En 2024, les observations ont été systématiquement effectuées du lever du soleil à 18h00 jusqu'au 31 juillet puis du lever au coucher du soleil jusqu’au 18 novembre.

La sphère d'observation est balayée systématiquement et en permanence avec des jumelles (le plus souvent 8x42 où 10x42) afin de repérer les groupes où individus isolés. La longue vue (par exemple 20-60x80) n'est utilisée que pour l'identification et le dénombrement et en aucun cas pour le repérage.

Les individus de chaque espèce en migration active sont identifiés, comptés et leur nombre, ainsi que leur âge et leur sexe s'il y a lieu, est saisi directement sur tablette par les spotteurs ou les bénévoles.

Les rapaces et grands oiseaux (ciconiiformes, cormorans, ardéidés) constituent la cible principale du suivi et sont en conséquence dénombrés à l'unité dès que c'est possible. Les pigeons font l'objet d'une estimation par groupes. Toutes les autres espèces en migration active sont, dans la mesure du possible, identifiées. Leur dénombrement fait si possible l'objet d'un comptage le plus précis possible selon les possibilités du moment (nombres d'observateurs présents / intensité du passage des espèces prioritaires).

De nombreux points de repère ont été définis sur le site (relief, infrastructures, arbres isolés, etc.) afin de faciliter le repérage par tous les observateurs présents. Le franchissement de certains de ces repères ainsi que l'observation des comportements permet de considérer, ou non, un oiseau comme migrateur. En cas de fort passage de rapaces, une première estimation de l'effectif est effectuée, au loin, lors du repérage aux jumelles. Ensuite, le déplacement du groupe est suivi, puis les oiseaux sont de nouveau comptés au moment du passage, au plus près des observateurs.

Deux salariés de la LPO Auvergne Rhône-Alpes, en poste à la délégation Haute-Savoie, sont responsables, en alternance, du suivi chaque jour de la semaine, y compris les samedis, de mi-juillet à mi-novembre. Ils sont aidés quasiment chaque jour, et remplacés les dimanches et jours fériés par un ou plusieurs bénévoles. Cette année, le suivi officiel a débuté le 18 juillet et pris fin le 18 novembre.

Data processing and analysis:

L'ensemble des observations a été saisi dans la base de données en ligne Trektellen.org, au fur et à mesure du passage, grâce au téléphone dédié à la saisie.

Afin de ne pas surcharger le présent rapport et par souci de lisibilité, seuls les rapaces et les espèces dont les effectifs sur le site sont significatifs font l’objet d'une petite monographie présentant le déroulement du passage lors de la saison 2024 et l'évolution interannuelle des effectifs.

Pour les 7 espèces de rapaces cibles principales du suivi, représentant plus de 99,2 % de l'effectif total de ce groupe, et le Balbuzard pêcheur, un graphique reprend les effectifs saisonniers et indices annuels sur une période similaire (du 18 juillet au 18 novembre) de 1993 à 2024. L'indice annuel est calculé à partir d'indices journaliers pondérant les effectifs journaliers avec le temps de suivi journalier. Cette pondération, ainsi que l'utilisation des données acquises dans une période équivalente chaque année, permet de gommer en partie les effets de la variation de pression d'observation. Cela permet également de produire une courbe de tendance (régression polynomiale cubique) plus fiable que la simple utilisation de l'effectif brut annuel.

Pigeons : Il est important de notifier certaines incohérences dans l'évolution des chiffres de columbidés. De la deuxième décade d'octobre à la fin du suivi, les vols de ramiers sont très souvent accompagnés de quelques pigeons colombins, ces derniers étant difficiles à détecter individuellement. Concernant ce comptage, les méthodes diffèrent selon les années et les observateurs. Par exemple, certains choisissent de saisir toutes les données en « pigeon ramier » sans identification individuelle, considérant la proportion de colombins comme anecdotique. D'autres font le choix d'envoyer ces données seulement si l'identification est avérée, en saisissant « pigeon indéterminé » lorsque c'est impossible. Dans les graphiques des figures, nous analyserons les chiffres de pigeons ramiers en additionnant « pigeon ramier » + « pigeon indéterminé ». Il faut donc faire preuve de prudence dans l'étude des effectifs de pigeons colombins."
2024,monitoring,effort,"En 2024, le suivi officiel de la migration a eu lieu du 18 juillet au 18 novembre soit 124 jours totalisant heures de suivi. Sur cette période, hormis le 26 septembre et le 29 octobre (aucune visibilité), toutes les journées ont fait l’objet d'un comptage, y compris lorsque les conditions météorologiques étaient défavorables.

Un comptage bénévole a également eu lieu sur le site le 16 et 17 juillet.

Dans le but de pouvoir comparer au mieux les résultats d'une année sur l’autre, les graphiques et tableaux présentés ci-dessous sont restreints à la période du 18 juillet au 18 novembre (période comptée chaque saison entre 1993 et 2024). C'est ainsi que le lecteur attentif pourra observer quelques légères différences de chiffres entre les résultats présentés dans ce rapport et les résultats inscrits sur la base de données Trektellen.org.

Un merci tout particulier à Benjamin Bruno notre spotteur bénévole de compète qui a tenu tous les dimanches et jours fériés !

Pour la saison 2024, la LPO Haute-Savoie a assuré une présence quotidienne avec au moins un ornithologue durant les quatre mois que dure la migration postnuptiale c'est-à-dire du 17 juillet au 18 novembre.

C'est donc depuis Champ Vautier que la majorité des observations de 2024 a été réalisée.

Durant les quelques heures de certaines matinées où le site de suivi de Champ Vautier se trouvait en plein brouillard à cause de l'humidité du Rhône, les observations ont été réalisées depuis le cimetière de Vulbens situé plus en hauteur, km au SSE du site de suivi habituel."
2024,monitoring,nocturnal,"Le suivi nocturne réalisé en 2024 est un suivi acoustique qui consiste à enregistrer les cris des oiseaux survolant le site. Les enregistrements ont été effectués à l'aide d'un enregistrement SM-MINI (Song Meter Mini).

Le boitier est placé à même le sol proche du site de comptage diurne. L'enregistrement a lieu toutes les nuits de 18 juillet au soir au 17 novembre au matin. La période de comptage est comprise entre la fin du crépuscule (30 minutes après le coucher du soleil) et le début de l'aube (30 minutes avant le lever du soleil) suivant ainsi les recommandations de l'ouvrage La migration nocturne par le son (Wroza et Rochefort, 2021).

Par soucis de moyens techniques et humains, les données n'ont pas été analysées pour le moment, elles sont stockées sur un disque dur en attendant qu'une oreille et des yeux aguerris s'en occupent."
2024,weather,season,"Commentaire : Météo relativement classique sur la saison, pas de canicule forte, ni d'épisode pluvieux long et intense. Cependant, aucune réelle chute de température ne s'est installée mis à part en toute fin de saison. Le brouillard persistant sur le Bassin Genevois est assez connu, mais peu sur des périodes aussi longues (2 à 3 semaines)."
2024,weather,july,"Juillet : globalement chaud et ensoleillé, seules deux journées étaient chargées en nébulosité basse, et 4 présentaient un grand ciel bleu ; visibilité généralement moyenne à bonne de par les brumes de chaleurs ; quelques stratus sur le Rhône le matin; vent absent ou de secteur sud-ouest globalement ; bise seulement quelques jours en fin de mois."
2024,weather,august,"Août : Première quinzaine, nébulosité haute et basse omniprésente excepté 2 jours de « grand bleu » ; visibilité moyenne à bonne pour cause de brumes de chaleurs ; faibles vents de secteur changeant ; stratus sur le Rhône lors de certaines matinées ; quelques jorus de légère bises ; température de saison dans les alentours de 25-30°C ; quelques rares pluies éparses, orages parfois sur les reliefs.

Deuxième quinzaine, nébulosité haute et basse omniprésente ; trois journées sans la moindre couverture nuageuse ; visibilité moyenne à bonne avec des périodes de brumes de chaleurs au vu des températures d'été ; beaucoup de vent oscillant de sud à ouest avec sessions de nord à nord-est créant de fortes rafales ; températures de saison; orages parfois sur les reliefs."
2024,weather,september,"Septembre : Première quinzaine, nébulosité à tendance basse et élevée avec T seule journée vide de nuage ; visibilité moyenne avec des périodes de stratus sur le Rhône ; vent assez faible alternant de nord-est à sud-ouest; périodes de pluies et averses non négligeables pouvant diminuer fortement la visibilité, rendant le suivi temporairement infaisable ; températures globalement normales, relativement basses sur là fin de quinzaine.

Deuxième quinzaine, importante part de nébulosité basse; visibilité moyenne voir bouchée par moment; quatre jours de bise et beaucoup de vent de secteur sud à sud-ouest avec des forces variées ; cinq jours de pluie et averses presque continues de faible intensité sauf une journée complètement hors protocole ; températures de saison."
2024,weather,october,"Octobre : Première quinzaine, nébulosité basse très importante ; visibilité moyenne avec quelques périodes de stratus le matin ; quelques matinées venteuses de secteur nord-est, puis majoritairement sud-ouest à sud-sud-ouest ; trois jours de pluie et quelques journées de pluie éparse et averses ; quelques journées chaudes ; températures dans la moyenne.

Deuxième quinzaine, couverture nuageuse basse très importante ; visibilité moyenne à mauvaise en fin de mois à cause du brouillard persistant sur le bassin genevois ; trois jours de bise puis des vents de sud-sud-est à est; quelques rares moment de pluie et averses ; pas de changement de températures."
2024,weather,november,"Novembre : brouillard persistant sur la première dizaine du mois ; quelques rares après-midi se dégagent ; visibilité mauvaise à moyenne au début avec le stratus, plutôt bonne à la fin; cinq journées de bise ; température inchangée jusqu'à l’arrivée du vent de nord-est, créant une baisse des températures sur la dernière semaine."
2024,results,overview,"Le Milan noir, le Milan royal et la Buse variable constituent la majorité des espèces de rapaces contactées au Défilé avec 88.57% des effectifs totaux. Si nous ajoutons à ceci le Faucon crécerelle, la Bondrée apivore et l'Epervier d'Europe, nous sommes à 97.93% des effectifs globaux.

La saison 2024 se situe dans la moyenne basse des 5 dernières années. Ceci peut s'expliquer par une météo peu clémente vis-à-vis du passage du Milan noir et de la Bondrée apivore. En effet, les périodes de grosses chaleurs et de grands bleus lors des pics de passage de ces deux espèces-ci ont biaisés leur véritable passage. Comme précisé plus bas, un spot de migration à Pizy en Suisse, a comptabilisé, en une journée, presque la totalité de la saison du Défilé. Les périodes de grosses chaleurs permettent aux rapaces en migration de monter extrêmement haut dans le ciel grâce aux thermiques ce qui les mets hors de portées des jumelles, c'est-à-dire hors protocole. À plusieurs occasions, au travers des longues-vues, nous avons pu constater des passages extrêmement lointains de rapaces indéterminés à des hauteurs ahurissantes.

Le Milan royal voit ses populations augmenter au fil des années et notamment depuis ces 5 dernières années. Avec une magnifique journée comptant 2000 milans royaux, l'espèce se porte bien sur le Défilé et de manière globale malgré un passé difficile.

Concernant la Buse variable, il est difficile de se prononcer sachant que cette espèce est très liée aux conditions météorologiques notamment aux périodes de grands froids qui accélèrent la migration en France et en Espagne. Lors de cette saison, nous n'avons eu que deux petites périodes de chute de températures suivi d'une hausse.

La plus belle journée de la saison est le 11 octobre avec plus de 2000 milans royaux."
2024,results,highlights,"Hors rapaces, ce ne sont pas moins de 111 espèces contactées depuis le spot du Défilé de l'Ecluse en comprenant les espèces indéterminées et espèces « slache » (exemple: Pinson des arbres / Pinson du Nord) soit 95 espèces identifiées. Ceci dit, il est intéressant de prendre en compte le fait qu'il ny a eu que peu de journée avec du vent de secteur sud-ouest. Ce vent pousse les passereaux contre le Jura et favorise ainsi la détection depuis le spot du Défilé de l'Ecluse, proche des pentes du Jura.

L'année 2024 à constitué un record saison pour 19 espèces sans prendre en compte les espèces indéterminées dont des nouvelles données pour le spot.

Pour les espèces ayant des effectifs indéniables pour le Défilé de l'Écluse, on retrouve le Elanion blanc (Eleanus caruleus}. 1 individu est passé le 25 septembre. Il s'agit de la cinquième année consécutive où l'espèce est contactée. Rappelons qu'il est en pleine expansion sur le territoire français depuis une quinzaine d'années.

Il est important de notifier certaines incohérences dans l'évolution des chiffres de columbidés. De la deuxième décade d'octobre à la fin du suivi, les vols de ramiers sont très souvent accompagnés de quelques pigeons colombins, ces derniers étant difficiles à détecter individuellement. Concernant ce comptage, les méthodes diffèrent selon les années et les observateurs. Par exemple, certains choisissent de saisir toutes les données en « pigeon ramier » sans identification individuelle, considérant la proportion de colombins comme anecdotique. D'autres font le choix d'envoyer ces données seulement si l'identification est avérée, en saisissant « pigeon indéterminé >» lorsque c'est impossible. Dans les graphiques suivants, nous analyserons les chiffres de pigeons ramiers en additionnant « pigeon ramier » + « pigeon indéterminé ». Il faut donc faire preuve de prudence dans l'étude des effectifs de pigeons colombins.

Chaque saison de migration apporte son lot de surprises et de curiosités, 2024 n'a pas dérogé à la règle.

Quelques limicoles, rares sur le site, viennent toujours égayer certaines journées. Ainsi, 5 courlis corlieux ont été recensés entre août et septembre; mais également 5 courlis cendrés entre août et octobre. Quasi annuelles, 4 bécassines des marais furent observées, dont 3 sous un temps pluvieux. Quelques bécasseaux variables, se mêlant aux flux d'hirondelles ont filé droit vers le Vüache. Plus rare encore, 2 grands gravelots et 1 pluvier doré sont passés en octobre.

Les laridés nous ont gratifié d'une diversité peu commune depuis le spot. Ces quelques 72 mouettes mélanocéphales en sont un bon exemple. Cette espèce est encore rare en Suisse et Haute-Savoie, le meilleur effectif avait déjà été atteint en 2023 avec 12 individus, 2024 semble donc remarquable. Il s'agissait le plus souvent de jeunes oiseaux accompagnant des troupes de mouettes rieuses.

Le Goéland cendré s'est montré à deux reprises, même si un seul oiseau est réellement passé en migration active. Deux contacts également pour le Goéland brun, espèce non-annuelle sur le site.

La Sterne caspienne est la plus grande des sternes. Quelques dizaines à quelques centaines sont observées lors de chaque migration en France, ce qui en fait un oiseau peu fréquent. Celle-ci semble emprunter la voie d'Europe de l’ouest Un peu plus chaque année. Ainsi, avec 14 individus recensés du 10 août au 30 septembre, 2024 fait office de nouveau record pour l'espèce. Il sera pertinent de suivre l'évolution des effectifs de l'espèce dans les prochaines années.

Pour finir en beauté sur cette famille, deux premières mentions ont été réalisées cette année. Le Goéland marin, plus grand des goélands d'Europe, très rare dans la région. Mais également le Goéland pontique, sa difficulté d'identification et son aire d'hivernage en font une espèce rare localement.

Ces deux passereaux aux aires de répartition très lointaines furent de belles surprises : le Pipit à gorge rousse et le Pouillot à grands sourcils. Il s’agit respectivement de leur 2°me mention sur le site. Cela rentre dans le contexte de cet automne, de nombreuses observations d'oiseaux d’origine sibérienne ont été réalisées partout en France.

Les hirondelles font l’objet d’un comptage depuis une quinzaine d'années. Cependant, la largeur de la sphère ne permet pas d'obtenir des comptages exhaustifs. Malgré tout, une tendance s'est clairement dessinée cette saison puisque les effectifs d’hirondelles rustiques (15 035 ind.) furent inférieurs à ceux de l’hirondelle de fenêtre (17583 ind.). Bien que jamais un total aussi élevé n'avait été obtenu pour l’hirondelle de fenêtre sur le site, ce cas de figure n'arrive quasiment jamais, même à échelle française. Cela pourrait être inquiétant pour l'hirondelle rustique, même si le nombre d'hirondelles indéterminées (15 748 ind.) en comporte certainement une grande part.

Nous retiendrons également un moment inédit pour le site. Dans la matinée du 13 octobre, 94 merles à plastron ont bravé la pluie battante, le tout en 30min seulement. Jamais un tel effectif n'avait été obtenu en 31 ans de suivi, cette journée est également exceptionnelle à échelle française."
2024,results,discussion,"Le bon déroulement du suivi en 2024 s'est fait grâce au soutien de 157 observateurs bénévoles. Cela a permis le comptage de 388 546 oiseaux migrateurs dont 37 925 rapaces et 350 621 autres oiseaux sur la période du 18 juillet au 18 novembre 2024.

Nous avons pu constater que les proportions de rapaces sont dans une période de changement. Les effectifs de milans royaux continuent d'augmenter, la Buse variable ne descend plus autant, les conditions météorologiques douces lui permettant de rester plus au nord. Le Milan noir et la Bondrée apivore sont sujets à des fortes variations interannuelles même si la situation semble préoccupante pour la seconde.

Les très beaux effectifs de pigeons ont fait leur grand retour au Défilé de l’Ecluse, cela n'était pas arrivé depuis près de 30 ans.

La Grande aigrette, le Héron cendré et le grand Cormoran ont démontré une fois encore l'intérêt du site dans leur étude. Nous encourageons l'effort d'observation ciblé sur ces espèces pour les saisons futures.

Pour finir, la LPO AURA délégation Haute-Savoie tient une nouvelle fois à remercier très chaleureusement les partenaires financiers que sont la Station Ornithologique Suisse de Sempach et le Groupe Ornithologique du Bassin Genevois sans lesquels ce suivi ne pourrait se maintenir."
2024,outreach,activities,"L'intérêt du suivi de la migration réside également dans la convivialité qu'il entraîne. Ce contexte permet à de nombreuses personnes de découvrir, progresser où encore simplement de profiter du spectacle. Les discussions enrichissantes autour du phénomène ne peuvent rendre que plus riches ces expériences de comptage.

Dans ce but, une journée d'ouverture a été organisée le dimanche 21 juillet. Pour l'occasion, Didier Besson, président de la LPO Haute-Savoie a tenu un stand durant la journée. Les adhérents et bénévoles mais également les membres du GOBG et GOSS, ont pu découvrir ou redécouvrir le site.

La formation LPO 74, emmenée par Thibault Goutin, a effectué 2 sorties sur le spot du Défilé de l'Ecluse. Une superbe ambiance pédagogique s'est ressentie sur spot, témoignant de ce dévouement certain pour l'apprentissage et la protection des oiseaux.

Le Groupe Ornithologique du Bassin Genevois à organisé une sortie le samedi 5 octobre. Beaucoup d’autres amateurs et curieux étaient présents lors de cette journée. Les pompes de rapaces et cigognes ont émerveillé tous les observateurs découvrant le spectacle à ciel ouvert.

Malheureusement, l'évènement annuel « Eurobirdwatch - Journées Européennes de la Migration » s'est déroulé durant un dimanche pluvieux. Une vingtaine de courageux(ses) sont tout de même venus ! En dehors de ces journées organisées, un nombre important d'observateurs sont passés sur spot tout au long de la période. Présents du lever au coucher du soleil, les salariés et bénévoles ont pu les accueillir spontanément.

Un stagiaire, étudiant au lycée agricole de l'ISETA à Chavanod, a été accueilli durant trois semaines. Il a prêté main forte à l’équipe permanente. Celui-ci a pu améliorer ses compétences d'identification et de comptage dans le contexte bien précis qu'est le suivi de la migration.

Une page sur le site de la LPO Auvergne-Rhône-Alpes permet d'orienter les personnes souhaitant s'investir ou en apprendre plus sur cette opération."
2024,species,avibase-2A16982E,"Un individu typé « Pomarin » a été contacté le 15 septembre. Cependant, les ressemblances et la possible hybridation avec l’'Aigle criard ne rendent son identification possible que dans des bonnes conditions d'observation."
2024,species,avibase-5F8E7CA8,"Il arrive que des individus isolés, souvent immatures, quittent les terres nordiques pour rejoindre le sud de l'Europe. Ce fut le cas le 24 septembre."
2024,species,avibase-95DD1855,"Statuer un autour comme « migrateur » n'est pas évident... pourtant certains oiseaux très nordiques peuvent descendre vers la France, accompagnant souvent les flux d’autres rapaces. 3 individus ont été relevés du 11 au 24 octobre."
2024,species,avibase-1327AC55,"Le comportement singulier du Balbuzard pêcheur en fait un des incontournables d'une saison de migration. Rappelons qu'il est possible de le contacter à n'importe quelle heure de la journée et sous n'importe quelle météo. Rien ne semble perturber ses puissants battements d'ailes, pas même le fait de transporter un poisson entre ses serres.

Si son pic de passage se déroule durant le mois de septembre, il s'étale en réalité de fin juillet à novembre pour les plus tardifs. Le premier individu, bien précoce, est passé le 20 juillet sous un soleil de plomb. Les observations sont devenues régulières en août et début septembre, puis ont repris après une semaine de mi-septembre plus calme. Le pic journalier se situe à 9 individus le 29 septembre. Le total saisonnier est dans la moyenne du site, il rentre dans une certaine stabilité des effectifs obtenus depuis quelques années.

A échelle européenne, le Balbuzard pêcheur semble afficher une bonne dynamique. La tendance croissante des couples installés en France en témoigne. Cependant, de par l’activité humaine, son milieu favorable reste fragile et sujet à des changements majeurs."
2024,species,avibase-ED5A7E8F,"La Bondrée apivore, grande consommatrice d'hyménoptères, est un migrateur transsaharien. Son passage dans le quart nord-est de la France se déroule lors de la dernière semaine d'août et des premiers jours de septembre. C'est donc sur une période très condensée que la majorité des individus sont dénombrés. Sur ces temps au climat généralement chaud, le Défilé de l’'Ecluse n'a pas toujours un effet de « concentration » des oiseaux. Ainsi cette année, au vu de la météo chaude et ensoleillée lors des deux semaines concernées, très peu de bondrées ont été contactées. Le total culmine à 1276 bondrées, faisant de cette saison, la plus basse depuis le début du suivi salarié. Des comptages réalisés depuis la Suisse en amont du site ont pourtant démontré des journées assez denses (ex. 1 359 le 28/09 à Pizy contre 126 au Défilé); mais les conditions thermiques ont permis à ces oiseaux de se répartir plus loin sur le Bassin Genevois et plus haut sur le Jura, rendant leur détection impossible depuis Chevrier.

En étudiant les totaux annuels du site, on remarque donc des fluctuations prononcées, avec tout de même une tendance à la baisse depuis 2014 En parallèle, nous pouvons constater une diminution des effectifs sur les autres sites français. À plus long terme, nous le verrons, cela pourrait continuer d'impacter les chiffres obtenus lors du suivi et partout ailleurs.

Les détails de plumage réalisés ont permis de confirmer la phénologie connue partout ailleurs. De manière générale, les femelles sont majoritaires au début, suivies par les mâles un peu plus tard. Le passage des jeunes est plus tardif est diffus, il s'étale sur le mois de septembre mais peu d'entre eux sont contactés au défilé de l'Ecluse."
2024,species,avibase-F558C7F9,"La tendance de diminution à long terme se poursuit pour ce busard. Avec seulement 9 individus recensés cette année, nous sommes bien loin des quelques dizaines relevées chaque année dans les années 2000."
2024,species,avibase-63B6412E,"Comme pour le Busard Saint-Martin, la tendance à long terme est à la diminution, malgré une phénologie bien plus précoce. Certains facteurs tels que la météo influencent donc probablement les résultats obtenues (ciel bleu, chaleur...)"
2024,species,avibase-E2A19474,"Le busard des roseaux est un rapace doué de certaines capacités d'adaptation pour migrer dans diverses conditions météorologiques. Ses battements d'ailes léger et efficaces lui permettent de voler lorsque que les ascendances thermiques sont absentes, tout en en profitant lorsque qu'elles sont présentes.

Sur une moyenne d'années courte, 2024 présente des effectifs élevés. Pour autant, nous sommes encore loin des années 1990 ou encore 2010 où quelques centaines d'oiseaux de plus étaient recensés chaque saison. Le défilé de l’Ecluse est un des seuls sites où l'espèce affiche une baisse des effectifs à long terme, il sera crucial de suivre cette évolution lors des prochaines années.

Le passage a débuté à la mi-août pour les premiers individus, il s'est intensifié durant la première décade de septembre. Notamment le 6 du mois où 48 d'entre eux furent observés. Un second pic s'est démarqué dans la dernière décade du même mois et sur les premiers jours d'octobre. Nous pouvons relever un chiffre relativement important au cours du mois d'octobre, cela concerne beaucoup de jeunes individus qui se mêlaient au flux de milans royaux et buses. Au vu des observations réalisées chaque hiver dans les zones humides françaises, nous pouvons supposer que ces quelques oiseaux tardifs ne descendent pas en Afrique de l’ouest mais plutôt en Europe de l’ouest."
2024,species,avibase-22647E26,"Nichant dans les steppes, ce busard est en expansion vers l’ouest de l'Europe et notamment vers l'Allemagne. Si l'espèce était rarissime il y quelques dizaines d'années en France, elle est aujourd’hui beaucoup plus fréquente. En témoignent ces 4 individus recensés cette saison. Il s'agit de la sixième année consécutive où l'espèce est contactée sur le site."
2024,species,avibase-3C0C325D,"La Buse variable est le plus commun des rapaces d'Europe. Si les populations françaises sont majoritairement sédentaires, les oiseaux se reproduisant au nord-est ont quant à eux une forte tendance à migrer.

Deux phénomènes se découpent chaque automne. Dans un premier temps, les oiseaux hivernant en France ou en péninsule ibérique sont amenés à passer, majoritairement au cours du mois d'octobre. Par la suite, les hivernants d'Allemagne, de Pologne etc. peuvent effectuer des fuites hivernales, c'est-à-dire qu'ils fuient la neige et le gel persistant. En réalité, ces deux phénologies peuvent tout à fait se croiser en cas d'épisode froid précoce. Cela explique des saisons exceptionnelles telles que 2012 (33 068 individus). Ces fuites se poursuivent parfois jusqu’au mois de décembre.

Cette année, il n'y a pas eu de réelle vague de froid. Cela explique un total plutôt bas, inférieur à la moyenne du site. Le passage n’a cessé de s'intensifier courant octobre, il s'est poursuivi en novembre après un épisode de brouillard intense. Etonnement, les trois meilleures journées de la saison, cumulant 2175 individus, se sont déroulées entre le 29 septembre et le 11 octobre, en même temps que les « rushs » de milans royaux.

La fréquence des bonnes années sera à suivre finement dans le futur, cela est un excellent indicateur du réchauffement.

De manière presque inédite, des détails d'âge ont été réalisés sur cette espèce. 1 683 oiseaux ont été âgés, soit 17% du total. Sur ces buses détaillées, 653 sont des jeunes tandis que 1030 sont des « > 1 an ». Au niveau de la phénologie, on peut noter que les jeunes sont passés bien plus tard, principalement en novembre. Ainsi, la proportion de jeunes s'est inversée entre le début de passage (fin septembre, début octobre) et la fin."
2024,species,avibase-15369E8E,"Quelques Bécasseaux variables, se mêlant aux flux d'hirondelles, ont filé droit vers le Vuache."
2024,species,avibase-9151E0BA,"4 Bécassines des marais ont été observées, dont 3 sous un temps pluvieux. L’espèce est quasi annuelle sur le site."
2024,species,avibase-28825494,"Ce grand voilier est très certainement le plus apprécié des oiseaux migrateurs par le grand public. Ces boules de cigognes, éclairées par alternance, sont toujours un spectacle envoutant. Les plus gros effectifs se répartissent habituellement sur la dernière décade d'août et la première semaine de septembre. Les analyses réalisées dans l’atlas des oiseaux migrateurs montrent que le pic de passage a tendance à s'étaler un peu plus dans le temps.

Les deux journées du 26 et 31 août se démarquent comme des pics saisonniers : elles totalisent respectivement 619 et 589 individus. Deux vagues se sont démarquées, probablement du fait de la météo. En effet, après une période bien fournie jusqu'au 7 septembre, le passage s'est calmé pour reprendre à partir du 14 septembre, quelques centaines d'individus ont été contactées jusqu'à la fin du mois. La journée du 5 octobre et ses 120 oiseaux est notable, un tel effectif à une date aussi tardive n'avait jamais été constaté. A noter que le groupe le plus conséquent a été observé le 6 septembre, ce sont 287 oiseaux qui ont été comptabilisés.

Si cette année 2024 n'a pas atteint le total exceptionnel de 2023 (5 648 ind), elle reste très élevée puisque les 4 713 oiseaux contactés en font la 2°"" meilleure saison. Cela continue de démontrer la dynamique de population croissante de cette espèce, qui emprunte chaque année un peu plus cette voie de migration."
2024,species,avibase-E2817DAE,"La cigogne noire adopte un comportement différent de sa consœur, elle a tendance à suivre les flux de rapaces et donc à longer le Jura dans la plupart des cas. Le Défilé de l'Ecluse n'est pas un site majeur pour cette espèce, les oiseaux contactés sont souvent seuls et ne dépassent que rarement les quelques individus.

Le total de 76 cigognes noires est assez bas en comparaison avec la moyenne du site. On peut constater une certaine diminution des effectifs depuis 2021. Si de nombreux facteurs nous sont encore probablement inconnus, nous pouvons mettre ces chiffres en corrélation avec la chute des effectifs de bondrées. En effet, la phénologie de cette cigogne indique une première vague de passage sur la fin du mois d'août et le début du mois de septembre. Sur cette période, les journées, souvent chaudes et ensoleillées, permettant aux rapaces de passer plus au Nord ou loin au Sud. Comme mentionné plus haut, nous pouvons supposer que les grands échassiers ont suivi le mouvement."
2024,species,avibase-8372FFBA,"Ce consommateur de reptiles est en expansion vers le nord, notamment en Suisse où quelques couples nicheurs sont recensés chaque année. 9 individus sont passés cette saison entre le 3 août et le 30 septembre."
2024,species,avibase-3BB5CBA6,5 Courlis cendrés ont été recensés entre août et octobre.
2024,species,avibase-082F3A63,5 Courlis corlieux ont été recensés entre août et septembre.
2024,species,avibase-2DAB45B8,"Les résultats obtenus sur d'autres sites plus au nord tels que le Crêt des roches (998 ind.) ou Marlenberg (867 ind.), montrent que cette année fut particulièrement bonne pour le Faucon crécerelle. L'hypothèse d’une bonne reproduction est probable même si les détails d'âge réalisés ne le démontrent pas."
2024,species,avibase-9EA1F12D,Première mention en migration active pour le site ! Un individu en stationnement avait été vu en 2010.
2024,species,avibase-E91E287A,"Avec seulement 17 oiseaux relevés, le total est bas pour cette espèce. La tendance semble être à la baisse depuis une dizaine d'années. La difficulté de détection est un facteur à prendre en compte, cependant les conditions météorologiques étaient bonnes durant sa période de passage."
2024,species,avibase-47E58408,"Le contexte local en fait une espèce difficile à « envoyer » comme « migratrice ». Mais les oiseaux nordiques sont eux aussi amenés à effectuer des mouvements à l'automne, comme cet unique individu passé le 15 octobre."
2024,species,avibase-F3DA111C,"Petit et rapide, ce faucon au vol effréné ne présente pas des effectifs élevés cette saison. 29 individus observés du 21 septembre au 30 octobre. Il expose une tendance négative à long terme."
2024,species,avibase-2D52E3A5,Deux contacts cette saison pour cette espèce non annuelle sur le site.
2024,species,avibase-00DA9D91,"Deux contacts cette saison, même si un seul oiseau est réellement passé en migration active."
2024,species,avibase-E826E9F3,"Première mention sur le site cette année. Le Goéland marin, le plus grand des goélands d’Europe, est très rare dans la région."
2024,species,avibase-93CA037F,Première mention sur le site cette année. La difficulté d’identification du Goéland pontique et son aire d’hivernage en font une espèce rare localement.
2024,species,avibase-3DF5C587,"Peu aimé du public de par sa réputation injustifiée, le grand Cormoran est pourtant un formidable oiseau migrateur. Les formations de vol « en V » offrent très souvent des ambiances magiques, notamment durant le début de matinée. La dynamique semble être bonne pour cette espèce et contrairement aux idées reçues, cela ne veut pas dire qu'il détruit la ressource alimentaire mais bien qu'elle reste abondante, ce qui permet l'essor de ses populations.

Le passage s'étale sur tous les mois du suivi, de juillet à novembre. Il reste assez diffus jusqu'à la deuxième décade d'août, les effectifs augmentent dès la fin du mois alors que l'intensité maximale est atteinte en octobre. Cette saison, même si le mois d'octobre fut le plus prolifique avec 39% du total, les mois d'août (16%) et septembre (35%) ont finalement concentrés une grande part des effectifs. Cela n'est pas toujours aussi marqué sur le site, il sera intéressant de continuer à étudier la phénologie de l'espèce dans les prochaines années. Le pic journalier s'est déroulé dans la journée 29 septembre, faisant suite à une météo peu clémente, il culmine à 1 486 individus. Nous pouvons relever 23 autres journées ayant dépassé les 300 oiseaux au minimum.

Au vu des résultats, nous encourageons le fait de réaliser des journées complètes au minimum à partir du 15 août. Le Défilé de l'Ecluse est le principal site français pour le passage de cette espèce lors de la migration postnuptiale. Il pourrait constituer une échelle d'évolution des populations migratrices, à la seule condition d'une fiabilité dans l'étude des données."
2024,species,avibase-EDA37B7C,2 Grands Gravelots sont passés en octobre.
2024,species,avibase-49D9148A,"Cette espèce d'ardéidé, originaire d'Afrique, était occasionnelle en France il y a quelques décennies, le réchauffement climatique lui a permis d'étendre sa répartition vers le nord. Le site apparaît comme l’un des meilleurs à échelle nationale. Il est intéressant d'observer la tendance qu'ont la Grande aigrette et le Héron cendré à se rassembler en vols mixtes.

Sa phénologie est relativement tardive, elle demeure tout de même étalée puisque des observations ont lieu sur tous les mois du suivi. La plus grande densité de passage est atteinte en octobre. Selon les années et conditions météorologiques, août et septembre peuvent aussi représenter une part importante du comptage. Ce fut le cas cette saison avec les 50% atteints dès le 22 septembre. Cela se justifie notamment par une journée «rush » survenue le 18 septembre. Pas moins de 70 individus sont passés en une seule fin de journée, dont un sublime groupe de 42 oiseaux. Cette année fait donc office de nouveau record, elle dépasse le total de 2019 (464 ind).

Au vu de la dynamique actuelle, les effectifs annuels pourraient continuer à grimper dans le futur. Des fluctuations sont tout de même logiques étant donné les mœurs nocturnes de l'espèce."
2024,species,avibase-99B8841E,"Usant elle-aussi du vol «en V», la Grue cendrée vient égayer chaque fin de saison sur les sites de migration. Ses cris hypnotisant et l'élégance de ses formations en font un oiseau très apprécié.

En France, il existe une voie de passage majeure et 2 autres plus modestes. La première traverse le pays de nord-est au Pays Basque en passant par le lac du Der. La seconde existe depuis peu de temps, elle s'engage sur le plateau suisse, pour ensuite viser la vallée du Rhône. La troisième arrive de l’est, longe la côte méditerranéenne pour arriver en Camargue.

Le Défilé a vu ses effectifs se multiplier au cours des 15 dernières années, cette récente voie de migration semble être plus fréquentée chaque année. Les fluctuations sont notables au fil des saisons, cela trouve son explication dans le fait que les grues peuvent voler de jour comme de nuit, elles ont également la capacité de forcer le passage malgré des fortes nébulosités. Ainsi, à cause du brouillard persistant durant la période clé qu'est fin octobre et début novembre, nous n'avons pu détecter que quelques vols. Les données étaient pourtant très fréquentes en Suisse.

Quelques 147 grues ont fait l’objet d’un détail d'âge. Nous pouvons avancer le chiffre de 13 jeunes oiseaux pour 134 oiseaux âgés de plus d'un an. Il serait intéressant de continuer à relever ce genre de précisions dans les années à venir."
2024,species,avibase-66AA3934,"Véritable touche colorée aux sonorités envoîtantes, ce fantastique insectivore est désormais très attendu chaque fin d'été. Trouver ces orbes arc-en-ciel dans le grand bleu est parfois un vrai challenge lorsque que des cris sont relevés. Ainsi cette saison, 6 données correspondent à des estimations « au cri » seulement. Ce cru 2024 est notable pour cette espèce puisque le record saisonnier a été battu avec 972 oiseaux. Le pic journalier culmine à 265 individus, il a été atteint le 7 septembre soit quasiment sur la même date que les deux saisons précédentes. Leur passage a été plutôt concentré, 92% d'entre eux sont passés entre le 29 août et le 7 septembre.

L'augmentation récente des effectifs de guêpiers rentre en corrélation avec la bonne dynamique de nidification des colonies dans les alentours de Genève. Le réchauffement climatique semble être la raison de son expansion vers des latitudes plus élevées en Europe. Pour autant, la population globale n'expose pas une bonne dynamique, son régime alimentaire et ses mœurs de migrateur transsaharien en sont probablement les raisons principales."
2024,species,avibase-30FEC6BE,"Les hirondelles font l’objet d’un comptage depuis une quinzaine d'années. Cependant, la largeur de la sphère ne permet pas d'obtenir des comptages exhaustifs. Malgré tout, une tendance s'est clairement dessinée cette saison puisque les effectifs d’hirondelles rustiques (15 035 ind.) furent inférieurs à ceux de l’hirondelle de fenêtre (17583 ind.). Bien que jamais un total aussi élevé n'avait été obtenu pour l’hirondelle de fenêtre sur le site, ce cas de figure n'arrive quasiment jamais, même à échelle française. Cela pourrait être inquiétant pour l'hirondelle rustique, même si le nombre d'hirondelles indéterminées (15 748 ind.) en comporte certainement une grande part."
2024,species,avibase-55CCEE2D,"Les hirondelles font l’objet d’un comptage depuis une quinzaine d'années. Cependant, la largeur de la sphère ne permet pas d'obtenir des comptages exhaustifs. Malgré tout, une tendance s'est clairement dessinée cette saison puisque les effectifs d’hirondelles rustiques (15 035 ind.) furent inférieurs à ceux de l’hirondelle de fenêtre (17583 ind.). Bien que jamais un total aussi élevé n'avait été obtenu pour l’hirondelle de fenêtre sur le site, ce cas de figure n'arrive quasiment jamais, même à échelle française. Cela pourrait être inquiétant pour l'hirondelle rustique, même si le nombre d'hirondelles indéterminées (15 748 ind.) en comporte certainement une grande part."
2024,species,avibase-58C502EA,"Les hirondelles font l’objet d’un comptage depuis une quinzaine d'années. Cependant, la largeur de la sphère ne permet pas d'obtenir des comptages exhaustifs. Malgré tout, une tendance s'est clairement dessinée cette saison puisque les effectifs d’hirondelles rustiques (15 035 ind.) furent inférieurs à ceux de l’hirondelle de fenêtre (17583 ind.). Bien que jamais un total aussi élevé n'avait été obtenu pour l’hirondelle de fenêtre sur le site, ce cas de figure n'arrive quasiment jamais, même à échelle française. Cela pourrait être inquiétant pour l'hirondelle rustique, même si le nombre d'hirondelles indéterminées (15 748 ind.) en comporte certainement une grande part."
2024,species,avibase-6429024D,"Comme de nombreux autres ardeidés, le Héron cendré a la particularité d'être un migrateur nocturne. Les groupes, allant parfois jusqu'à quelques dizaines TT sy à mn. d'oiseaux, ont cependant l'habitude de décoller en fin d'après-midi, finissant leurs étapes de vol le matin. Le site a un intérêt tout particulier pour cette espèce puisqu'il est l’un des meilleurs en Europe. Le bassin lémanique puis rhodanien est le couloir le plus emprunté en France.

Les résultats obtenus cette année sont excellents, il s'agit du nouveau record pour le site. La prudence est de mise pour analyser ces résultats, la pression d'observation lors du mois d'août biaise les chiffres. Les journées ont été suivies du lever du soleil à 18h en juillet et du lever au coucher du soleil dès le 1° août. Certaines saisons ont été suivies de la sorte (2019, 2023) mais seulement à partir du 15 août. On peut noter un léger passage dès les matinées de juillet, des groupes assez importants ont même été aperçus lors de certaines soirées depuis le village voisin (70 ind. minimum). 280 individus ont été contactés entre le 1° et le 14 août, soit 13% de l'effectif total, nous ne soupçonnions pas un telle part. Par la suite, la fin du mois d'août a été très prolifique, le début puis la fin septembre l'ont aussi été, avec même un léger regain courant d'octobre. 4 journées ont dépassé les 100 hérons et le record journalier a eu lieu le 29 septembre, présentant le chiffre de 224. Ces périodes se sont visiblement découpées selon les conditions météorologiques. Très souvent, les bonnes sessions se sont déroulées lors de soirées ensoleillées et peu ventées.

Nous ne pouvons qu'encourager le fait de réaliser des journées complètes, au minimum à partir du 15 août. Dans ce cas, le site permettrait d'avoir Une idée plus précise de la dynamique de population du Héron cendré."
2024,species,avibase-CE71B4FF,"Nous retiendrons également un moment inédit pour le site. Dans la matinée du 13 octobre, 94 merles à plastron ont bravé la pluie battante, le tout en 30min seulement. Jamais un tel effectif n'avait été obtenu en 31 ans de suivi, cette journée est également exceptionnelle à échelle française."
2024,species,avibase-06D9A2C8,"Le Milan noir est Un rapace au régime alimentaire opportuniste, celui-ci a donc profité de la multiplication des ressources (déchetteries, piscicultures, mortalité routière...) ainsi que de la protection intégrale des rapaces en Europe. La population européenne de cet oiseau est donc parmi les plus grandes chez les rapaces. Figurant parmi les migrateurs les plus précoces, le milan noir entame son passage dans le quart nord-est de la France en juillet. Cette saison, les débuts ont été plutôt timides avec seulement 3,25% de l'effectif global au 27 juillet. Selon la phénologie classique, le principal du passage s'est déroulé sur les derniers jours de juillet et sur la première quinzaine d'août (92,4% au 16 août). Durant cette période, quasiment toutes les journées ont atteint les quelques centaines d'individus pour atteindre le pic saisonnier dans l'après-midi du 2 août avec 941 oiseaux. Quelques centaines sont passés plus tardivement accompagnant les flux de rapaces. Le dernier oiseau a été contacté le 13 novembre.

2024 est nettement en dessous de la moyenne. À noter que certaines saisons exceptionnelles ont fait grimper la moyenne. Même si une hausse des effectifs a été constatée durant les deux dernières décennies, le suivi au défilé ne révèle pas réellement cette évolution. Si les fluctuations dues au contexte météorologique sont moins marquées que chez la Bondrée apivore (voir p.12), elles restent notables (ex : 16 418 en 2021 contre 5 031 en 2022). Malgré tout, le site a très certainement le potentiel pour voir passer plusieurs dizaines de milliers d'individus lorsque les conditions sont favorables (déblocages, vent de nord-est soutenu etc.).

Cette saison, 2 128 milans noirs ont fait l'objet d'un détail sur leur âge, soit 32,6% de l'effectif total. L'objectif est de déterminer le taux de jeunes par rapport aux oiseaux plus âgés. Si quelques rares individus de 2f""e année où adultes ont pu être identifiés, la plupart sont notés en « >lan », excluant donc les jeunes oiseaux. Les jeunes oiseaux sont eux retranscrits en «1 an ». La moyenne des détails obtenus depuis le col du Soulor et le col d'Organbidexka oscille autour des 33% de jeunes chaque saison. Le résultat de nos observations en 2024 montre une faible part de jeunes avec seulement 19,4%. Nous n'avons pas le recul nécessaire pour en tirer des conclusions, de nombreux facteurs nous sont encore certainement inconnus. Cependant, nous pouvons supposer une mauvaise reproduction des populations de milans passant par le site."
2024,species,avibase-451D6FC8,"Il s'agit certainement de l'espèce phare du site, le Défilé de l'Ecluse est le meilleur site de comptage au monde pour le Milan royal. Le passage n'était pourtant que très sporadique dans les années 1990.

Si quelques rares individus accompagnent les flux de milans et bondrées au début du suivi, le passage s'intensifie nettement en fin septembre. La première journée « rush » a eu lieu suite à une semaine défavorable le 29 septembre, avec 1 441 individus. Deux autres journées du type ont eu lieu peu de temps après, dont le pic saisonnier de 2 000 oiseaux le 11 octobre. Suivant tout à fait la phénologie classique, 43,3% des effectifs ont été relevé entre ces deux dates. Le passage, moins dense, s'est poursuivi pour s'atténuer en fin octobre début novembre notamment à cause du brouillard. Un regain a eu lieu en toute fin de suivi, cumulant par exemple 2 079 individus du 11 au 15 novembre.

Pour la deuxième fois dans l’histoire du suivi et même plus globalement en Europe, le total a dépassé la barre des 17 000. Cela conforte une fois encore l'idée que l'espèce est en pleine croissance. Une croissance fulgurante puisque le total ne dépassait pas les 3 000 oiseaux il y a seulement 20 ans Cette saison 4 038 milans royaux ont fait l'objet d'un détail sur leur âge, soir 23,6% du total. L'objectif est d'avoir une idée de la proportion de jeunes et de connaitre les différences de dates de passages entre ces derniers et les plus âgés. A noter que la répartition temporelle du taux de détail n’est pas uniforme, l'intensité migratoire de certaines périodes ne permet pas toujours cet effort. Nous pouvons observer que les jeunes ont eu tendance à passer massivement tôt, alors qu'ils sont devenus anecdotiques au mois de novembre. Les oiseaux plus âgés ont été relevés sur toute la période de passage."
2024,species,avibase-052BFA8A,"72 Mouettes mélanocéphales ont été observées cette saison. Cette espèce est encore rare en Suisse et Haute-Savoie, le meilleur effectif avait déjà été atteint en 2023 avec 12 individus, 2024 semble donc remarquable. Il s'agissait le plus souvent de jeunes oiseaux accompagnant des troupes de mouettes rieuses."
2024,species,avibase-FB02DD96,Des troupes de Mouettes rieuses ont été observées accompagnées de jeunes Mouettes mélanocéphales.
2024,species,avibase-9BE53D34,"La Mésange bleue a la capacité d'élever jusqu'à trois nichées au cours d'une seule saison de reproduction lorsque la nourriture est abondante. En hiver, les territoires deviennent trop restreints dans le Nord de l'Europe pour une ressource alimentaire trop faible. Ainsi, certains automnes, le nord-est de la France peut être sujet à des migrations éruptives.

Comme certaines autres saisons, notamment 2012, 2017 et 2019, 2024 fut le théâtre d'un passage prononcé de mésanges. 90% des effectifs ont été recensés du 11 au 25 octobre, dont 3 journées quasiment identiques dépassant les 600 individus. Cette espèce effectue une migration rampante, c'est-à-dire qu'elle se pose régulièrement après des courtes étapes de vol. Certaines matinées, les groupes peuvent être conséquents, cette bande de 109 oiseaux détectés le 19 octobre en est un bon exemple."
2024,species,avibase-68E4C0D1,"Petit, rapide et trapus, le Pigeon colombin fait partie des espèces pour lesquelles le site présente un fort intérêt. Sa population mondiale est largement inférieure à celle du pigeon ramier, celui-ci est plus discret, il affectionne les milieux boisés à semi-ouverts.

Sa phénologie se déroule en deux parties, un premier afflux conséquent est noté en fin septembre et début octobre, il concerne des groupes exclusifs (4 852 ind. avant le 13/10). Par la suite, le passage rentre en corrélation avec les afflux de pigeons ramiers. En effet, à partir de mi-octobre, la quasi-totalité des colombins sont contactés dans les groupes de ramiers (2 407 ind. après le 13/10).

Sur la première vague de passage, les pigeons colombins ont très souvent affiché des fortes intensités de passage en fin d'après-midi. La taille des groupes était fréquemment située à quelques dizaines d'individus. Deux groupes ont même dépassé la centaine d'individus. Par la suite, seulement quelques oiseaux furent relevés dans les groupes de ramiers (max. 15/ groupe), pour autant quelques groupes quasi-exclusifs sont passés durant cette période.

Pérenniser l'effort de détection des pigeons colombins semble primordial, cela permettrait d'émettre des tendances d'effectifs à plus long terme. Le site apparaît comme l’un des plus important à échelle française. Si la tendance des populations de l'espèce semble être à la hausse, des chiffres fiables sont nécessaires pour illustrer cette évolution.

Il est important de notifier certaines incohérences dans l'évolution des chiffres de columbidés. De la deuxième décade d'octobre à la fin du suivi, les vols de ramiers sont très souvent accompagnés de quelques pigeons colombins, ces derniers étant difficiles à détecter individuellement. Concernant ce comptage, les méthodes diffèrent selon les années et les observateurs. Par exemple, certains choisissent de saisir toutes les données en « pigeon ramier » sans identification individuelle, considérant la proportion de colombins comme anecdotique. D'autres font le choix d'envoyer ces données seulement si l'identification est avérée, en saisissant « pigeon indéterminé » lorsque c'est impossible. Dans l’analyse du rapport, les chiffres de pigeons ramiers additionnent les données « pigeon ramier » et « pigeon indéterminé ». Il faut donc faire preuve de prudence dans l'étude des effectifs de pigeons colombins."
2024,species,avibase-F837F893,"Il est important de notifier certaines incohérences dans l'évolution des chiffres de columbidés. De la deuxième décade d'octobre à la fin du suivi, les vols de ramiers sont très souvent accompagnés de quelques pigeons colombins, ces derniers étant difficiles à détecter individuellement. Concernant ce comptage, les méthodes diffèrent selon les années et les observateurs. Par exemple, certains choisissent de saisir toutes les données en « pigeon ramier » sans identification individuelle, considérant la proportion de colombins comme anecdotique. D'autres font le choix d'envoyer ces données seulement si l'identification est avérée, en saisissant « pigeon indéterminé » lorsque c'est impossible. Dans l’analyse du rapport, les chiffres de pigeons ramiers additionnent les données « pigeon ramier » et « pigeon indéterminé ». Il faut donc faire preuve de prudence dans l'étude des effectifs de pigeons colombins."
2024,species,avibase-760F307A,"Ce columbidé est certainement l'un des oiseaux présentant les plus gros effectifs lors de son passage en France. La voie principale se trouve plus au nord, ce sont des millions d'oiseaux qui sont comptés chaque automne sur des sites tels que Marlenberg, Colline de Sion, Montagne de la folie et le Crêt des roches. Le Défilé de l'Ecluse permet d'observer plusieurs dizaines de milliers d'individus chaque automne.

A noter que la dernière saison où des effectifs conséquents avait été recensés remonte à 1993 avec 220 978 pigeons. Depuis, seulement deux saisons avaient dépassé les 100 O00 individus, 2010 et 2021. Cette année fut donc très prolifique, en témoignent ces 7 journées dépassant les 10 000 individus, dont le « rush » du 20 octobre culminant à 58 446 oiseaux. Les flux semblent avoir eu tendance à passer plus au sud qu'habituellement. Le Crêt des roches, situé au nord-est sur le Jura a obtenu un effectif record pour le site avec quelques 1 260 000 individus.

Il est important de notifier certaines incohérences dans l'évolution des chiffres de columbidés. De la deuxième décade d'octobre à la fin du suivi, les vols de ramiers sont très souvent accompagnés de quelques pigeons colombins, ces derniers étant difficiles à détecter individuellement. Concernant ce comptage, les méthodes diffèrent selon les années et les observateurs. Par exemple, certains choisissent de saisir toutes les données en « pigeon ramier » sans identification individuelle, considérant la proportion de colombins comme anecdotique. D'autres font le choix d'envoyer ces données seulement si l'identification est avérée, en saisissant « pigeon indéterminé » lorsque c'est impossible. Dans l’analyse du rapport, les chiffres de pigeons ramiers additionnent les données « pigeon ramier » et « pigeon indéterminé ». Il faut donc faire preuve de prudence dans l'étude des effectifs de pigeons colombins."
2024,species,avibase-319D044A,"Deuxième mention sur le site. Cette observation s’inscrit dans un automne marqué par de nombreuses observations d’oiseaux d’origine sibérienne partout en France, avec également une deuxième mention de Pouillot à grands sourcils au Défilé."
2024,species,avibase-25A20BA6,1 Pluvier doré est passé en octobre.
2024,species,avibase-0C120038,"Deuxième mention sur le site. Cette observation s’inscrit dans un automne marqué par de nombreuses observations d’oiseaux d’origine sibérienne partout en France, avec également une deuxième mention de Pipit à gorge rousse au Défilé."
2024,species,avibase-5A3D91D3,Un oiseau immature est passé le 2 octobre. Il portait une balise GPS.
2024,species,avibase-BC06BC0D,"La Sterne caspienne est la plus grande des sternes. Quelques dizaines à quelques centaines sont observées lors de chaque migration en France, ce qui en fait un oiseau peu fréquent. Celle-ci semble emprunter la voie d'Europe de l’ouest Un peu plus chaque année. Ainsi, avec 14 individus recensés du 10 août au 30 septembre, 2024 fait office de nouveau record pour l'espèce. Il sera pertinent de suivre l'évolution des effectifs de l'espèce dans les prochaines années."
2024,species,avibase-5D1987CE,6 oiseaux ont été contactés entre 30 septembre et le 22 octobre. Cette espèce visite le Jura le nord des Alpes durant la période estivale. Ainsi certaines journées au Défilé voient passer quelques-uns de ces individus redescendant vers le Sud.
2024,species,avibase-DB376A66,"Ce rapace forestier, petit et discret, fait partie du cortège principal des rapaces migrateurs du mois d'octobre. À échelle française, deux vagues de passages sont détectées en migration postnuptiale. L'une se déroule courant septembre, elle concerne principalement les oiseaux hivernant dans le nord de l'Afrique où en péninsule ibérique. La seconde se déroule courant octobre, elle concerne cette fois-ci des oiseaux hivernant en péninsule ibérique et surtout en France. Étonnement, les effectifs dénombrés au Défilé de l'Ecluse sont principalement concentrés sur la deuxième vague.

Le passage s'est déroulé de manière progressive en 2024. En effet aucune journée «rush » ne sort du lot, cependant la régularité des sessions à quelques dizaines a permis d'atteindre un total proche de la moyenne, ce qui n'était pas arrivé depuis 2021. On peut noter qu'une part importante des effectifs a été contactée dans les 2 dernières décades d'octobre.

La dynamique de l'espèce est à la baisse depuis les années 2010, certaines saisons furent très prolifiques durant cette période (ex. 2 535 en 2012). Cette saison prouve que la barre des 1 000 individus est encore atteignable. Les informations manquent pour expliquer cette évolution, il est probable que le réchauffement climatique entraîne la baisse de mobilité des populations nordiques. Il faut toutefois noter que la détection de l'espèce est parfois complexe lorsque le ciel est clair, cela peut influer sur les résultats obtenus selon la configuration du passage et la météo."
2025,site,background,"La LPO tient à remercier les financeurs du suivi pour cette 32ème saison à savoir la Station Ornithologique Suisse, le Groupe Ornithologique du Bassin Genevois et la Région Auvergne-Rhône-Alpes sans le soutien desquels le suivi n'aurait, Une nouvelle fois, pu se tenir cette année.

Le site du défilé du Fort l'Écluse (ou Défilé de l'Écluse) fut mis en évidence en 1947 (J. BURNIER, P. CHARVOZ, P. GEROUDET, R. HAINARD, C. VAUCHER et al.) pour ses passages spectaculaires de pigeons et de corvidés. Par la suite, P. CHARVOZ et JD. FONTOLLIET consacrèrent une grande partie de leur temps libre à l'observation de la migration sur ce site privilégié.

La première synthèse qui fut l'œuvre du Groupe des Jeunes de Nos Oiseaux, section Genève (G. MÜLHAUSER, T. SCHMID, A. SCHUBERT ET C. VICARI) porte sur une permanence journalière du 13 août au 30 octobre 1983. Puis c'est en 1992, après 75 jours d'observation continue et le dénombrement de plus de 11 000 rapaces, qu'il est envisagé de mettre en place un suivi permanent dès l'année suivante, associant les Suisses de Nos Oiseaux (P. CHARVOZ, M. MAIRE et al.) et les Français du Groupe Ornithologique Haut Savoyard, future LPO Haute-Savoie (J-P. MATERAC et al.). De 1993 à 2007, le suivi a été assuré au minimum de mi-juillet à fin novembre et ce, tous les jours durant lesquels les conditions météorologiques le permettaient.

À la fin de la saison 2007, le DR. CHARVOZ ayant exprimé son impossibilité à assurer une saison supplémentaire, la LPO Haute-Savoie a formulé une demande au collectif « Tête en l'air », avec pour objet, la mise en place d'une permanence salariée durant quatre mois afin de poursuivre le suivi de la migration postnuptiale sur ce site remarquable. Entre 2008 et 2016, le suivi est donc assuré par un seul salarié, puis par 2 professionnels, de 2017 à 2023, les spotteurs étant aidés par les bénévoles.

« Longtemps, l'acquisition de connaissances sur les migrations d'oiseaux n'a pu se faire que par l'observation directe. Malgré le développement d'autres techniques de suivis (baguage, pose de balises, radar), l'identification et le comptage des migrateurs en des points de passage stratégiques demeurent une méthode indispensable et pertinente, dans la mesure où, comme pour tout échantillonnage, les suivis sont réalisés dans les mêmes conditions d'une année à l'autre (protocole stable), et sur une longue période (au moins dix ans).

Alors qu'il reste encore à découvrir de nombreux aspects mal connus de la vie des oiseaux migrateurs, la connaissance apportée par les suivis constitue une base solide sur laquelle repose toute évaluation patrimoniale. Les données engrangées durant les nombreuses heures d'observation apportent des informations essentielles sur le déroulement de l'activité migratoire. Les effectifs dénombrés selon un protocole standardisé sur chaque site permettent de mesurer la chronologie de la migration et son évolution dans le temps. Ils offrent aussi la possibilité de produire des indicateurs de la dynamique des populations d'oiseaux. L'évolution du nombre d'oiseaux observés sur un site en migration active est le plus souvent corrélée à la taille de la population de laquelle ils sont issus. La combinaison de tels indicateurs provenant d'un réseau de sites offre une meilleure précision dans le calcul des tendances des effectifs et de l'évaluation de l'état de santé des espèces suivies. Ces conditions remplies, les données recueillies permettent d'évaluer l’état de santé des oiseaux migrateurs en comparant l'évolution des effectifs. Ainsi, le suivi de la migration à Organbidexka, qui est conduit depuis plus de trente ans, a permis de mesurer le déclin des populations ouest européennes de Milan royal et a conduit à l'élaboration d’un plan national de restauration de l'espèce ».

Source : Mission Migration France.

Extrait de « CHARVOZ & AL. 1996 » « Le défilé du Fort l'Écluse est pratiquement la sortie naturelle du Plateau suisse en direction du sud-ouest. Cet « entonnoir » géographique provoque une concentration des migrateurs en ce point, la crête du Jura paraissant les guider, surtout lorsque le plafond nuageux est bas. En effet, c'est dans cette région que la chaîne principale du Jura devient de plus en plus élevée (Le Reculet, 1717 m) et s'oriente au sud. De l'autre côté du défilé du Fort l'Écluse, au fond duquel coule le Rhône, ce plissement se termine par le Vuache (altitude comprise entre 890 et 1101 m), qui mesure une dizaine de kilomètre de long. A l'est, le Salève (altitude : 1200-1375 m) et, bien au-delà, les Préalpes savoyardes influencent aussi le passage.

Le passage dans le Défilé [lui-même (altitude 343 m au Pont Carnot) est loin d'être la règle générale. En effet, un grand nombre de migrateurs ne transitent pas par le défilé mais passent à l'est, parfois très loin, puis franchissent le Mont Sion où le Vuache. D'autres individus, surtout par temps clair, franchissent la chaîne du Jura en amont du Crêt d'Eau (1621 m). » Le site du Fort l'Écluse a été parfois utilisé jusqu’au début des années 90 et en particulier lors de l'étude de 1983, mais le suivi le plus régulier a toujours été effectué depuis la commune de Chevrier, à environ 800 m à l’ouest du point actuel. Bien que beaucoup moins d'oiseaux soient décomptés au Fort, il s'agit certainement du meilleur endroit pour l'observation rapprochée des migrateurs qui transitent par le défilé. Le site de Champ Vautier a été choisi au cours de la saison 1992, quand nous nous sommes aperçus que de très nombreux oiseaux passaient loin à l'est et n'étaient pas visibles depuis le point de suivi situé à l'ouest. De plus les arbres ayant poussé autour de celui-ci, le repérage des oiseaux devenait problématique."
2025,monitoring,methods,"Field protocol:

Le site d'observation se trouve au pied nord-est du massif du Vuache, sur la rive gauche du Rhône, entre le fleuve et le village de Chevrier, à une altitude de 400 mètres. Le lieu même de suivi se trouve entre les lieux-dits Champ Vautier et Rogy le long de la voie SNCF. Cette position offre les meilleures conditions de visibilité à la fois sur la chaîne du Jura au nord et en direction du massif du Salève à l'est.

De façon générale depuis le début du suivi permanent en 1993, les observations sont effectuées au minimum et si les conditions le permettent, de 10h à 17h en été (GMT + 2), mais souvent jusqu'à 19h30, et de 9h à 16h en automne (GMT +1), mais presque chaque jour du lever au coucher du jour depuis quelques années.

En 2025, les observations ont été systématiquement effectuées du lever du soleil au coucher du soleil, et ce du 18 juillet au 18 novembre.

La sphère d'observation est balayée systématiquement et en permanence avec des jumelles (le plus souvent 8x42 où 10x42) afin de repérer les groupes ou individus isolés. La longue vue (par exemple 20-60x80) n'est utilisée que pour l'identification et le dénombrement et en aucun cas pour le repérage.

Les individus de chaque espèce en migration active sont identifiés, comptés et leur nombre, ainsi que leur âge et leur sexe s'il y a lieu, est saisi directement sur le téléphone pro par les spotteurs où téléphone/tablette persos par les bénévoles.

Les rapaces et grands oiseaux (ciconiiformes, cormorans, ardéidés) constituent la cible principale du suivi et sont en conséquence dénombrés à l'unité dès que c'est possible. Les pigeons font l'objet d'une estimation par groupes. Toutes les autres espèces en migration active sont, dans la mesure du possible, identifiées. Leur dénombrement fait si possible l’objet d'un comptage le plus précis possible selon les possibilités du moment (nombres d'observateurs présents / intensité du passage des espèces prioritaires).

De nombreux points de repère ont été définis sur le site (relief, infrastructures, arbres isolés, etc.) afin de faciliter le repérage par tous les observateurs présents. Le franchissement de certains de ces repères ainsi que l'observation des comportements permet de considérer, où non, un oiseau comme migrateur. En cas de fort passage de rapaces, une première estimation de l'effectif est effectuée, au loin, lors du repérage aux jumelles. Ensuite, le déplacement du groupe est suivi, puis les oiseaux sont de nouveau comptés au moment du passage, au plus près des observateurs.

Deux salariés de la LPO Auvergne Rhône-Alpes, en poste à la délégation Haute-Savoie, sont responsables, en alternance, du suivi chaque jour de la semaine, y compris les samedis, du 18 juillet au 18 novembre. Ils sont aidés quasiment chaque jour, et remplacés les dimanches et jours fériés par un ou plusieurs bénévoles. Cette année, comme depuis chaque année, le suivi officiel a débuté le 18 juillet et pris fin le 18 novembre.

Data processing and analysis:

L'ensemble des observations à été saisi dans la base de données en ligne Trektellen.org, au fur et à mesure du passage, grâce au téléphone dédié à la saisie.

Afin de ne pas surcharger le présent rapport et par souci de lisibilité, seuls les rapaces et les espèces dont les effectifs sur le site sont significatifs font l'objet d'une petite monographie présentant le déroulement du passage lors de la saison 2024 et l'évolution interannuelle des effectifs.

Pour les 7 espèces de rapaces cibles principales du suivi, représentant plus de 99,2 % de l'effectif total de ce groupe, et le Balbuzard pêcheur, un graphique reprend les effectifs saisonniers et indices annuels sur une période similaire (du 18 juillet au 18 novembre) de 1993 à 2024. L'indice annuel est calculé à partir d'indices journaliers pondérant les effectifs journaliers avec le temps de suivi journalier. Cette pondération, ainsi que l’utilisation des données acquises dans une période équivalente chaque année, permet de gommer en partie les effets de la variation de pression d'observation. Cela permet également de produire une courbe de tendance (régression polynomiale cubique) plus fiable que la simple utilisation de l'effectif brut annuel.

Pigeons : Il est important de mentionner certaines incohérences dans l'évolution des chiffres de columbidés. De la deuxième décade d'octobre à la fin du suivi, les vols de ramiers sont très souvent accompagnés de quelques pigeons colombins, ces derniers étant difficiles à détecter individuellement. Concernant ce comptage, les méthodes diffèrent selon les années et les observateurs. Par exemple, certains choisissent de saisir toutes les données en « pigeon ramier » sans identification individuelle, considérant la proportion de colombins comme anecdotique. D'autres font le choix d'envoyer ces données seulement si l'identification est avérée, en saisissant « pigeon indéterminé » lorsque c'est impossible. Dans les graphiques des figures, nous analyserons les chiffres de pigeons ramiers en additionnant « pigeon ramier » + « pigeon indéterminé ». Il faut donc faire preuve de prudence dans l'étude des effectifs de pigeons colombins."
2025,monitoring,effort,"En 2025, le suivi officiel de la migration a eu lieu du 18 juillet au 18 novembre soit 124 jours totalisant heures de suivi. Sur la saison, hormis le 23 octobre (vent de Sud trop fort, et même dangereux), toutes les journées ont fait l'objet d'un comptage, y compris lorsque les conditions météorologiques étaient défavorables. À noter que certaines journées comportent tout de même des horaires en Hors Protocole. Soit par temps de gros brouillard, soit de pluie trop conséquente.

Dans le but de pouvoir comparer au mieux les résultats d'une année sur l'autre, les graphiques et tableaux présentés ci-dessous sont restreints à la période du 18 juillet au 18 novembre (période comptée chaque saison entre 1993 et 2024). C'est ainsi que le lecteur attentif pourra observer quelques légères différences de chiffres entre les résultats présentés dans ce rapport et les résultats inscrits sur la base de données Trektellen.org.

Un merci tout particulier à Benjamin Bruno et Dominique Maire nos 2 spotteurs bénévoles, motivés par tous les temps, qui ont géré le spot tous les dimanches et jours fériés !

Pour la saison 2025, la LPO Haute-Savoie a assuré une présence quotidienne avec au moins un ornithologue durant les quatre mois que dure la migration postnuptiale c'est-à-dire du 18 juillet au 18 novembre.

C'est donc depuis Champ Vautier que la majorité des observations de 2023 a été réalisée.

Durant les quelques heures de certaines matinées où le site de suivi de Champ Vautier se trouvait en plein brouillard à cause de l'humidité du Rhône, les observations ont été réalisées depuis le cimetière de Vüulbens situé plus en hauteur, km au SSE du site de suivi habituel."
2025,monitoring,nocturnal,"Le suivi nocturne réalisé en 2025 est un suivi acoustique qui consiste à enregistrer les cris des oiseaux survolant le site. Les enregistrements ont été effectués à l’aide d'un enregistrement SM-MINI (Song Meter Mini).

Le boitier est placé à même le sol proche du site de comptage diurne. L'enregistrement a lieu toutes les nuits depuis le 18 juillet au soir jusqu'au 17 novembre au matin. La période de comptage est comprise entre la fin du crépuscule (30 minutes après le coucher du soleil) et le début de l'aube (30 minutes avant le lever du soleil) suivant ainsi les recommandations de l'ouvrage La migration nocturne par le son (Wroza et Rochefort, 2021).

Par soucis de moyens techniques et humains, les données n'ont pas été analysées pour le moment, elles sont stockées sur un disque dur en attendant qu'une oreille et des yeux aguerris s'en occupent. De plus, il faut noter qu'il y a eu des soucis d'enregistrement sur une partie du mois de juillet et du mois d'août."
2025,weather,season,"Commentaire : Météo relativement classique sur la saison, pas de canicule forte, ni d'épisode pluvieux long et intense. Cependant, aucune réelle chute de température ne s'est installée mis à part en toute fin de saison. Le brouillard persistant sur le Bassin Genevois durant trois semaines est assez connu, mais peu sur des périodes aussi longues (2 à 3 semaines)."
2025,weather,july,"Juillet : Début de saison relativement doux, avec une seule journée dépassant les 24°C à l'ombre. Une visibilité généralement bonne et sans brouillard. Vent changeant régulièrement de direction, avec une dominante de secteur Nord. Quelques averses sur deux journées. Couverture nuageuse basse facilitant la détection des migrateurs."
2025,weather,august,"Août : Première quinzaine, 6 premières journées avec de la couverture nuageuse excepté 8 jours de « grand bleu » dès le 7 août. Bonne visibilité avec peu de brumes de chaleurs. Vents assez légers de secteur changeant, et stabilisation de secteur Nord à partir du 10 août. Peu de stratus sur le Rhône en matinée. Température qui monte progressivement avec des pics à 35°C sur deux journées caniculaires. Pas de précipitations et temps relativement sec.

Deuxième quinzaine, nébulosité basse omniprésente avec parfois un plafond nuageux en hauteur. Bonne visibilité dans l'ensemble, avec cependant quelques périodes de brumes de chaleurs au vu des températures estivales. Brouillard matinal assez régulier sur les premières heures de suivi. Vent calme avec des directions très variables, malgré tout un vent dominant de secteur SE. Températures de saison, avec un petit rafraîchissement sur la fin de la quinzaine. Averses régulières sur le site et sur le Jura."
2025,weather,september,"Septembre : Première quinzaine, nébulosité basse bien installée avec parfois un plafond nuageux en hauteur. Bonne visibilité dans l’ensemble, avec cependant quelques averses bloquant partiellement la visibilité. Léger brouillard présent une matinée seulement. Vent calme changeant souvent de direction, avec un vent dominant de secteur Sud. Températures assez douces, avec un petit rafraîchissement sur la fin de la quinzaine. Averses régulières sur le site et sur le Jura.

Deuxième quinzaine, nébulosité basse bien installée avec parfois des nuages en hauteur. Visibilité dégagée dans l'ensemble avec quelques blocages dus à la pluie. Vent dominant de secteur Sud, malgré tout de rares ouvertures avec de la bise. 4 journées marquées par la pluie. Températures de saison sur les 7 premiers jours puis léger coup de froid par la suite."
2025,weather,october,"Octobre : Première quinzaine, nébulosité basse bien installée avec la bise noire. Hormis deux journées, visibilité dégagée sans brouillard le matin. Vent dominant de secteur Nord-Est, puis 4 journées avec du vent variable. Deux jours marqués par la pluie et les averses. Une journée relativement chaude, sinon des températures moyennes.

Deuxième quinzaine, couverture nuageuse basse toujours très présente. Visibilité moyenne et parfois mauvaise à cause des précipitations. Vent variable alternant souvent Nord/Sud, généralement de faible intensité. Pluie et averses à partir du 20 octobre jusqu'à la fin du mois. Températures de saison, parfois fraiches le matin."
2025,weather,november,"Novembre : Brouillard persistant sur la première dizaine du mois. Quelques rares après-midi se dégagent. Visibilité mauvaise à moyenne au début avec le stratus, plutôt bonne à la fin. 5 journées de bise. Température inchangée jusqu'à l’arrivée du vent de Nord-Est, créant une baisse des températures sur la dernière semaine."
2025,results,overview,"Le site du Défilé de l'Ecluse est depuis plusieurs décennies un site majeur au niveau national pour dénombrer les rapaces migrateurs. Notamment pour le Milan royal (meilleur site français et européen), où ce site a pu démontrer la réussite du Plan National d'Actions tourné autour de cette espèce. Le Défilé de l'Ecluse est également un site prometteur pour observer des espèces plus orientales (Aigles, Busards pâles, Faucons kobez...) de par sa zone géographique. Même si ces données sont trop peu fréquentes, et donc non analysables, elles sont tout de même intéressantes à titre individuelles. Le Défilé est également un site de haute importance pour la Buse variable. Seul le Défilé de l'Écluse recense autant de Buses migratrices en France, montrant un autre enjeu de haute importance. Même si les fuites d'hiver se passent généralement en Hors Protocole (après le 18 novembre), de gros mouvements peuvent tout de même être observés dès fin septembre/début octobre.

La saison 2025 se situe dans la moyenne haute pour le cumulé des rapaces. En effet, 50 172 rapaces comptés cette année. Et pour cause, globalement de bonnes conditions aux périodes clés pendant le pic de passage d’un bon nombre d'espèces. Les trois espèces principales sont bien évidemment le Milan noir, le Milan royal ainsi que la Buse variable. En cumulé, cela représente 81,75 % du passage migratoire de tous les rapaces réunis. En rajoutant la Bondrée apivore, on monte à 90,54 % des effectifs généraux."
2025,results,highlights,"Elanion Blanc (Eleanus caruleus) : 1 seul Elanion blanc passera le 26 août. L'espèce en expansion est contactée de plus en plus régulièrement sur les sites de suivi de la migration. L'espèce connait une croissance continue de ses effectifs nicheurs en France. Les observations sont désormais annuelles en migration sur le site du Défilé de l'Ecluse. Ilest probable que l’élanion soit de plus en plus fréquent à l'avenir sur le site et en Suisse.

Cette saison a été marquée par le passage de nombreuses espèces avec parfois des groupes de taille considérable volant au-dessus du Défilé de l'Écluse !

Commençons avec les anatidés qui ont été bien représentés cette année avec 206 individus passés en migration. Au total, 13 Canards souchets, 60 Canards siffleurs, 56 Canards pilets, 70 anatidés non déterminés et 7 Tadornes de Belon passeront à partir de fin septembre jusqu'à la fin de la saison. 2 Fuligules milouins ont été aperçus se posant sur le bord du Rhône, en face du site de suivi de la migration.

De nombreux limicoles ont profité des ouvertures entre les averses pour passer en migration. Les précipitions permettent aux limicoles de trouver de la nourriture sur leur route migratoire dans les champs ou les prairies inondées. Ils peuvent donc effectuer de nombreuses haltes dans des sites divers sans être contraints de devoir trouver un plan d'eau. Dans l'ensemble, 9 espèces ont pu être déterminées, et 339 limicoles dénombrés. Parmi eux, le Courlis corlieu aura été récurrent au mois de juillet et en août avec 156 individus en migration, un record. Un grand groupe de 53 Courlis corlieux passera le 19 août. 1 Barge rousse, espèce contactée seulement à trois reprises sur le site volera sur le mont du Vuache le 14 septembre. Une jolie bande de 13 Chevaliers sylvains nous passera au-dessus de la tête durant la matinée du 29 août.

Du côté des laridés, 235 Goélands leucophées et 1 512 Mouettes Rieuses auront bien animé le spot dès le début du suivi en juillet et en fin de saison avec l'arrivée des vagues de froid, périodes habituelles de passage pour ces deux espèces. On notera ün creux de passage en août et en septembre pour ces deux espèces. 15 mouettes mélanocéphales passeront entre la mi-juillet et début septembre.

En ce qui concerne les observations atypiques, 11 Sternes caspiennes nous feront l'honneur de passer, un nombre relativement élevé pour la saison ! Pour le plus grand plaisir des observateurs, 8 Goélands bruns passeront seuls où en compagnie des Goélands leucophées. Aussi, un jeune Goéland cendré passera dans un groupe de Mouettes rieuses, espèce peu commune sur le site contactée à 6 reprises depuis le début du suivi sur le site dans les années 60 avec 18 individus dénombrés.

Les passereaux seront passés en bon nombre cette année ! Contrairement à la majorité des sites de migration, l'usage des jumelles est permis pour la détection des passereaux. Une quantité importante d'espèces et d'individus a pu être déterminée et comptabilisée. À partir de fin août, lors de l'intensification du passage des Hirondelles, le vent a tourné et soufflait en provenance du Sud et est resté stable jusqu'à début octobre. A l'automne, le vent de Sud permet aux observateurs de comptabiliser une quantité importante de passereaux qui se voient obligés de baisser l'altitude de vol pour se protéger du vent. En premier lieu, 166 004 Hirondelles de fenêtres seront passées tantôt en groupes, tantôt en flux continus, un record pour le site. Cette année, de nombreuses hirondelles ont pu être déterminées, cela fera donc grossir les effectifs pour les deux espèces. La journée du 24 septembre aura vu passer 39 297 Hirondelles de fenêtre, un record pour le site. Lorsque le passage des rapaces devenait plus soutenu, nous étions obligés de nous concentrer sur les Bondrées et Milans et donc de laisser passer les flux de passereaux sans les dénombrer. Il y a donc un nombre non négligeable d'individus qui n'a pas pu être vu, identifié ou dénombré. Les Hirondelles rustiques ne sont pas en reste avec 50 960 individus détectés, un record pour le site. Le pic de passage aura lieu le 10 septembre avec 14 746 migrateurs comptés, soit le second record pour le site.

Ce sera également une belle saison pour le Martinet à ventre blanc avec 368 individus pour une moyenne de 86 annuels pour ces dix dernières années. De même pour le Martinet noir avec 38 873 individus de passage, avec une moyenne de 22 734 annuels depuis 2016.

Toujours chez les migrateurs transsahariens, 3 135 Bergeronnettes printanières et 531 Pipits des arbres passeront en migration. Le site est habitué à voir passer en moyenne 908 Bergeronnettes printanières et 170 Pipits des arbres par an depuis ces dix dernières années. Dans les observations peu communes, 7 Gobemouches noirs sont passés en migration active ce qui est peu commun chez cette espèce habituée à migrer de nuit et se déplacer en migration rampante la journée. En effet, le Gobemouche est rarement contacté en migration au Défilé de l'Écluse.

Du côté des passereaux hivernant en Europe de l'Ouest et en Afrique du Nord, on peut évoquer la Linotte mélodieuse qui a été régulièrement observée sur le site. Effectivement, 3 154 Linottes sont passées en migration pour une moyenne annuelle de 836 individus sur ces 10 dernières années. Ce fut aussi une belle saison pour l'Alouette des champs avec 8 056 migrateurs de passage pour une moyenne de 4 987 individus sur ces 10 dernières années. Ce sera aussi une belle année pour les Bruants avec de beaux effectifs : 37 Bruants proyers (6/an en moyenne), 24 Bruants ortolans (3/an en moyenne), 29 Bruants zizis (3/an en moyenne), 1 Bruant fou (moins d'un par an en moyenne) et 644 Bruants des roseaux (213/an en moyenne).

Venons-en aux raretés avec les espèces peu communes pour le site. Grosse surprise avec la venue d'un groupe de 40 Flamands roses qui remonteront au Nord le 4 septembre, une première pour le site. Ils seront vus le soir même au Nord-Est du Lac Léman vers Montreux. Des données occasionnelles de Flamands ont déjà été reportées en Suisse. Une autre première pour le site et pour la France en migration active sera l'observation d'une Buse féroce de passage en compagnie d'un Milan noir le 25 août. D'autres espèces atypiques tels que le Cormoran pygmée, les 3 lbis chauves, le Bihoreau gris où encore ces 20 Ibis falcinelles marqueront les esprits !

En bref, une année très diversifiée, avec de nombreux records journaliers. La détection et le comptage des passereaux était grandement effectuée par les 2 salariés permanents. Sauf quand trop de rapaces passaient, étant donné que c'est la priorité du site, nous ne comptions les passereaux que lorsque nous avions le temps."
2025,results,discussion,"Le bon déroulement du suivi en 2025 s'est fait grâce au soutien de 143 observateurs bénévoles. Cela a permis le comptage de 996 000 oiseaux migrateurs dont 50 172 rapaces et 945 807 autres oiseaux sur la période du 18 juillet au 18 novembre 2025.

Nous avons pu constater que les proportions de rapaces sont dans une période de changement. Les effectifs de Milans royaux continuent d'augmenter encore et encore, la Buse variable ne descend plus autant, les conditions météorologiques douces lui permettent de rester plus au Nord. Le Milan noir et la bondrée apivore sont sujets à des fortes variations interannuelles même si la situation semble préoccupante pour la seconde.

Les très beaux effectifs de Pigeons ont fait leur grand retour au défilé de l'Ecluse, cela n'était pas arrivé depuis près de 30 ans, mais ne pas oublier que l'année 2024 fut déjà très prolifique.

La Grande aigrette, le Héron cendré et le Grand cormoran ont démontré une fois encore l'intérêt du site dans leur étude. Nous encourageons l'effort d'observation ciblé sur ces espèces pour les saisons futures.

Pour finir, la LPO AURA délégation Haute-Savoie tient une nouvelle fois à remercier très chaleureusement les partenaires financiers que sont la Station Ornithologique Suisse de Sempach et le Groupe Ornithologique du Bassin Genevois sans lesquels ce suivi ne pourrait se maintenir."
2025,outreach,activities,"L'intérêt du suivi de la migration réside également dans la convivialité qu'il entraîne. Ce contexte permet à de nombreuses personnes de découvrir, progresser ou encore simplement de profiter du spectacle. Les discussions enrichissantes autour du phénomène ne peuvent rendre que plus riches ces expériences de comptage.

Dans ce but, une journée d'ouverture de spot a été organisée le dimanche 21 juillet. Les adhérents et bénévoles mais également les membres du GOBG, ont pu découvrir ou redécouvrir le site.

La formation LPO 74, emmenée par Thibault Goutin, a effectué 3 sorties sur le spot du défilé de l'Ecluse. Même si la météo n'était pas toujours favorable, une superbe ambiance pédagogique s'est ressentie sur spot, témoignant de ce dévouement certain pour l'apprentissage et la protection des oiseaux.

Malheureusement, l'évènement annuel « Eurobirdwatch - Journées Européennes de la Migration » s'est déroulé durant un dimanche pluvieux. Une trentaine de courageux(ses) sont tout de même venus ! Heureusement, quelques rapaces migrateurs sont tout de même passés.

En dehors de ces journées organisées, un nombre important d'observateurs sont passés sur spot tout au long de la période (143 bénévoles recensés cette saison). Présents du lever au coucher du soleil, les salariés et bénévoles ont pu les accueillir spontanément.

Nous rappelons qu'une page existe sur le site de la LPO Auvergne-Rhône-Alpes. Elle permet d'orienter les personnes souhaitant s'investir ou en apprendre plus sur cette opération."
2025,species,avibase-BAC4CA22,"Un individu observé le 3 novembre. Certains migrateurs passant habituellement en Europe de l'Est, certains peuvent s'égarer dans la région, même si peu habituels."
2025,species,avibase-2A16982E,"2 individus ont été contactés respectivement le 24 septembre et le 2 octobre. L'identification étant complexe, surtout lorsque l'observation n'est pas toute proche. De plus, il y a aussi des cas d'hybridation entre les deux espèces, rendant la tâche d'autant plus ardue..."
2025,species,avibase-5F8E7CA8,"Un seul Aigle royal contacté dans un flux de Buses variables et Milans royaux le 18 novembre. La détermination d'un individu migrateur n'est vraiment pas aisée. Seulement, cet individu migrateur (un subadulte) a été repéré de loin, et dans un flux. Longtemps suivi, il est parti plein Sud avec les autres migrateurs. De plus, le couple local a été observé quelques minutes avant juste au-dessus du sommet, renforçant notre argumentation pour un individu migrateur."
2025,species,avibase-95DD1855,"8 Autours des palombes passeront entre le 18 septembre et le 13 octobre. Les individus sont comptabilisés dans les flux en compagnie d'autres rapaces uniquement, car des individus locaux sont régulièrement observés."
2025,species,avibase-1327AC55,"Le Balbuzard pêcheur, lui qui laisse admiratifs tant d'ornithologues, n’a pas de réel couloir de migration, tout du moins en France. Cette saison au Défilé, nous n'avons pas observé de zones de passage de préférence pour l'espèce, mais plutôt n'importe où dans la sphère. Son fort vol battu lui permet de passer n'importe où, à n'importe quelle heure, et sous n'importe quelle météo. De ces faits, une étude sur cette espèce en migration n'est pas des plus aisées.

La grosse période de passage du Balbuzard s'étend de fin août jusqu'en fin septembre. Mais cette année, un individu bien précoce sera passé le 20 juillet. Cette année, à partir de la mi-août, de plus en plus d'individus sont contactés. De fin-août à la mi-septembre, le passage s'intensifie davantage. Le pic de passage est observé le 27 septembre, avec 15 individus. Fait étonnant : après cette super journée, seuls quelques rares Balbuzards seront contactés. Même le 28 septembre, 1 seul individu comptabilisé, alors que les autres rapaces passent en nombre. Après un grand vide de passage, un Balbuzard sera tout de même identifié le 17 novembre. Des données tardives comme celles-là arrivent assez régulièrement, même si toujours étonnantes au vu de la phénologie.

Même si autour des années 2010, le Défilé de l'Ecluse recensait davantage d'individus, les populations de l'espèce n'ont pas l’air de se porter mal. On remarque même de plus en plus de Balbuzards pêcheurs nicheurs au sein de l'Hexagone (très certainement dû à la protection accrue des rapaces ces dernières décennies), même si de nombreuses menaces pèsent encore sur l'espèce (braconnage, perte d'habitats etc...)"
2025,species,avibase-ED5A7E8F,"Cette année, la Bondrée apivore est dans la moyenne haute des 10 dernières années. Le pic de passage condensé de l'espèce (environ 10 jours) entre fin août et début septembre oblige de bonnes conditions climatiques sur cette période clé pour un bon comptage. Le passage est tout de même moindre que lors des comptages des années 2 000 et début des années 2 010. Mais cela faisait 3 ans que le total saisonnier n'avait pas dépassé les 4 000 individus. Nous n'avons pas eu de météo défavorable durant la période de passage de l'espèce, permettant un dénombrement plus précis. On remarque un passage intéressant « légèrement précoce » le 22 août (187 individus) ainsi que le 23 août (228 individus). Ces 2 journées sans vent ont dû voir les rapaces passer très haut dans le ciel, car la plupart des bondrées (et autres rapaces migrateurs) sont surtout passées en fin d'après-midi et début de soirée. Du 24 au 29 août, on retrouve une météo plus complexe : très peu de vent, Une nébulosité présente mais haute, et Une température élevée, peuvent expliquer le très faible passage de l'espèce. Cependant, le 30 août (record journalier de la saison 2 025) offre un beau spectacle. Un vent de Sud-Est plus prononcé (poussant les rapaces à voler plus bas), une nébulosité basse bien présente et une température moins élevée (max. 19 degrés à l'ombre) permettent de comptabiliser 1014 Bondrées apivores. Peu étonnant au vu de la météo, et surtout de la date. Du 31 août au 7 septembre, on notera Un passage de l'espèce plus homogène. Une météo à tendance Sud, nébulosité basse, températures douces, plus quelques averses. 2 journées sortent légèrement avec respectivement 544 Bondrées le 2 septembre ou alors 613 Bondrées le 5 septembre.

On remarquera (comme sur tous les spots à rapaces) une tendance de passage plus précoce pour les femelles adultes, plus présentes la dernière semaine d'août. Quant à eux, les Bondrées mâles adultes entament doucement le passage fin août. Avec un passage très marqué tout début septembre. Les 1ères années, comme toujours, sont les plus tardives. Avec un passage marqué tout au long du mois de septembre. On remarque que les jeunes Bondrées ne passent pas énormément au Défilé de l'Ecluse, sûrement un passage très épars, dû à leur inexpérience."
2025,species,avibase-F558C7F9,"24 individus passeront entre le 31 août et le 18 novembre. La majorité des individus étant passés de fin octobre à début novembre. Sans oublier que le 18 novembre, ce seront 7 individus (7 types femelles) qui passeront en migration. Il ne faut pas oublier que la migration des Busards Saint-Martin a drastiquement baissé par rapport aux comptages effectués durant les dernières décennies. À voir comment évolue le passage dans les prochaines années, mais une baisse des effectifs saisonniers va sans doute être constatée..."
2025,species,avibase-63B6412E,"9 Busards cendrés voleront au-dessus de nos têtes entre le 9 août et le 6 septembre. L'effectif reste dans les moyennes saisonnières des 10 années. Pourtant, l'espèce se porte très mal au niveau Européen, malgré de nombreuses actions menées pour sa sauvegarde. Tout comme le Busard Saint-Martin, il faut s'attendre à voir les effectifs saisonniers (déjà bien réduits) réduire petit à petit..."
2025,species,avibase-E2A19474,"L'année 2025 montre sans équivoque une année marquante pour le Busard des roseaux. En effet, cette année, le cap de la moyenne des 10 dernières années a été largement dépassé. Le comptage de cette saison ressemble plutôt aux bonnes saisons des années 90 et autour des années 2010. Il se trouve même que cette année est le 2°""e record saisonnier pour l'espèce ! Comme quoi, il est encore possible d'avoir de gros comptages de cette espèce. De plus, beaucoup de Busards des roseaux (non vus sur spot) sont passés. On nous a rapporté le passage fréquent (hebdomadaire voire journalier) d'individus longeant le Rhône, trop bas pour être vus depuis le spot. Plus que les dernières années selon certains dires. La raison ? Peut-être le vent de Sud très présent durant le mois de septembre, forçant les rapaces à voler très bas. De plus, la zone de l'Etournel est une zone prolifique pour la halte de cette espèce (même quelques heures pour chasser dans les roselières).

Le premier Busard des roseaux de la saison est passé le 10 août. Mais des individus plus précoces ont pu être observés les précédentes années. Parfois dès la fin juillet. Un passage quasi quotidien s'est mis en place dès la dernière semaine d'août. Pour un premier gros pic saisonnier entre le 2 et le 10 septembre. Entre le 10 et le 20 septembre, une grosse accalmie se met en place, même si la vingtaine d'individus journaliers se montrent une fois ou deux. Puis, alors qu'on pensait en voir passer de moins en moins, le 2è%% gros pic saisonnier se mit en place (plus important que le 1) autour du 20 septembre jusqu'à la fin du mois. En effet, sur ce laps de temps, 338 Busards des roseaux seront passés, accompagnant souvent les flux de Buses variables et de Milans royaux.

Le bilan de cette saison laisse espérer de voir encore de belles saisons de comptage pour les années à venir. Même si les belles saisons de comptage comme l’année 2025 se font peu courantes, on espère observer une tendance positive pour les années qui arrivent."
2025,species,avibase-22647E26,"A contrario des autres Busards, le Busard pâle a atteint un nombre exceptionnel de 11 busards pâles cette année entre le 8 septembre et le 16 octobre. L'espèce est de plus en plus présente en France dû à l'occidentalisation des individus. Il s'agit d'un record saisonnier pour le site. À noter que de nombreux individus ont été observés en Suisse ce mois de septembre (données consultables sur ornitho.ch). En effet, un gros afflux a été constaté. Il faut aussi savoir que certains individus sont passés non loin du spot, mais volaient trop bas pour être vus (plusieurs données émises aux Grands Prés)."
2025,species,avibase-CC65921F,1 individu identifié le 25 août accompagnant un Milan noir. Première donnée en migration active pour le site et également la première donnée en migration active sur un spot de migration active en France. De rares individus peuvent être observés en halte au cours de l'hiver ou en automne en France et en Suisse.
2025,species,avibase-3C0C325D,"Le Défilé de l'Écluse étant très bien positionné sur l'axe migratoire de la Buse variable, il s'agit du meilleur site pour observer la migration de cette espèce en Europe occidentale. Les populations hivernent généralement en France, particulièrement au Nord des Pyrénées. Une très faible minorité d'individus passeront la frontière espagnole. Le passage s'étale généralement de la mi-septembre jusqu'à fin novembre. La particularité de la Buse variable est évidemment sa facilité à migrer dès qu'un gros coup de froid s'installe (fuites hivernales), créant de gros gels et de la neige. On notera que les plus gros comptages effectués sur le site sont lors de grosses vagues de froid (comme en décembre 2012), faisant migrer un grand nombre de Buses hivernantes d'Allemagne et de Suisse.

Cet automne, ce ne sont pas moins de 12 913 Buses variables qui franchiront le Défilé de l'Écluse. Quelques données précoces seront notées cette année, dès la fin juillet, dans des flux de Milans noirs ou de Bondrées apivores. Le passage se lancera doucement à la mi-septembre. Mais il faudra attendre le 24 septembre pour voir arriver une plus grande partie du flux, avec 191 buses comptabilisées ce jour. Après le blocage météo du 26 septembre, un premier pic de passage se montrera avec 4134 buses de passage entre le 27 septembre et le 03 octobre (dont 906 le 29 septembre et 1118 le 2 octobre). Le flux restera relativement stable jusqu'au blocage météo (pluies et vent de Sud persistant) du 19 au 27 octobre. On pourra noter un regain entre le 29 octobre et le 10 novembre. Ensuite les effectifs baisseront progressivement, jusqu'à la recrudescence du 18 novembre avec 567 migrateurs comptés ce jour.

Même si les Buses variables passent en grand nombre chaque année au Défilé de l'Ecluse, une étude poussée n'est point des plus évidentes. En effet, par la grande variabilité des effectifs migrateurs d'une année sur l'autre (via les fuites d'hiver), les données sont assez aléatoires d'une année sur l’autre. À noter que les populations de Buses se portent bien en Europe. Comme un grand nombre d'espèces de rapaces, ces dernières se portent bien mieux que les populations des années 70. On verra si les Buses migrent de moins en moins avec le réchauffement climatique dans les prochaines années. Mais ce phénomène est à prévoir..."
2025,species,avibase-28825494,"La Cigogne blanche est un migrateur attendu chaque année par de nombreux bénévoles. L'espèce se porte bien, effectivement les populations sont en nette augmentation sur tous les sites de suivi de migration. Cette espèce est particulièrement dépendante de la formation d'ascendants thermiques. C'est donc les journées de ciel bleu, avec peu de couverture nuageuse basse et par vent calme que l'on voit passer le plus gros des effectifs. Une trentaine de cigognes balisées passeront au-dessus de nos têtes au fil de la saison, principalement en provenance d'Allemagne (souvent du Sud de l'Allemagne), de Suisse, d'Autriche et du Liechtenstein.

Cette année ce ne sont pas moins de 7 749 Cigognes blanches qui passeront par le Défilé de l'Écluse, soit une année plus qu'exceptionnelle pour le site (ancien record saisonnier s'élevant à 5 648, soit un peu plus de 2000 de différence!). Le passage se lance réellement à partir du 9 août et se poursuivra jusqu'à fin septembre. Un pic saisonnier se démarque entre le 31 août et le 09 septembre avec 2 990 Cigognes comptabilisées sur cette période. Quatre journées sortent du lot sur cette période de dix jours. 730 Cigognes passeront le 2 septembre (2è"" record journalier), et 614 Cigognes le 7 septembre. Les effectifs diminueront progressivement à partir de la dernière décade du mois de septembre. 339 Cigognes passeront en migration au mois d'octobre et seulement 6 en novembre.

Les fortes brumes de chaleur, ajoutées à la faible nébulosité, font que la détection des Cigognes blanches pendant le pic de passage de l'espèce n'est vraiment pas aisée. Même si quelques groupes passent à la trappe, seuls quelques groupes ne sont pas détectés. Et d'année en année, avec le biais humain, l'évolution du suivi reste stable. Quant à l'évolution de l'espèce, il est sûr que de plus grosses saisons que cette année sont à prévoir."
2025,species,avibase-E2817DAE,"Contrairement à la Cigogne blanche, la Cigogne noire migre généralement en solitaire, en petits groupes ou dans les importants flux de rapaces. Aussi, elle est beaucoup moins dépendante des ascendants thermiques, ses ailes sont plus minces lui offrant moins de portance mais aussi moins de résistance à l'air en cas de vol battu. Cigognes noires et blanches forment généralement des groupes mono-spécifiques. Seuls deux groupes de Cigognes blanches étaient accompagnées par des Cigognes noires cette saison. En Europe, les populations de Cigognes noires sont en augmentation. Pourtant, après Une augmentation des effectifs de 2007 à 2017 le nombre d'individus passant par le Défilé de l'Écluse a légèrement baissé. Ces migratrices partent hiverner en Afrique de l'Ouest, certaines resteront en Espagne où en Afrique du Nord. Le passage s'étale de juillet à octobre avec un pic de fin août jusqu'à la fin du mois de septembre.

Ce sont 137 cigognes noires qui seront passées par le Défilé cette année, un peu au-dessus des moyennes saisonnières. Le passage aura été très précoce. Dès le mois de juillet, un passage régulier aura lieu du 23 juillet au 6 août avec 54 cigognes observées, dont 22 jeunes, 1 adulte et 31 non âgées. En effet les jeunes Cigognes noires seront passées en force ce début de saison, faisant gonfler les chiffres saisonniers. Le reste du mois d'août sera plus calme avec 34 cigognes passées en migration. Un regain se fera sentir en septembre avec 66 individus comptés sur cette période. Dont un léger pic de passage qui aura lieu lors de la dernière décade de septembre. Seulement 6 individus passeront au mois d'octobre, et une Cigogne noire bien retardataire se montrera tardivement le 13 novembre."
2025,species,avibase-8372FFBA,"20 circaètes sont notés en migration entre le 17 août et le 29 septembre, ce qui constitue un record saisonnier. Le 29 septembre, 7 individus sont comptabilisés pendant un passage soutenu de Milans royaux et de Buses variables. Un « groupe » de 6 individus est noté cette même journée ! Cette donnée doit vraiment retenir l'attention, car de tels groupes n'ont jamais été observés (même en Suisse). En bref, une donnée presque aussi marquante que les 3 000 rapaces de cette folle journée !"
2025,species,avibase-2DAB45B8,"Il s'agit de la seconde meilleure saison en termes d'effectif saisonnier pour ce site après l'année 2012 comptabilisant 1548 individus. Effectivement, cette année, 1376 faucons crécerelles passeront au cours de la saison. Les premiers migrateurs fileront vers le Sud dès le mois d'août (15 individus sur ce mois). Nous aurons pu profiter d'une légère vague bien précoce avec 63 crécerelles passés entre le 8 et le 10 septembre. Cependant, c'est à la mi-septembre que le passage se lance réellement. En effet à partir du 16 septembre, le passage est devenu assez régulier jusqu'au 18 octobre. Le 23 septembre (201 individus) et le 24 septembre (209 individus) seront marqués par un passage en force de l'espèce. Dès le 19 octobre, le passage se calme, 45 individus passeront entre cette date et le 31 octobre.

Tout comme l'Epervier d'Europe, le Faucon crécerelle n'est pas évident à détecter. Heureusement, lors des 2 journées de fort passage (respectivement le 23 et 24 septembre), la forte nébulosité basse nous a bien aidé pour la détection des individus. De plus, il y avait un vent de Sud bien marqué lors du 23 septembre, forçant de nombreux individus à passer très bas. Il y a même eu un moment où de nombreux faucons crécerelles arrivaient du Rhône, s'arrêtaient quelques secondes chasser (dans la prairie juste devant nous), puis repartaient plein Sud. Il y a eu jusque 8 faucons crécerelles en chasse en simultané juste devant nous!

A noter que cette journée nous a permis de détailler un bien plus grand nombre d'individus qu'à l'accoutumée.

Même si de telles saisons pour l'espèce ne sont que trop rarement enregistrées, il est toujours possible d'avoir de belles surprises dans les prochaines années."
2025,species,avibase-E91E287A,"Le Faucon hobereau niche dans tout le paléarctique (de l'Europe à l'Asie de l'Est) et hiverne en Afrique subsaharienne. Cette espèce essentiellement insectivore retourne sur ses terres d'hivernage entre août et octobre avec un pic marqué au cours de la seconde quinzaine de septembre. Après avoir connu un déclin dans les années 60 suite à l'utilisation de pesticides tels que le DDT, les populations se sont progressivement rétablies depuis les années 80.

Cette année, nous auront l'honneur d'assister au record saisonnier du site, soit 107 individus. Durant le mois de septembre, les vents de secteur Sud nous auront permis de détecter de nombreux migrateurs, volant un peu plus bas pour se protéger du vent. Les premiers hobereaux sont timidement arrivés durant la dernière décade d'août. À partir du 7 septembre nous assisterons à un passage quotidien jusqu'au 1 octobre. Les journées du 23 et du 24 septembre sont bien intéressantes avec 18 individus comptés sur ces deux journées, malgré le vent défavorable oscillant de secteur NO à SSO. C'est le 27 septembre, lors d'une journée très diversifiée, que le record journalier de la saison s'est démarqué avec 13 individus. Finalement, le flux se calmera assez soudainement dès le 28 septembre pour laisser place aux derniers venus. Seuls 7 individus seront comptabilisés entre le 1° et le 19 octobre (dernier de la saison).

Dans l'ensemble, les effectifs saisonniers sont relativement stables malgré une baisse marquée du passage depuis 2019. En effet, entre 2019 et 2024 Une moyenne de 22 hobereaux par saison seront comptés. Après cette saison 2025, nous verrons comment évolue le passage de l'espèce. Même si la barre des 100 individus ne devrait pas se voir reproduire souvent..."
2025,species,avibase-997A9437,"4 Faucons kobez seront passés entre le 10 septembre et le 15 octobre. Il s'agit d'un record saisonnier pour le site. Tout comme le Busard pâle, de nombreuses observations de Faucons kobez étaient régulières en Suisse sur le site internet ornitho.ch. C'est la première fois que plus de deux Faucons kobez sont vus lors d'une saison."
2025,species,avibase-47E58408,"5 Faucons pèlerins sont passés en migration dans des flux en compagnie d'autres rapaces entre le 27 septembre et le 18 novembre. A noter qu'un individu envoyé en migration active n'était pas dans un flux. Mais c'était un individu très caractéristique, ne ressemblant pas aux pèlerins locaux. De plus, au vu de sa couleur très blanchâtre, un individu ssp. Caudatus est des plus probables. Des individus au comportement local sont régulièrement observés au Défilé de l'Écluse, donc la détermination d'un individu migrateur n'est pas toujours évidente."
2025,species,avibase-F3DA111C,"38 Faucons émerillons ont été observés entre le 24 septembre et le 17 novembre. Les populations connaissent une baisse de leurs effectifs, et cela va de pair avec les effectifs saisonniers comptabilisés sur le site."
2025,species,avibase-3DF5C587,"Le Défilé de l'Écluse est le meilleur site d'Europe occidentale pour l'observation du Grand cormoran en migration active. Les populations se portent bien et l'espèce voit ses effectifs augmenter. Les individus passant par le Défilé de l'Écluse vont hiverner en France et sur le pourtour méditerranéen pour la plupart d'entre eux. La période de migration s'étend de juillet jusqu'au mois de novembre, avec un passage plus animé durant le mois de septembre et d'octobre.

Cette année, 21 277 Grands cormorans sont passés en migration. Il s’agit de la seconde meilleure saison. Le flux de Cormorans se lance timidement dès le début du suivi avec 81 individus passés au cours du mois de juillet. C'est en août que le passage devient Un peu plus intense avec 3 941 grands cormorans comptabilisés ce mois-ci. De nombreux individus passeront déjà en septembre. En effet, 6182 individus seront observés sur cette période. Un premier pic de passage arrivera le 6 septembre avec 807 Cormorans. Le passage continue en octobre avec 8 011 Grands cormorans de passage soit une légère augmentation en comparaison du mois de septembre. Le record journalier de la saison s'établit le 29 octobre avec 906 cormorans en migration. La seconde meilleure journée dans la saison sera le 15 octobre avec 820 individus dénombrés. En novembre, 3 062 Grands cormorans fileront en direction du Sud. Le passage se calme légèrement mais le flux reste régulier malgré 4 journées plus calmes du 5 au 9 novembre. Finalement il y aura eu peu de blocages pour l'espèce, qui n'aura pas hésité à voler malgré des vents de secteur Sud. On observe une légère intensification du passage en octobre, mais peu marquée avec un flux assez régulier tout au long de la saison.

Comme évoqué dans certains rapports des années précédentes, un protocole établi à partir du lever du soleil (à minima dès le 15 août) est fortement conseillé si l'on veut mieux connaître l’évolution du passage migratoire de cette espèce. Sans oublier que les gros passages de Grands cormorans se déroulent davantage juste après le lever du soleil. De plus, étant donné que le Défilé de l'Ecluse est le plus gros site de comptage de l'espèce en France (et en Europe occidentale), une attention toute particulière sur cette espèce peut être envisagée pour mieux connaître les populations hivernantes en France et en Espagne."
2025,species,avibase-49D9148A,"Le Défilé de l'Écluse est l'un des meilleurs sites au niveau national, et très bien placé pour observer les mouvements migratoires de l'espèce (via le linéaire du Rhône). Les populations sont en légère augmentation au fil des années. Le passage migratoire s'étend sur une longue période. Les premiers migrateurs arrivant dès le mois de juillet, et les derniers passant en novembre. Les Grandes aigrettes passent assez régulièrement avec les Hérons cendrés en groupes mixtes.

Cette année, 418 Grandes aigrettes passeront par le Défilé de l'Écluse. Les effectifs saisonniers sont en légère augmentation à mesure que les années passent. Il s'agit de la troisième meilleure saison après les 476 en 2024 et les 467 en 2019. 96 individus passeront en juillet et en août. Il faudra attendre le pic saisonnier à la mi-septembre pour voir une évolution du passage. En effet, 62 Grandes aigrettes passeront en migration le 21 septembre (pic de passage de l'espèce). Entre le 25 septembre et le 03 octobre, 88 individus seront comptabilisés. Ensuite le passage restera relativement régulier jusqu'à la fin de la saison, malgré un creux à la dernière décade d'octobre en raison d'un blocage pluvieux et de vent de Sud.

Suite à la hausse du réchauffement climatique, les populations de Grande aigrette augmentent d'année en année. De ce fait, les totaux saisonniers devraient augmenter les prochaines années."
2025,species,avibase-99B8841E,"La Grue cendrée annonce généralement la fin de la saison et l'arrivée du froid. Elles volent généralement en formation en ligne ou en V et passent en vol battu, laissant planer leurs ailes par intermittence. Le passage commence à partir de la seconde décade d'octobre et dure jusqu'à la mi-novembre, avec un pic fin octobre à début novembre. Les individus qui passent la vallée suisse proviennent essentiellement du Nord de l'Allemagne et de Scandinavie.

965 Grues cendrées passent au-dessus du site du suivi de migration, soit la sixième meilleure saison depuis le début du suivi au Défilé. Depuis 2010, on observe une augmentation des effectifs saisonniers, ce qui est également constaté sur d'autres sites de suivi de la migration. Les premiers vols de grues arriveront à partir du 19 octobre suite à des gelées ayant touché la Suède. On remarque deux journées qui sortent du lot. Respectivement 246 individus le 30 octobre, et 486 Grues le 7 novembre (record journalier de la saison).

Grosse spécificité de la saison 2025 : la grippe aviaire a fortement touché les populations occidentales hivernantes. La grippe aviaire peut toucher différentes espèces selon les années. Cette maladie peut facilement muter, donc se transmettre à de nouvelles espèces à tout moment. Au Défilé, nous avions observé le 6 novembre au soir un individu en très mauvais état (plumes abimées, bec grand ouvert), qui n'avait pas l'air de trop savoir où aller."
2025,species,avibase-6429024D,"Le Défilé de l'Écluse est le meilleur site d'Europe occidentale pour observer la migration du Héron cendré. La dynamique de population est assez stable. Globalement on constate au Défilé, mais également à l'échelle nationale, Une légère augmentation des populations. Cette espèce migre essentiellement de nuit, ce qui explique qu'elle soit observée le matin tôt, se posant souvent au bord du Rhône à l'Etournel. Le soir, une plus grosse reprise du passage se fait souvent ressentir avec des groupes décollant régulièrement des rives du Rhône. Cette année, le suivi du lever au coucher du soleil a débuté dès le début du suivi, soit le 18 juillet jusqu'à la fin de la saison. Ce paramètre a donc un impact sur la quantité de Hérons cendrés sur les totaux saisonniers. Cette année fut très prolifique pour cette espèce, avec 2 056 Hérons saisonniers (2 199 en comptant les Hors Protocoles). Le passage a déjà débuté dès notre arrivée en juillet avec 84 oiseaux passés ce mois-ci. Le 7 août, nous assistons à Un premier pic de passage (bien précoce au vu de la date), avec 71 individus (dont 69 juste le soir). En août, ce sont 453 Hérons cendrés qui passeront par le Défilé de l'Écluse, soit une moyenne de 14 individus par jour. Le passage sera régulier tout au long du mois. C'est en septembre que passe le gros des effectifs saisonniers pour l'espèce, 1554 Hérons seront comptés sur cette période. Ils seront obligés de passer avec un vent de secteur Sud la grande majorité du temps. Entre le Ter et le 7 septembre, 532 Hérons cendrés passeront, un flux se met en place avec 4 journées comptabilisant plus de 50 individus et 2 jours à plus de 100 migrateurs. La seconde meilleure journée de la saison aura lieu sur cette même période avec 180 Hérons dénombrés le 7 septembre. Entre le 11 et le 19 septembre, après la première belle vague de passage, un blocage se met en place. Des averses régulières bloqueront la progression des hérons. Ça se débloque à partir du 19 septembre jusqu'à la fin de la dernière décade de septembre. Le pic saisonnier aura lieu le 27 septembre avec 351 migrateurs dont plusieurs groupes de plus de 20 à 30 individus. Le mois d'octobre, quant à lui sera bien plus calme avec seulement 96 individus en migration active. Pour finir la saison, seulement 12 Hérons cendrés passeront en novembre.

Un suivi régulier du lever au coucher du soleil (à minima à partir de la mi-août) serait intéressant pour un suivi plus qualitatif au vu du fort passage du site. Cela pourrait permettre de mieux comprendre la dynamique de l'espèce dans les années à venir."
2025,species,avibase-06D9A2C8,"Après un déclin conséquent en Europe entre les années 70 à 90, le Milan noir reprend une évolution progressive devenant de moins en moins inquiétante. Certains pays occidentaux n'ont pas eu de chutes de populations de cette espèce, comme la France. Qui voit d'ailleurs, à contrario, ses populations augmenter d'année en année. Et les populations continuent d'augmenter. On remarque notamment que la population augmente toujours sur la dernière décade. En effet, au Col du Soulor (spot de migration qui condense le plus gros passage de l'espèce en France), on remarque une tendance des Milans noirs migrateurs qui augmente. On notera donc que l’augmentation des populations françaises et allemandes se porte toujours bien.

Cette année 2025 sera tout pile dans la moyenne des 10 dernières années, avec un total saisonnier de 9 046 individus et une moyenne de 9067.

Après un passage de l'espèce en douceur, mais tout de même présent en début de saison, on notera un premier gros passage de l'espèce le 29 juillet, avec 1436 Milans noirs comptés. Ce jour-là, les conditions étaient optimales : 2-3 journées de blocage précédent la journée, une forte nébulosité de Stratocumulus, et un vent de bise bien marqué tout au fil de la journée. La journée du 3 août marquera le record journalier de la saison, avec 1 494 individus comptés. Les conditions étaient légèrement similaires au 29 juillet : une nébulosité basse plus faible, pas de blocage (la veille avait vu passer 465 Milans noirs), mais une bise présente. Le lendemain, soit le 4 août, de « beaux restes » permettront de comptabiliser 1143 Milans. Ces 3 journées à plus de 1000 individus auront vu passer presque la moitié des effectifs annuels.

2442 Milans noirs auront été détaillés cette saison, soit 27 % des totaux saisonniers. 1786 >1 an ainsi que 656 1ères années. On notera que les 1ères années auront une tendance à passer plus tard en saison. Les jeunes ont en effet été bien plus présents que les >1an sur le mois de septembre. Cependant, un bon nombre de jeunes sont également passés en même temps que les >1an, pendant la grosse période de passage en fin juillet/début août.

On notera le passage bien en retard d’un individu, passé le 30 octobre dans un groupe de Milans royaux. Ces données tardives sont observées de temps à autre, mais tout de même peu courantes. Hors protocole (le 22 Novembre), nous avons détecté un autre individu, cette fois-ci très en retard.

Pour clôturer le débrief du Milan noir, nous avions l'envie de parler d'un phénomène peu noté auparavant : le passage migrateur de l'espèce tard voire très tard le soir. En effet, nous avons noté, à de nombreuses reprises, des Milans noirs en migration active moins d'une heure avant le coucher du soleil. Un cas, encore plus frappant, du passage de 52 Milans noirs (non notés car hors protocole) 15 minutes après le coucher de soleil! Ce passage nous avait vraiment intrigué, du fait de l'heure très tardive. Cependant, les chaudes journées d'été offrent un grand panel d'ascendants thermiques, nous avions alors dû observer des oiseaux pressés d'avancer au plus vite vers le Sud."
2025,species,avibase-451D6FC8,"Le Milan royal, est l'espèce phare du site avec 19 059 individus comptabilisés cette saison, ce qui est un record pour l'espèce au Défilé de l’Écluse. Le site est un enjeu majeur dans le suivi de l'évolution des populations de cette espèce en Europe. La grande majorité des migrateurs passant sur Chevrier provient d'Allemagne et part hiverner en Espagne et en France. Les flux migratoires sont renforcés par une la population nicheuse suisse. Les milans royaux ont connu une baisse d'effectif dans les années 90. Malgré tout, depuis 15-20 ans, les populations sont en forte augmentation.

Le passage migratoire s'étale généralement de mi-septembre jusqu'à fin novembre, avec un pic marqué sur la dernière décade de septembre et la première moitié du mois d'octobre. Quelques individus passant dans des flux de Milans noirs où de Bondrées apivores ont été contactés en août (voire toute fin juillet), soit 17 individus ce mois-ci. C'est à partir du 15 septembre que le flux commencera à se lancer sérieusement. Les effectifs grimpent jusqu'au blocage pluvieux du 26 septembre. Le 27 septembre un déblocage important concernant de nombreuses espèces permettra d'observer 788 Milans en migration active. Le vent de Suüd persistait depuis un mois déjà, et une légère bise est soudainement arrivée, ce qui a permis de voir de nombreux Milans royaux passer. Le passage restera intéressant jusqu'au 18 octobre, sur la période habituelle du pic de passage, malgré deux jours de blocage avec de forts vents de Sud les 4 et 5 octobre. Deux rushs auront lieu le 29 septembre avec 1987 Milans royaux ainsi que le 2 octobre avec 2136 milans. Du 19 au 27 octobre, le blocage pluvieux accompagné de forts vents de secteur Sud empêchera les milans de progresser. À partir du 28 octobre le passage reprend, avec une moyenne de 272 milans par jour qui passera jusqu'à la fin du suivi, le 18 novembre. À noter que 1080 milans royaux seront comptés le 18 novembre pour clôturer la saison. Le coup de froid (gel et neige dans certaines zones de Suisse et d'Allemagne) ajouté avec cette super bise (vent de Nord-Est) à 15 km/h de moyenne permettront de voir passer de nombreux individus après plusieurs jours de vent de Sud et de températures relativement douces. Notons qu'un très grand pourcentage de jeunes individus sont passés durant fin septembre à fin octobre. Avec un pic de jeunes individus très prononcé fin septembre. On pense donc qu'une très bonne reproduction de l'espèce a eu lieu cette année en Europe.

A voir comment évoluent les chiffres saisonniers du Milan royal dans les prochaines années, mais il ne serait pas étonnant que cette espèce continue à se développer, gonflant les populations."
2025,species,avibase-68E4C0D1,"Les effectifs sont en augmentation depuis 2022 sur le site du Défilé de l'Écluse. Cette croissance s’observe également sur l'ensemble de l'aire de répartition de l'espèce. Les Pigeons colombins passent habituellement en septembre et en octobre avec un pic marqué lors de la dernière décade de septembre à Chevrier, soit environ 10 jours plus tôt que sur la majorité des flux observés à l'échelle de la France. Les groupes de Pigeons colombins sont essentiellement mono-spécifiques jusqu'à l’arrivée des groupes de Pigeons ramiers. Les Pigeons colombins se mêlent aux groupes de ramiers une fois leur migration lancée.

Cette année, ce sont 8 838 Pigeons colombins qui sont passés sur le site, soit Un record pour le site et pour la France cette année. En août et début septembre, le passage avait souvent lieu en fin d'après-midi et début de soirée. Cependant, la dynamique horaire a évolué avec des groupes passant dans la matinée une fois la migration plus active lancée. Les premiers migrateurs ont été aperçus lors de la dernière décade du mois d'août et c'est à la mi-septembre que le flux a commencé à être régulier. Le record journalier du site a eu lieu le 27 septembre avec 1 766 Pigeons colombins observés, dont de nombreux groupes de plusieurs dizaines d'individus. Le plus grand groupe observé comptait 65 individus ce jour. 714 passeront le lendemain, puis 933 le 29 septembre. Le passage restera bien présent avec des nombres moins élevés, ne dépassant pas les 500 individus. I faudra attendre la mi-octobre pour voir les effectifs baisser tranquillement jusqu'à la fin de la saison.

Les trois dernières années de comptage ont également apporté un record saisonnier pour l'espèce, alors il faut s'attendre à voir de nouvelles belles dynamiques pour les années à venir."
2025,species,avibase-760F307A,"Le Pigeon ramier migre sur axe Nord-Est/Sud-Ouest sur un large front. Les Pigeons ramiers représentent une part importante de l'effectif saisonnier sur de nombreux spots en France. Le passage est assez bref, il dure de début octobre à début novembre avec un pic lors de la seconde décade d'octobre.

Cette année, le passage a été exceptionnel. En effet, 342 568 Pigeons ramiers (ainsi que 96 889 Pigeons indéterminés) sont passés sur le site, ce qui n'a pas été vu depuis les années 70. Les premiers passeront lors de la fin septembre, accompagnant parfois les groupes de Pigeons colombins. C'est le 1er octobre que se lance réellement le flux de pigeons. Une vague apparaît entre le 13 et le 18 octobre avec 237 651 pigeons. Sur ces 6 jours, 5 comptabiliseront plus de 20 000 pigeons. C'est sur cette même période que le pic saisonnier a eu lieu. Effectivement, 55 375 Pigeons ramiers passeront le 18 octobre, soit le 7ème record journalier pour l'espèce. Lors des 2èmes et 3èmes meilleurs jours, 50 587 pigeons passeront le 15 octobre et 46 638 le 14 octobre. Rapidement, un front pluvieux se met en place dès le 20 octobre. Les effectifs journaliers baissent de manière fulgurante. Du 21 au 26 octobre seulement 225 ramiers passeront au-dessus du Défilé de l'Écluse. Un léger regain se fera sentir du 26 au 31 octobre avec 36 701 Pigeons ramiers. Au cours du mois de novembre le passage sera anecdotique avec seulement quelques petits groupes.

Il est important de noter que les Pigeons sont saisis en ramiers lorsqu'ils sont bien identifiés à l'aide des jumelles où de la longue-vue et marqués en « Pigeons sp. » s'ils passent trop loin où en grandes formations trop compactes. Cela fait seulement depuis 2014 que des pigeons ont été « envoyés » en pigeon indéterminés. Il faut donc y prêter attention lors de l'observation et l'analyse des données. En effet, quelques Pigeons colombins passent régulièrement dans les groupes de ramiers.

Une évolution positive est observée depuis tout récemment au Défilé. A voir comment évolue le passage à l’avenir, en espérant qu'il se maintienne."
2025,species,avibase-5A3D91D3,"4 individus dont 2 non balisés entre le 27 septembre et le 18 octobre. Le programme de réintroduction sur le lac Léman permet d'observer de plus en plus régulièrement l'espèce dans la région. Malheureusement, il n'est pas toujours évident de savoir ce que font les Pygargues à queue blanche relâchés du lac Léman, surtout lorsque les observations sont lointaines."
2025,species,avibase-DB376A66,"Présent dans toute l'Europe, l'Epervier d'Europe voit ses populations augmenter d'année en année. Les migrateurs hivernent essentiellement en péninsule ibérique et parfois jusqu'en Afrique du Nord, même si certains individus restent en France durant l'hiver. L'Épervier d'Europe a généralement 2 pics de passage à l'automne : le premier début septembre, le deuxième autour de la mi-octobre. Au Défilé de l'Ecluse, seuls quelques individus sont captés pendant le premier pic de passage, alors que d'autres sites (comme Eyne ou le Roc de Conilhac par exemple) captent bien plus d'individus en début septembre. Peut-être que ces individus migrateurs passent davantage de manière éparse à cette période de l’année au Défilé ? Où alors passent-ils ailleurs ? Cependant, cette saison, nous avons détecté un nombre plus élevé d'Eperviers en début septembre par rapport aux saisons précédentes, même si ça n'est pas comparable aux comptages des spots méditerranéens et pyrénéens.

Cette année, on constate une énorme saison pour l'espèce. En effet, ce ne sont pas moins de 1969 éperviers qui seront passés, faisant de cette saison une saison ressemblant aux comptages des années 90 et autour des années 2010. Il s'agit même de la troisième meilleure saison. Les rapports précédents parlaient du fait que la barre des 1000 individus était encore atteignable : cette saison prouve ces propos. Cette fois, nous pouvons même dire que la barre des 2 000 individus est encore atteignable. 190 Eperviers passeront entre le 1er et le 15 septembre, avec une moyenne de 12 individus par jour. Une nouvelle vague de migrateurs va venir renforcer les chiffres à partir de la dernière décade de septembre et le flux se stabilisera jusqu'au blocage météo de la mi-octobre (pluie, brouillard etc...). Une belle reprise est constatée à partir du 28 octobre jusqu'au 7 novembre avec l'arrivée de nombreux migrateurs. Le record journalier pour cette saison se passera le 30 octobre avec 111 Eperviers comptés. Un autre gros pic se déroulera le 3 novembre avec 89 individus dénombrés. Le passage se calmera soudainement jusqu'à la fin du suivi avec des journées moins animées.

Même si cette saison sort des lambda des dernières années, il ne faut pas oublier que la détection de cette espèce (hors des flux de rapaces) n'est vraiment pas évidente. Cette saison, le fort taux de nébulosité de cet automne a bien aidé au repérage de cette espèce."
